model_name,file_path,conforms_to,persisted,codable,sendable,identifiable,storage_location_if_persisted,owner_service,used_by,important_fields,schema_or_migration_risk,relevant_docs,evidence_level,confidence,evidence_source,evidence_command_or_file,verification_notes
Configuration,OpenIntelligence/App/DebugRAGValidationHarness.swift,Sendable,No,No,Yes,No,,,,"query: String, inputURLs: [URL], storageDirectory: URL, outputDirectory: URL, qualityMode: RAGQualityMode?, shouldIngest: Bool, pccConsent: String?, benchmarkEntitlement: WorkspaceTier?",Low,,code_verified,high,OpenIntelligence/App/DebugRAGValidationHarness.swift,scan_codebase.py,Parsed model schema
MarkdownBlock,OpenIntelligence/Core/Extensions/MarkdownRenderer.swift,Identifiable,No,No,No,Yes,,,,id: String,Low,,code_verified,high,OpenIntelligence/Core/Extensions/MarkdownRenderer.swift,scan_codebase.py,Parsed model schema
ChatMessage,OpenIntelligence/Core/Models/ChatMessage.swift,"Identifiable, Codable, Sendable",Yes,Yes,Yes,Yes,SQLite / AppGroup Storage,,,"id: UUID, role: Role, content: String, timestamp: Date, metadata: ResponseMetadata?, retrievedChunks: [RetrievedChunk]?, structuredAnswer: StructuredAnswer?, containerId: UUID?, visualEvidence: VisualEvidenceSource?, traceQuery: String?",High,,code_verified,high,OpenIntelligence/Core/Models/ChatMessage.swift,scan_codebase.py,Parsed model schema
Role,OpenIntelligence/Core/Models/ChatMessage.swift,"String, Codable, Sendable",No,Yes,Yes,No,,,,,Low,,code_verified,high,OpenIntelligence/Core/Models/ChatMessage.swift,scan_codebase.py,Parsed model schema
CodingKeys,OpenIntelligence/Core/Models/ChatMessage.swift,"String, CodingKey",No,No,No,No,,,,,Low,,code_verified,high,OpenIntelligence/Core/Models/ChatMessage.swift,scan_codebase.py,Parsed model schema
CloudProvider,OpenIntelligence/Core/Models/CloudTransmission.swift,"String, Codable, CaseIterable, Sendable",No,Yes,Yes,No,,,,"displayName: String, shortName: String",Low,,code_verified,high,OpenIntelligence/Core/Models/CloudTransmission.swift,scan_codebase.py,Parsed model schema
CloudConsentState,OpenIntelligence/Core/Models/CloudTransmission.swift,"String, Codable, CaseIterable, Sendable",No,Yes,Yes,No,,,,displayName: String,Low,,code_verified,high,OpenIntelligence/Core/Models/CloudTransmission.swift,scan_codebase.py,Parsed model schema
CloudConsentDecision,OpenIntelligence/Core/Models/CloudTransmission.swift,Sendable,No,No,Yes,No,,,,,Low,,code_verified,high,OpenIntelligence/Core/Models/CloudTransmission.swift,scan_codebase.py,Parsed model schema
CloudTransmissionRecord,OpenIntelligence/Core/Models/CloudTransmission.swift,"Identifiable, Equatable, Sendable",No,No,Yes,Yes,,,,"id: UUID, provider: CloudProvider, modelName: String, timestamp: Date, promptPreview: String, promptCharacterCount: Int, contextChunkCount: Int, contextHashes: [String], estimatedBytes: Int",Low,,code_verified,high,OpenIntelligence/Core/Models/CloudTransmission.swift,scan_codebase.py,Parsed model schema
DocumentChunk,OpenIntelligence/Core/Models/DocumentChunk.swift,"Identifiable, Codable, Sendable",Yes,Yes,Yes,Yes,SQLite / AppGroup Storage,,,"id: UUID, documentId: UUID, content: String, parentContent: String?, contextualPrefix: String?, embedding: [Float], metadata: ChunkMetadata, text: String",Medium,,code_verified,high,OpenIntelligence/Core/Models/DocumentChunk.swift,scan_codebase.py,Parsed model schema
ChunkAbstractionLevel,OpenIntelligence/Core/Models/DocumentChunk.swift,"Int, Codable, Sendable, CaseIterable",No,Yes,Yes,No,,,,,Low,,code_verified,high,OpenIntelligence/Core/Models/DocumentChunk.swift,scan_codebase.py,Parsed model schema
DocumentSemanticCategory,OpenIntelligence/Core/Models/DocumentChunk.swift,"String, Codable, Sendable, CaseIterable",No,Yes,Yes,No,,,,isSpecificationHeavy: Bool,Low,,code_verified,high,OpenIntelligence/Core/Models/DocumentChunk.swift,scan_codebase.py,Parsed model schema
ChunkSemanticType,OpenIntelligence/Core/Models/DocumentChunk.swift,"String, Codable, Sendable, CaseIterable",No,Yes,Yes,No,,,,,Low,,code_verified,high,OpenIntelligence/Core/Models/DocumentChunk.swift,scan_codebase.py,Parsed model schema
ChunkMetadata,OpenIntelligence/Core/Models/DocumentChunk.swift,"Codable, Sendable",No,Yes,Yes,No,,,,"chunkIndex: Int, startPosition: Int, endPosition: Int, pageNumber: Int?, sectionTitle: String?, keywords: [String], semanticDensity: Float?, hasNumericData: Bool, hasListStructure: Bool, wordCount: Int",Low,,code_verified,high,OpenIntelligence/Core/Models/DocumentChunk.swift,scan_codebase.py,Parsed model schema
CodingKeys,OpenIntelligence/Core/Models/DocumentChunk.swift,"String, CodingKey",No,No,No,No,,,,,Low,,code_verified,high,OpenIntelligence/Core/Models/DocumentChunk.swift,scan_codebase.py,Parsed model schema
Document,OpenIntelligence/Core/Models/DocumentChunk.swift,"Identifiable, Codable, Equatable, Sendable",No,Yes,Yes,Yes,,,,"id: UUID, filename: String, legacyFileURL: URL?, storageRelativePath: String?, fileHash: String?, contentType: DocumentType, addedAt: Date, totalChunks: Int, processingMetadata: ProcessingMetadata?, containerId: UUID?",Low,,code_verified,high,OpenIntelligence/Core/Models/DocumentChunk.swift,scan_codebase.py,Parsed model schema
CodingKeys,OpenIntelligence/Core/Models/DocumentChunk.swift,"String, CodingKey",No,No,No,No,,,,,Low,,code_verified,high,OpenIntelligence/Core/Models/DocumentChunk.swift,scan_codebase.py,Parsed model schema
ProcessingMetadata,OpenIntelligence/Core/Models/DocumentChunk.swift,"Codable, Equatable, Sendable",No,Yes,Yes,No,,,,"fileSizeMB: Double, totalCharacters: Int, totalWords: Int, extractionTimeSeconds: Double, chunkingTimeSeconds: Double, embeddingTimeSeconds: Double, totalProcessingTimeSeconds: Double, pagesProcessed: Int?, ocrPagesCount: Int?, chunkStats: ChunkStatistics",Low,,code_verified,high,OpenIntelligence/Core/Models/DocumentChunk.swift,scan_codebase.py,Parsed model schema
ChunkStatistics,OpenIntelligence/Core/Models/DocumentChunk.swift,"Codable, Equatable, Sendable",No,Yes,Yes,No,,,,"averageChars: Int, minChars: Int, maxChars: Int",Low,,code_verified,high,OpenIntelligence/Core/Models/DocumentChunk.swift,scan_codebase.py,Parsed model schema
DocumentType,OpenIntelligence/Core/Models/DocumentChunk.swift,"String, Codable, Sendable",No,Yes,Yes,No,,,,,Low,,code_verified,high,OpenIntelligence/Core/Models/DocumentChunk.swift,scan_codebase.py,Parsed model schema
ProcessingSummary,OpenIntelligence/Core/Models/DocumentChunk.swift,Identifiable,No,No,No,Yes,,,,"id: , filename: String, fileSize: String, documentType: DocumentType, pageCount: Int?, ocrPagesUsed: Int?, totalChars: Int, totalWords: Int, chunksCreated: Int, extractionTime: Double",Low,,code_verified,high,OpenIntelligence/Core/Models/DocumentChunk.swift,scan_codebase.py,Parsed model schema
ChunkStatistics,OpenIntelligence/Core/Models/DocumentChunk.swift,,No,No,No,No,,,,"avgChars: Int, minChars: Int, maxChars: Int",Low,,code_verified,high,OpenIntelligence/Core/Models/DocumentChunk.swift,scan_codebase.py,Parsed model schema
EvidenceSource,OpenIntelligence/Core/Models/EvidenceSource.swift,"Codable, Sendable",No,Yes,Yes,No,,,,,Low,,code_verified,high,OpenIntelligence/Core/Models/EvidenceSource.swift,scan_codebase.py,Parsed model schema
IngestionStage,OpenIntelligence/Core/Models/IngestionItem.swift,"String, CaseIterable, Codable, Sendable",No,Yes,Yes,No,,,,"displayName: String, accumulatedWeight: ",Low,,code_verified,high,OpenIntelligence/Core/Models/IngestionItem.swift,scan_codebase.py,Parsed model schema
IngestionEvent,OpenIntelligence/Core/Models/IngestionItem.swift,"Identifiable, Codable, Sendable, Equatable",No,Yes,Yes,Yes,,,,"id: UUID, timestamp: Date, stage: IngestionStage, title: String, detail: String?",Low,,code_verified,high,OpenIntelligence/Core/Models/IngestionItem.swift,scan_codebase.py,Parsed model schema
PipelineMetrics,OpenIntelligence/Core/Models/IngestionItem.swift,"Codable, Sendable, Equatable",No,Yes,Yes,No,,,,"fileSizeMB: Double, totalCharacters: Int, totalWords: Int, pageCount: Int, ocrPagesCount: Int, usedStructuredParsing: Bool, structuredParsingQuality: Double, tablesExtracted: Int, tableRowsTotal: Int, tableColumnsMax: Int",Low,,code_verified,high,OpenIntelligence/Core/Models/IngestionItem.swift,scan_codebase.py,Parsed model schema
IngestionItem,OpenIntelligence/Core/Models/IngestionItem.swift,"Identifiable, Codable, Sendable, Equatable",No,Yes,Yes,Yes,,,,"id: UUID, legacyURL: URL?, storageRelativePath: String?, containerId: UUID?, documentHash: String?, leaseOwnerDeviceId: String?, leaseExpiresAt: Date?, lastLeaseHeartbeatAt: Date?, stage: IngestionStage, detail: String",Low,,code_verified,high,OpenIntelligence/Core/Models/IngestionItem.swift,scan_codebase.py,Parsed model schema
CodingKeys,OpenIntelligence/Core/Models/IngestionItem.swift,"String, CodingKey",No,No,No,No,,,,,Low,,code_verified,high,OpenIntelligence/Core/Models/IngestionItem.swift,scan_codebase.py,Parsed model schema
IngestionBatchResult,OpenIntelligence/Core/Models/IngestionItem.swift,Sendable,No,No,Yes,No,,,,"successCount: Int, failureCount: Int, totalCount: Int, completedIds: [UUID]",Low,,code_verified,high,OpenIntelligence/Core/Models/IngestionItem.swift,scan_codebase.py,Parsed model schema
IngestionRuntimeBridge,OpenIntelligence/Core/Models/IngestionRuntimeBridge.swift,,No,No,No,No,,,,"shared: , configureContinuedIngestionHandler: ConfigureContinuedIngestionHandler?, beginUserInitiatedIngestionHandler: BeginUserInitiatedIngestionHandler?, updateContinuedIngestionProgressHandler: UpdateProgressHandler?, completeUserInitiatedIngestionHandler: CompleteUserInitiatedIngestionHandler?, beginForegroundFallbackIngestionHandler: IngestionFallbackHandler?, endForegroundFallbackIngestionHandler: VoidHandler?, restoreLiveActivityHandler: VoidHandler?, syncLiveActivityHandler: LiveActivityItemsHandler?, finishLiveActivityHandler: LiveActivityItemsHandler?",Low,,code_verified,high,OpenIntelligence/Core/Models/IngestionRuntimeBridge.swift,scan_codebase.py,Parsed model schema
VectorDBKind,OpenIntelligence/Core/Models/KnowledgeContainer.swift,"String, Codable, CaseIterable, Sendable",No,Yes,Yes,No,,,,,Low,,code_verified,high,OpenIntelligence/Core/Models/KnowledgeContainer.swift,scan_codebase.py,Parsed model schema
LibrarySyncMode,OpenIntelligence/Core/Models/KnowledgeContainer.swift,"String, Codable, CaseIterable, Sendable",No,Yes,Yes,No,,,,"displayName: String, shortDescription: String",Low,,code_verified,high,OpenIntelligence/Core/Models/KnowledgeContainer.swift,scan_codebase.py,Parsed model schema
KnowledgeContainer,OpenIntelligence/Core/Models/KnowledgeContainer.swift,"Identifiable, Codable, Equatable, Sendable",No,Yes,Yes,Yes,,,,"id: UUID, name: String, icon: String, colorHex: String, createdAt: Date, description: String?, embeddingProviderId: String, embeddingDim: Int, vectorDBKind: VectorDBKind, autoAdaptDimension: Bool",Low,,code_verified,high,OpenIntelligence/Core/Models/KnowledgeContainer.swift,scan_codebase.py,Parsed model schema
CodingKeys,OpenIntelligence/Core/Models/KnowledgeContainer.swift,"String, CodingKey",No,No,No,No,,,,,Low,,code_verified,high,OpenIntelligence/Core/Models/KnowledgeContainer.swift,scan_codebase.py,Parsed model schema
RetrievalConfig,OpenIntelligence/Core/Models/KnowledgeContainer.swift,"Codable, Equatable, Sendable",No,Yes,Yes,No,,,,"minSimilarity: Float, vectorWeight: Float, lexicalWeight: Float, mmrLambda: Float, minConfidentChunks: Int, requireExplicitCitations: Bool, highAccuracy: , exploratory: , technicalManual: , summary: String",Low,,code_verified,high,OpenIntelligence/Core/Models/KnowledgeContainer.swift,scan_codebase.py,Parsed model schema
ChunkingDirective,OpenIntelligence/Core/Models/KnowledgeContainer.swift,"Codable, Equatable, Sendable",No,Yes,Yes,No,,,,"source: Source, strategy: String, targetWordWindow: Int, overlapWords: Int, rationale: [String], updatedAt: Date",Low,,code_verified,high,OpenIntelligence/Core/Models/KnowledgeContainer.swift,scan_codebase.py,Parsed model schema
Source,OpenIntelligence/Core/Models/KnowledgeContainer.swift,"String, Codable, Sendable",No,Yes,Yes,No,,,,,Low,,code_verified,high,OpenIntelligence/Core/Models/KnowledgeContainer.swift,scan_codebase.py,Parsed model schema
AppSupportPaths,OpenIntelligence/Core/Models/KnowledgeContainer.swift,,No,No,No,No,,,,,Low,,code_verified,high,OpenIntelligence/Core/Models/KnowledgeContainer.swift,scan_codebase.py,Parsed model schema
LLMModel,OpenIntelligence/Core/Models/LLMModel.swift,"Identifiable, Codable",No,Yes,No,Yes,,,,"id: UUID, name: String, modelType: ModelType, filePath: URL?, parameterCount: String, quantization: String?, contextLength: Int, contextDescription: String?, availabilityNote: String?, isAvailable: Bool",Low,,code_verified,high,OpenIntelligence/Core/Models/LLMModel.swift,scan_codebase.py,Parsed model schema
ModelType,OpenIntelligence/Core/Models/LLMModel.swift,"String, Codable",No,Yes,No,No,,,,,Low,,code_verified,high,OpenIntelligence/Core/Models/LLMModel.swift,scan_codebase.py,Parsed model schema
InferencePathway,OpenIntelligence/Core/Models/LLMModel.swift,,No,No,No,No,,,,,Low,,code_verified,high,OpenIntelligence/Core/Models/LLMModel.swift,scan_codebase.py,Parsed model schema
InferenceConfig,OpenIntelligence/Core/Models/LLMModel.swift,,No,No,No,No,,,,"maxTokens: Int, temperature: Float, topP: Float, topK: Int, qualityMode: RAGQualityMode, fmPreference: FoundationModelPreference, useKVCache: Bool, systemPrompt: String?, contextLength: Int?, frequencyPenalty: Float",Low,,code_verified,high,OpenIntelligence/Core/Models/LLMModel.swift,scan_codebase.py,Parsed model schema
PCCSettings,OpenIntelligence/Core/Models/LLMModel.swift,"String, CaseIterable, Sendable, Codable",No,Yes,Yes,No,,,,,Low,,code_verified,high,OpenIntelligence/Core/Models/LLMModel.swift,scan_codebase.py,Parsed model schema
FoundationModelPreference,OpenIntelligence/Core/Models/LLMModel.swift,"String, CaseIterable, Identifiable, Sendable",No,No,Yes,Yes,,,,"id: String, displayName: String, availableCases: [FoundationModelPreference]",Low,,code_verified,high,OpenIntelligence/Core/Models/LLMModel.swift,scan_codebase.py,Parsed model schema
ExecutionContext,OpenIntelligence/Core/Models/LLMModel.swift,"CaseIterable, Sendable",No,No,Yes,No,,,,"description: String, emoji: String, maxContextTokens: Int",Low,,code_verified,high,OpenIntelligence/Core/Models/LLMModel.swift,scan_codebase.py,Parsed model schema
LLMModelType,OpenIntelligence/Core/Models/LLMModelType.swift,"String, CaseIterable, Identifiable",No,No,No,Yes,,,,id: String,Low,,code_verified,high,OpenIntelligence/Core/Models/LLMModelType.swift,scan_codebase.py,Parsed model schema
ModelCapabilityCardInfo,OpenIntelligence/Core/Models/LLMModelType.swift,,No,No,No,No,,,,"emoji: String, nickname: String, tagline: String, chips: [ModelCapabilityChipInfo], stats: [ModelCapabilityStatInfo], footer: String",Low,,code_verified,high,OpenIntelligence/Core/Models/LLMModelType.swift,scan_codebase.py,Parsed model schema
ModelCapabilityChipInfo,OpenIntelligence/Core/Models/LLMModelType.swift,"Identifiable, Hashable",No,No,No,Yes,,,,"id: , icon: String, label: String, detail: String?, tone: Tone",Low,,code_verified,high,OpenIntelligence/Core/Models/LLMModelType.swift,scan_codebase.py,Parsed model schema
Tone,OpenIntelligence/Core/Models/LLMModelType.swift,String,No,No,No,No,,,,,Low,,code_verified,high,OpenIntelligence/Core/Models/LLMModelType.swift,scan_codebase.py,Parsed model schema
ModelCapabilityStatInfo,OpenIntelligence/Core/Models/LLMModelType.swift,"Identifiable, Hashable",No,No,No,Yes,,,,"id: , icon: String, label: String, value: String, detail: String, accent: Accent",Low,,code_verified,high,OpenIntelligence/Core/Models/LLMModelType.swift,scan_codebase.py,Parsed model schema
Accent,OpenIntelligence/Core/Models/LLMModelType.swift,String,No,No,No,No,,,,,Low,,code_verified,high,OpenIntelligence/Core/Models/LLMModelType.swift,scan_codebase.py,Parsed model schema
ModelResolutionState,OpenIntelligence/Core/Models/ModelResolutionState.swift,Equatable,No,No,No,No,,,,"selectedType: LLMModelType, activeModelName: String, resolutionReason: ResolutionReason, executionPath: ExecutionPath, status: ModelStatus, localModelInfo: LocalModelInfo?, activeParameters: ActiveParameters, displayText: String, emoji: String, displayName: String",Low,,code_verified,high,OpenIntelligence/Core/Models/ModelResolutionState.swift,scan_codebase.py,Parsed model schema
ResolutionReason,OpenIntelligence/Core/Models/ModelResolutionState.swift,Equatable,No,No,No,No,,,,displayText: String,Low,,code_verified,high,OpenIntelligence/Core/Models/ModelResolutionState.swift,scan_codebase.py,Parsed model schema
ExecutionPath,OpenIntelligence/Core/Models/ModelResolutionState.swift,Equatable,No,No,No,No,,,,"emoji: String, displayName: String",Low,,code_verified,high,OpenIntelligence/Core/Models/ModelResolutionState.swift,scan_codebase.py,Parsed model schema
ModelStatus,OpenIntelligence/Core/Models/ModelResolutionState.swift,Equatable,No,No,No,No,,,,,Low,,code_verified,high,OpenIntelligence/Core/Models/ModelResolutionState.swift,scan_codebase.py,Parsed model schema
LocalModelInfo,OpenIntelligence/Core/Models/ModelResolutionState.swift,Equatable,No,No,No,No,,,,"fileName: String, fileSize: Int64, quantization: String?, backend: ModelBackendType",Low,,code_verified,high,OpenIntelligence/Core/Models/ModelResolutionState.swift,scan_codebase.py,Parsed model schema
ModelBackendType,OpenIntelligence/Core/Models/ModelResolutionState.swift,Equatable,No,No,No,No,,,,,Low,,code_verified,high,OpenIntelligence/Core/Models/ModelResolutionState.swift,scan_codebase.py,Parsed model schema
ActiveParameters,OpenIntelligence/Core/Models/ModelResolutionState.swift,Equatable,No,No,No,No,,,,"temperature: Float, maxTokens: Int, topP: Float, contextLength: Int",Low,,code_verified,high,OpenIntelligence/Core/Models/ModelResolutionState.swift,scan_codebase.py,Parsed model schema
ModelBackend,OpenIntelligence/Core/Models/ModelResolutionState.swift,"String, Codable, Sendable",No,Yes,Yes,No,,,,,Low,,code_verified,high,OpenIntelligence/Core/Models/ModelResolutionState.swift,scan_codebase.py,Parsed model schema
ModelAutoSelectionPayload,OpenIntelligence/Core/Models/ModelResolutionState.swift,,No,No,No,No,,,,backend: ,Low,,code_verified,high,OpenIntelligence/Core/Models/ModelResolutionState.swift,scan_codebase.py,Parsed model schema
QueryRuntimeBridge,OpenIntelligence/Core/Models/QueryRuntimeBridge.swift,,No,No,No,No,,,,"shared: , configureContinuedQueryHandler: ConfigureContinuedQueryHandler?, beginUserInitiatedQueryHandler: BeginUserInitiatedQueryHandler?, updateContinuedQueryProgressHandler: UpdateProgressHandler?, completeUserInitiatedQueryHandler: CompleteUserInitiatedQueryHandler?, beginForegroundFallbackQueryHandler: BeginForegroundFallbackHandler?, endForegroundFallbackQueryHandler: VoidHandler?",Low,,code_verified,high,OpenIntelligence/Core/Models/QueryRuntimeBridge.swift,scan_codebase.py,Parsed model schema
RAGQualityMode,OpenIntelligence/Core/Models/RAGQualityMode.swift,"String, Identifiable, Sendable",No,No,Yes,Yes,,,,"id: String, canonical: RAGQualityMode, userVisibleCases: [RAGQualityMode], displayName: String, description: String, icon: String, initialTopK: Int, minSimilarity: Float, temperature: Float, requiresCitations: Bool",Low,,code_verified,high,OpenIntelligence/Core/Models/RAGQualityMode.swift,scan_codebase.py,Parsed model schema
RAGQuery,OpenIntelligence/Core/Models/RAGQuery.swift,Sendable,No,No,Yes,No,,,,"id: UUID, query: String, timestamp: Date, topK: Int",Low,,code_verified,high,OpenIntelligence/Core/Models/RAGQuery.swift,scan_codebase.py,Parsed model schema
RAGResponse,OpenIntelligence/Core/Models/RAGQuery.swift,Sendable,No,No,Yes,No,,,,"id: UUID, queryId: UUID, retrievedChunks: [RetrievedChunk], generatedResponse: String, metadata: ResponseMetadata, confidenceScore: Float, qualityWarnings: [String], structuredAnswer: StructuredAnswer?",Low,,code_verified,high,OpenIntelligence/Core/Models/RAGQuery.swift,scan_codebase.py,Parsed model schema
RetrievedChunk,OpenIntelligence/Core/Models/RAGQuery.swift,"Codable, Sendable",No,Yes,Yes,No,,,,"chunk: DocumentChunk, similarityScore: Float, rank: Int, sourceDocument: String, pageNumber: Int?",Low,,code_verified,high,OpenIntelligence/Core/Models/RAGQuery.swift,scan_codebase.py,Parsed model schema
ResponseMetadata,OpenIntelligence/Core/Models/RAGQuery.swift,"Codable, Sendable",No,Yes,Yes,No,,,,"timeToFirstToken: TimeInterval?, totalGenerationTime: TimeInterval, tokensGenerated: Int, tokensPerSecond: Float?, modelUsed: String, retrievalTime: TimeInterval, retrievalConfigSummary: String, gatingDecision: String?, toolCallsMade: Int?, embeddingProvider: String?",Low,,code_verified,high,OpenIntelligence/Core/Models/RAGQuery.swift,scan_codebase.py,Parsed model schema
ExecutionRoute,OpenIntelligence/Core/Models/RAGQuery.swift,"Codable, Sendable, Equatable",No,Yes,Yes,No,,,,"path: String, reason: String, policyApplied: String?, emoji: String",Low,,code_verified,high,OpenIntelligence/Core/Models/RAGQuery.swift,scan_codebase.py,Parsed model schema
TokenBudget,OpenIntelligence/Core/Models/RAGQuery.swift,"Codable, Sendable, Equatable",No,Yes,Yes,No,,,,"totalLimit: Int, systemPrompt: Int, retrievedContext: Int, generation: Int, remaining: Int",Low,,code_verified,high,OpenIntelligence/Core/Models/RAGQuery.swift,scan_codebase.py,Parsed model schema
RAGAnswerClaim,OpenIntelligence/Core/Models/RAGStructuredResponse.swift,,No,No,No,No,,,,"claim: String, citations: [String], isExtracted: Bool",Low,,code_verified,high,OpenIntelligence/Core/Models/RAGStructuredResponse.swift,scan_codebase.py,Parsed model schema
RAGAnswer,OpenIntelligence/Core/Models/RAGStructuredResponse.swift,,No,No,No,No,,,,"reasoning: String, answer: String, confidence: Int, citations: [String], claims: [RAGAnswerClaim], matchedTerms: [String]",Low,,code_verified,high,OpenIntelligence/Core/Models/RAGStructuredResponse.swift,scan_codebase.py,Parsed model schema
DirectRAGAnswer,OpenIntelligence/Core/Models/RAGStructuredResponse.swift,,No,No,No,No,,,,"answer: String, confidence: Int, citations: [String], claims: [RAGAnswerClaim], matchedTerms: [String]",Low,,code_verified,high,OpenIntelligence/Core/Models/RAGStructuredResponse.swift,scan_codebase.py,Parsed model schema
RAGSearchResult,OpenIntelligence/Core/Models/RAGStructuredResponse.swift,,No,No,No,No,,,,"documentName: String, pageNumber: Int, content: String, similarity: Float, relevanceReason: String",Low,,code_verified,high,OpenIntelligence/Core/Models/RAGStructuredResponse.swift,scan_codebase.py,Parsed model schema
RAGSearchResults,OpenIntelligence/Core/Models/RAGStructuredResponse.swift,,No,No,No,No,,,,"results: [RAGSearchResult], documentsSearched: Int, query: String",Low,,code_verified,high,OpenIntelligence/Core/Models/RAGStructuredResponse.swift,scan_codebase.py,Parsed model schema
RAGDocumentSummary,OpenIntelligence/Core/Models/RAGStructuredResponse.swift,,No,No,No,No,,,,"name: String, type: String, pageCount: Int, chunkCount: Int, summary: String, topics: [String], dateAdded: String",Low,,code_verified,high,OpenIntelligence/Core/Models/RAGStructuredResponse.swift,scan_codebase.py,Parsed model schema
RAGDocumentComparison,OpenIntelligence/Core/Models/RAGStructuredResponse.swift,,No,No,No,No,,,,"document1: String, document2: String, similarities: [String], differences: [String], summary: String",Low,,code_verified,high,OpenIntelligence/Core/Models/RAGStructuredResponse.swift,scan_codebase.py,Parsed model schema
RAGEnhancedQuery,OpenIntelligence/Core/Models/RAGStructuredResponse.swift,,No,No,No,No,,,,"originalQuery: String, expandedQuery: String, entities: [String], intent: String, followUpQuestions: [String]",Low,,code_verified,high,OpenIntelligence/Core/Models/RAGStructuredResponse.swift,scan_codebase.py,Parsed model schema
RAGRetrievalDiagnostics,OpenIntelligence/Core/Models/RAGStructuredResponse.swift,,No,No,No,No,,,,"vectorHits: Int, bm25Hits: Int, fusedResults: Int, finalResults: Int, latencyMs: Int, embeddingProvider: String, warnings: [String]",Low,,code_verified,high,OpenIntelligence/Core/Models/RAGStructuredResponse.swift,scan_codebase.py,Parsed model schema
ReasonedAnswer,OpenIntelligence/Core/Models/RAGStructuredResponse.swift,,No,No,No,No,,,,"reasoning: String, answer: String, confidence: Int, sources: [String]",Low,,code_verified,high,OpenIntelligence/Core/Models/RAGStructuredResponse.swift,scan_codebase.py,Parsed model schema
ReasonedInsight,OpenIntelligence/Core/Models/RAGStructuredResponse.swift,,No,No,No,No,,,,"reasoning: String, insight: String, keyTerms: [String], confidence: Int",Low,,code_verified,high,OpenIntelligence/Core/Models/RAGStructuredResponse.swift,scan_codebase.py,Parsed model schema
ReasonedSynthesis,OpenIntelligence/Core/Models/RAGStructuredResponse.swift,,No,No,No,No,,,,"reasoning: String, synthesis: String, keyPoints: [String], confidence: Int, sources: [String]",Low,,code_verified,high,OpenIntelligence/Core/Models/RAGStructuredResponse.swift,scan_codebase.py,Parsed model schema
ChainLink,OpenIntelligence/Core/Models/RAGStructuredResponse.swift,,No,No,No,No,,,,"reasoning: String, insight: String, nextFocus: String, confidence: Int",Low,,code_verified,high,OpenIntelligence/Core/Models/RAGStructuredResponse.swift,scan_codebase.py,Parsed model schema
StructuredAnswerRenderableClaim,OpenIntelligence/Core/Models/StructuredAnswer.swift,,No,No,No,No,,,,"claim: String, citations: [String], verdict: StructuredAnswer.Claim.VerificationVerdict?",Low,,code_verified,high,OpenIntelligence/Core/Models/StructuredAnswer.swift,scan_codebase.py,Parsed model schema
StructuredAnswer,OpenIntelligence/Core/Models/StructuredAnswer.swift,"Codable, Sendable",No,Yes,Yes,No,,,,"refuse: Bool, answerType: AnswerType, answer: String, claims: [Claim], evidence: [Evidence], missing: [String], debug: DebugInfo, claim: String, evidenceIds: [String], confidence: Float",Low,,code_verified,high,OpenIntelligence/Core/Models/StructuredAnswer.swift,scan_codebase.py,Parsed model schema
AnswerType,OpenIntelligence/Core/Models/StructuredAnswer.swift,"String, Codable, Sendable",No,Yes,Yes,No,,,,,Low,,code_verified,high,OpenIntelligence/Core/Models/StructuredAnswer.swift,scan_codebase.py,Parsed model schema
Claim,OpenIntelligence/Core/Models/StructuredAnswer.swift,"Codable, Sendable",No,Yes,Yes,No,,,,"claim: String, evidenceIds: [String], confidence: Float, isExtracted: Bool, verificationVerdict: VerificationVerdict?, verificationDetails: String?",Low,,code_verified,high,OpenIntelligence/Core/Models/StructuredAnswer.swift,scan_codebase.py,Parsed model schema
VerificationVerdict,OpenIntelligence/Core/Models/StructuredAnswer.swift,"String, Codable, Sendable",No,Yes,Yes,No,,,,,Low,,code_verified,high,OpenIntelligence/Core/Models/StructuredAnswer.swift,scan_codebase.py,Parsed model schema
CodingKeys,OpenIntelligence/Core/Models/StructuredAnswer.swift,"String, CodingKey",No,No,No,No,,,,,Low,,code_verified,high,OpenIntelligence/Core/Models/StructuredAnswer.swift,scan_codebase.py,Parsed model schema
Evidence,OpenIntelligence/Core/Models/StructuredAnswer.swift,"Codable, Sendable",No,Yes,Yes,No,,,,"evidenceId: String, page: Int?, quote: String, documentName: String?, sectionPath: [String]?",Low,,code_verified,high,OpenIntelligence/Core/Models/StructuredAnswer.swift,scan_codebase.py,Parsed model schema
CodingKeys,OpenIntelligence/Core/Models/StructuredAnswer.swift,"String, CodingKey",No,No,No,No,,,,,Low,,code_verified,high,OpenIntelligence/Core/Models/StructuredAnswer.swift,scan_codebase.py,Parsed model schema
DebugInfo,OpenIntelligence/Core/Models/StructuredAnswer.swift,"Codable, Sendable",No,Yes,Yes,No,,,,"topScore: Float, loops: Int, intent: String, gateResults: [String: Bool]?, generationTimeMs: Int?",Low,,code_verified,high,OpenIntelligence/Core/Models/StructuredAnswer.swift,scan_codebase.py,Parsed model schema
CodingKeys,OpenIntelligence/Core/Models/StructuredAnswer.swift,"String, CodingKey",No,No,No,No,,,,,Low,,code_verified,high,OpenIntelligence/Core/Models/StructuredAnswer.swift,scan_codebase.py,Parsed model schema
CodingKeys,OpenIntelligence/Core/Models/StructuredAnswer.swift,"String, CodingKey",No,No,No,No,,,,,Low,,code_verified,high,OpenIntelligence/Core/Models/StructuredAnswer.swift,scan_codebase.py,Parsed model schema
Builder,OpenIntelligence/Core/Models/StructuredAnswer.swift,,No,No,No,No,,,,"refuse: Bool, answerType: AnswerType, answer: String, claims: [Claim], evidence: [Evidence], missing: [String], topScore: Float, loops: Int, intent: String, gateResults: [String: Bool]?",Low,,code_verified,high,OpenIntelligence/Core/Models/StructuredAnswer.swift,scan_codebase.py,Parsed model schema
ThinkingEvent,OpenIntelligence/Core/Models/ThinkingEvent.swift,"Identifiable, Sendable, Equatable",No,No,Yes,Yes,,,,"id: , timestamp: Date, kind: Kind, title: String, detail: String?",Low,,code_verified,high,OpenIntelligence/Core/Models/ThinkingEvent.swift,scan_codebase.py,Parsed model schema
Kind,OpenIntelligence/Core/Models/ThinkingEvent.swift,"String, CaseIterable, Sendable",No,No,Yes,No,,,,,Low,,code_verified,high,OpenIntelligence/Core/Models/ThinkingEvent.swift,scan_codebase.py,Parsed model schema
WorkspaceTier,OpenIntelligence/Core/Models/WorkspaceTier.swift,"String, Codable, CaseIterable",No,Yes,No,No,,,,"displayName: String, rank: Int",Low,,code_verified,high,OpenIntelligence/Core/Models/WorkspaceTier.swift,scan_codebase.py,Parsed model schema
LegacyProtectionState,OpenIntelligence/Core/Support/EngineSDKCompatibility.swift,"String, Codable, Sendable",No,Yes,Yes,No,,,,,Low,,code_verified,high,OpenIntelligence/Core/Support/EngineSDKCompatibility.swift,scan_codebase.py,Parsed model schema
MaximumModeExecutionDecision,OpenIntelligence/Core/Support/EngineSDKCompatibility.swift,Sendable,No,No,Yes,No,,,,,Low,,code_verified,high,OpenIntelligence/Core/Support/EngineSDKCompatibility.swift,scan_codebase.py,Parsed model schema
PlanStorySlide,OpenIntelligence/Features/Billing/PlanUpgradeSheet.swift,Identifiable,No,No,No,Yes,,,,"id: , title: String, subtitle: String, icon: String, tint: Color",Low,,code_verified,high,OpenIntelligence/Features/Billing/PlanUpgradeSheet.swift,scan_codebase.py,Parsed model schema
RegionType,OpenIntelligence/Features/Camera/CameraVisionOverlayView.swift,"String, CaseIterable, Identifiable",No,No,No,Yes,,,,"id: String, displayName: String, icon: String, color: Color",Low,,code_verified,high,OpenIntelligence/Features/Camera/CameraVisionOverlayView.swift,scan_codebase.py,Parsed model schema
DetectedRegion,OpenIntelligence/Features/Camera/CameraVisionOverlayView.swift,Identifiable,No,No,No,Yes,,,,"id: , type: RegionType, boundingBox: CGRect, confidence: Float, preview: String?",Low,,code_verified,high,OpenIntelligence/Features/Camera/CameraVisionOverlayView.swift,scan_codebase.py,Parsed model schema
PoseJoint,OpenIntelligence/Features/Camera/CameraVisionOverlayView.swift,Identifiable,No,No,No,Yes,,,,"id: , name: String, position: CGPoint, confidence: Float",Low,,code_verified,high,OpenIntelligence/Features/Camera/CameraVisionOverlayView.swift,scan_codebase.py,Parsed model schema
PoseConnection,OpenIntelligence/Features/Camera/CameraVisionOverlayView.swift,Identifiable,No,No,No,Yes,,,,"id: , from: CGPoint, to: CGPoint, confidence: Float",Low,,code_verified,high,OpenIntelligence/Features/Camera/CameraVisionOverlayView.swift,scan_codebase.py,Parsed model schema
DetectedPose,OpenIntelligence/Features/Camera/CameraVisionOverlayView.swift,Identifiable,No,No,No,Yes,,,,"id: , isHuman: Bool, joints: [PoseJoint], connections: [PoseConnection], boundingBox: CGRect, confidence: Float",Low,,code_verified,high,OpenIntelligence/Features/Camera/CameraVisionOverlayView.swift,scan_codebase.py,Parsed model schema
ChatAttachment,OpenIntelligence/Features/Chat/Conversation/AttachmentPicker.swift,"Identifiable, Sendable",No,No,Yes,Yes,,,,"id: , url: URL, type: AttachmentType, thumbnail: UIImage?, icon: String",Low,,code_verified,high,OpenIntelligence/Features/Chat/Conversation/AttachmentPicker.swift,scan_codebase.py,Parsed model schema
AttachmentType,OpenIntelligence/Features/Chat/Conversation/AttachmentPicker.swift,"String, Sendable",No,No,Yes,No,,,,icon: String,Low,,code_verified,high,OpenIntelligence/Features/Chat/Conversation/AttachmentPicker.swift,scan_codebase.py,Parsed model schema
ToastItem,OpenIntelligence/Features/Chat/Conversation/EventToasts.swift,"Identifiable, Equatable",No,No,No,Yes,,,,"id: UUID, title: String, icon: String, tint: Color, haptic: Bool, timestamp: Date",Low,,code_verified,high,OpenIntelligence/Features/Chat/Conversation/EventToasts.swift,scan_codebase.py,Parsed model schema
SharePayload,OpenIntelligence/Features/Chat/Conversation/MessageBubbleV2.swift,Identifiable,No,No,No,Yes,,,,"id: , items: [Any]",Low,,code_verified,high,OpenIntelligence/Features/Chat/Conversation/MessageBubbleV2.swift,scan_codebase.py,Parsed model schema
AnswerIntelligence,OpenIntelligence/Features/Chat/Response/AnswerIntelligenceView.swift,"Identifiable, Sendable",No,No,Yes,Yes,,,,"id: UUID, generatedAt: Date, gatesPassed: Int, gatesTotalCount: Int, gateDetails: [GateDetail], citationCount: Int, verifiedCitations: Int, sourcesUsed: [SourceInfo], overallConfidence: Double, retrievalConfidence: Double",Low,,code_verified,high,OpenIntelligence/Features/Chat/Response/AnswerIntelligenceView.swift,scan_codebase.py,Parsed model schema
GateDetail,OpenIntelligence/Features/Chat/Response/AnswerIntelligenceView.swift,"Identifiable, Sendable",No,No,Yes,Yes,,,,"id: UUID, name: String, passed: Bool, confidence: Double, description: String, icon: String",Low,,code_verified,high,OpenIntelligence/Features/Chat/Response/AnswerIntelligenceView.swift,scan_codebase.py,Parsed model schema
SourceInfo,OpenIntelligence/Features/Chat/Response/AnswerIntelligenceView.swift,"Identifiable, Sendable",No,No,Yes,Yes,,,,"id: UUID, documentName: String, relevanceScore: Double, chunkCount: Int",Low,,code_verified,high,OpenIntelligence/Features/Chat/Response/AnswerIntelligenceView.swift,scan_codebase.py,Parsed model schema
IdentifiableChunk,OpenIntelligence/Features/Chat/Response/GroundedAnswerView.swift,Identifiable,No,No,No,Yes,,,,"chunk: RetrievedChunk, id: UUID",Low,,code_verified,high,OpenIntelligence/Features/Chat/Response/GroundedAnswerView.swift,scan_codebase.py,Parsed model schema
ReportReason,OpenIntelligence/Features/Chat/Response/ReportMessageSheet.swift,"String, CaseIterable, Identifiable",No,No,No,Yes,,,,id: String,Low,,code_verified,high,OpenIntelligence/Features/Chat/Response/ReportMessageSheet.swift,scan_codebase.py,Parsed model schema
VerificationInfo,OpenIntelligence/Features/Chat/Response/ResponseDetailsView.swift,,No,No,No,No,,,,"title: String, subtitle: String, icon: String, color: Color, level: VerificationLevel",Low,,code_verified,high,OpenIntelligence/Features/Chat/Response/ResponseDetailsView.swift,scan_codebase.py,Parsed model schema
ChipData,OpenIntelligence/Features/Chat/Response/SourceChipsView.swift,Identifiable,No,No,No,Yes,,,,"id: , index: Int, percent: Double, tint: Color, sourceName: String, quality: String",Low,,code_verified,high,OpenIntelligence/Features/Chat/Response/SourceChipsView.swift,scan_codebase.py,Parsed model schema
RetrievalMode,OpenIntelligence/Features/Chat/Response/UnifiedMetricsBar.swift,"String, Sendable",No,No,Yes,No,,,,"icon: String, color: Color",Low,,code_verified,high,OpenIntelligence/Features/Chat/Response/UnifiedMetricsBar.swift,scan_codebase.py,Parsed model schema
VerificationGate,OpenIntelligence/Features/Chat/Response/VerificationGatesOverlayView.swift,Identifiable,No,No,No,Yes,,,,"id: Int, title: String, kind: ThinkingEvent.Kind, secondaryKind: ThinkingEvent.Kind?, status: GateStatus",Low,,code_verified,high,OpenIntelligence/Features/Chat/Response/VerificationGatesOverlayView.swift,scan_codebase.py,Parsed model schema
RebuildLogEntry,OpenIntelligence/Features/Database/DatabaseDashboardView.swift,Identifiable,No,No,No,Yes,,,,"id: , timestamp: Date, message: String, type: LogType, icon: String, color: Color",Low,,code_verified,high,OpenIntelligence/Features/Database/DatabaseDashboardView.swift,scan_codebase.py,Parsed model schema
DatabaseSection,OpenIntelligence/Features/Database/DatabaseDashboardView.swift,"String, CaseIterable, Identifiable",No,No,No,Yes,,,,"id: String, label: String, icon: String",Low,,code_verified,high,OpenIntelligence/Features/Database/DatabaseDashboardView.swift,scan_codebase.py,Parsed model schema
ChunkInspectionResult,OpenIntelligence/Features/Diagnostics/Validation/ChunkInspectorView.swift,Identifiable,No,No,No,Yes,,,,"id: UUID, chunkIndex: Int, content: String, snippet: String?, pageNumber: Int?, sectionTitle: String?, structureType: String?, wordCount: Int, similarity: Double?, bm25Score: Double?",Low,,code_verified,high,OpenIntelligence/Features/Diagnostics/Validation/ChunkInspectorView.swift,scan_codebase.py,Parsed model schema
ScopingTestResult,OpenIntelligence/Features/Diagnostics/Validation/ContainerScopingSelfTestsView.swift,Identifiable,No,No,No,Yes,,,,"id: , name: String, status: Status, details: String?, icon: String, tint: Color",Low,,code_verified,high,OpenIntelligence/Features/Diagnostics/Validation/ContainerScopingSelfTestsView.swift,scan_codebase.py,Parsed model schema
EmbeddingProviderOption,OpenIntelligence/Features/Documents/Settings/ContainerSettingsSheet.swift,Identifiable,No,No,No,Yes,,,,"id: String, icon: String, title: String, tagline: String, detail: String, isSelectable: Bool, badgeText: String?, supportedDimensions: [Int], metrics: [OptionMetric], alert: ProviderAvailabilityAlert?",Low,,code_verified,high,OpenIntelligence/Features/Documents/Settings/ContainerSettingsSheet.swift,scan_codebase.py,Parsed model schema
DimensionOption,OpenIntelligence/Features/Documents/Settings/ContainerSettingsSheet.swift,Identifiable,No,No,No,Yes,,,,"value: Int, icon: String, title: String, caption: String, detail: String, metrics: [OptionMetric], id: Int",Low,,code_verified,high,OpenIntelligence/Features/Documents/Settings/ContainerSettingsSheet.swift,scan_codebase.py,Parsed model schema
VectorDBOptionDescriptor,OpenIntelligence/Features/Documents/Settings/ContainerSettingsSheet.swift,Identifiable,No,No,No,Yes,,,,"kind: VectorDBKind, icon: String, title: String, caption: String, detail: String, id: VectorDBKind",Low,,code_verified,high,OpenIntelligence/Features/Documents/Settings/ContainerSettingsSheet.swift,scan_codebase.py,Parsed model schema
ProviderAvailabilityAlert,OpenIntelligence/Features/Documents/Settings/ContainerSettingsSheet.swift,Identifiable,No,No,No,Yes,,,,"id: String, icon: String, title: String, description: String, bullets: [String], accent: Color",Low,,code_verified,high,OpenIntelligence/Features/Documents/Settings/ContainerSettingsSheet.swift,scan_codebase.py,Parsed model schema
LibraryThemePreset,OpenIntelligence/Features/Documents/Settings/ContainerSettingsSheet.swift,Identifiable,No,No,No,Yes,,,,"id: String, title: String, icon: String, colorHex: String, description: String, retrievalPreset: RetrievalConfig?, subtitle: String",Low,,code_verified,high,OpenIntelligence/Features/Documents/Settings/ContainerSettingsSheet.swift,scan_codebase.py,Parsed model schema
ReembedContext,OpenIntelligence/Features/Documents/Settings/ContainerSettingsSheet.swift,Identifiable,No,No,No,Yes,,,,"containerId: UUID, reason: String, documentCount: Int, id: UUID",Low,,code_verified,high,OpenIntelligence/Features/Documents/Settings/ContainerSettingsSheet.swift,scan_codebase.py,Parsed model schema
OptionMetric,OpenIntelligence/Features/Documents/Settings/ContainerSettingsSheet.swift,Identifiable,No,No,No,Yes,,,,"id: , icon: String, text: String, tint: Color",Low,,code_verified,high,OpenIntelligence/Features/Documents/Settings/ContainerSettingsSheet.swift,scan_codebase.py,Parsed model schema
PipelineLogEntry,OpenIntelligence/Features/Onboarding/OnboardingChecklistView.swift,Identifiable,No,No,No,Yes,,,,"id: , timestamp: , icon: String, color: Color, text: String",Low,,code_verified,high,OpenIntelligence/Features/Onboarding/OnboardingChecklistView.swift,scan_codebase.py,Parsed model schema
InferencePreset,OpenIntelligence/Features/Settings/Components/ModelConfigurationSheet.swift,"String, CaseIterable, Identifiable",No,No,No,Yes,,,,"id: String, icon: String, description: String, color: Color",Low,,code_verified,high,OpenIntelligence/Features/Settings/Components/ModelConfigurationSheet.swift,scan_codebase.py,Parsed model schema
SystemPromptTemplate,OpenIntelligence/Features/Settings/Components/ModelConfigurationSheet.swift,"String, CaseIterable, Identifiable",No,No,No,Yes,,,,"id: String, prompt: String",Low,,code_verified,high,OpenIntelligence/Features/Settings/Components/ModelConfigurationSheet.swift,scan_codebase.py,Parsed model schema
ModelPipelineStage,OpenIntelligence/Features/Settings/Components/ModelPipelineStage.swift,Identifiable,No,No,No,Yes,,,,"title: String, shortCode: String, tint: Color, id: String, name: String, role: Role, detail: String, status: Status, icon: String",Low,,code_verified,high,OpenIntelligence/Features/Settings/Components/ModelPipelineStage.swift,scan_codebase.py,Parsed model schema
FeatureItem,OpenIntelligence/Features/Settings/SettingsView.swift,Identifiable,No,No,No,Yes,,,,"id: String, icon: String, label: String, desc: String, color: Color, isDivider: Bool, isWarning: Bool",Low,,code_verified,high,OpenIntelligence/Features/Settings/SettingsView.swift,scan_codebase.py,Parsed model schema
TopicColorItem,OpenIntelligence/Features/Telemetry/Visualizations/AdaptiveVisualizationsView.swift,Hashable,No,No,No,No,,,,"name: String, color: Color, count: Int",Low,,code_verified,high,OpenIntelligence/Features/Telemetry/Visualizations/AdaptiveVisualizationsView.swift,scan_codebase.py,Parsed model schema
EmbeddingInsight,OpenIntelligence/Features/Telemetry/Visualizations/Embedding3DView.swift,"Identifiable, Equatable",No,No,No,Yes,,,,"id: , icon: String, title: String, detail: String, accent: Color",Low,,code_verified,high,OpenIntelligence/Features/Telemetry/Visualizations/Embedding3DView.swift,scan_codebase.py,Parsed model schema
PointAnnotationLabel,OpenIntelligence/Features/Telemetry/Visualizations/Embedding3DView.swift,"Identifiable, Equatable",No,No,No,Yes,,,,"id: , pointIndex: Int, docId: UUID, title: String, detail: String, keywords: [String], normalizedX: CGFloat, normalizedY: CGFloat, depthHint: CGFloat, accent: Color",Low,,code_verified,high,OpenIntelligence/Features/Telemetry/Visualizations/Embedding3DView.swift,scan_codebase.py,Parsed model schema
EmbeddingSceneBackgroundStyle,OpenIntelligence/Features/Telemetry/Visualizations/Embedding3DView.swift,"String, CaseIterable, Identifiable",No,No,No,Yes,,,,"id: String, displayName: String, iconName: String, gradientSpec: GradientSpec, fogColor: PlatformColor, labelTextColor: PlatformColor, labelBackgroundColor: PlatformColor, isDark: Bool, colors: [PlatformColor], startPoint: CGPoint",Low,,code_verified,high,OpenIntelligence/Features/Telemetry/Visualizations/Embedding3DView.swift,scan_codebase.py,Parsed model schema
VizLegendItem,OpenIntelligence/Features/Telemetry/Visualizations/Embedding3DView.swift,Identifiable,No,No,No,Yes,,,,"docId: UUID, name: String, color: Color, count: Int, id: UUID",Low,,code_verified,high,OpenIntelligence/Features/Telemetry/Visualizations/Embedding3DView.swift,scan_codebase.py,Parsed model schema
AnnotationData,OpenIntelligence/Features/Telemetry/Visualizations/Embedding3DView.swift,Identifiable,No,No,No,Yes,,,,"id: , position: SCNVector3, title: String, keywords: [String], color: PlatformColor, detailLevel: Int, clusterSize: Int, isDocumentCluster: Bool",Low,,code_verified,high,OpenIntelligence/Features/Telemetry/Visualizations/Embedding3DView.swift,scan_codebase.py,Parsed model schema
TappedPointInfo,OpenIntelligence/Features/Telemetry/Visualizations/Embedding3DView.swift,Identifiable,No,No,No,Yes,,,,"id: , index: Int, position: SCNVector3",Low,,code_verified,high,OpenIntelligence/Features/Telemetry/Visualizations/Embedding3DView.swift,scan_codebase.py,Parsed model schema
DashboardTab,OpenIntelligence/Features/Telemetry/Visualizations/VisualizationsView.swift,"String, CaseIterable, Identifiable",No,No,No,Yes,,,,"id: String, label: String, icon: String",Low,,code_verified,high,OpenIntelligence/Features/Telemetry/Visualizations/VisualizationsView.swift,scan_codebase.py,Parsed model schema
ProjectionMethod,OpenIntelligence/Features/Telemetry/Visualizations/VisualizationsView.swift,"String, CaseIterable, Identifiable",No,No,No,Yes,,,,id: String,Low,,code_verified,high,OpenIntelligence/Features/Telemetry/Visualizations/VisualizationsView.swift,scan_codebase.py,Parsed model schema
ChunkHitStat,OpenIntelligence/Features/Telemetry/Visualizations/VisualizationsView.swift,Identifiable,No,No,No,Yes,,,,"id: UUID, docId: UUID, docName: String, chunkIndex: Int, hits: Int, averageSimilarity: Double, lastRetrieved: Date, pageNumber: Int?, sectionTitle: String?, snippet: String",Low,,code_verified,high,OpenIntelligence/Features/Telemetry/Visualizations/VisualizationsView.swift,scan_codebase.py,Parsed model schema
DocumentHitStat,OpenIntelligence/Features/Telemetry/Visualizations/VisualizationsView.swift,Identifiable,No,No,No,Yes,,,,"id: UUID, name: String, hits: Int, uniqueChunks: Int",Low,,code_verified,high,OpenIntelligence/Features/Telemetry/Visualizations/VisualizationsView.swift,scan_codebase.py,Parsed model schema
Stage,OpenIntelligence/Features/Telemetry/Visualizations/VisualizationsView.swift,Identifiable,No,No,No,Yes,,,,"id: String, name: String, detail: String, icon: String, category: TelemetryCategory",Low,,code_verified,high,OpenIntelligence/Features/Telemetry/Visualizations/VisualizationsView.swift,scan_codebase.py,Parsed model schema
OIAvailabilityState,OpenIntelligence/SDK/OpenIntelligenceEngine.swift,"Equatable, Sendable",No,No,Yes,No,,,,,Low,,code_verified,high,OpenIntelligence/SDK/OpenIntelligenceEngine.swift,scan_codebase.py,Parsed model schema
OIExecutionContext,OpenIntelligence/SDK/OpenIntelligenceEngine.swift,"String, Sendable",No,No,Yes,No,,,,,Low,,code_verified,high,OpenIntelligence/SDK/OpenIntelligenceEngine.swift,scan_codebase.py,Parsed model schema
OIQueryQualityMode,OpenIntelligence/SDK/OpenIntelligenceEngine.swift,"String, CaseIterable, Identifiable, Sendable",No,No,Yes,Yes,,,,"id: String, displayName: String, description: String, systemImage: String",Low,,code_verified,high,OpenIntelligence/SDK/OpenIntelligenceEngine.swift,scan_codebase.py,Parsed model schema
OIEngineConfiguration,OpenIntelligence/SDK/OpenIntelligenceEngine.swift,Sendable,No,No,Yes,No,,,,"storageURL: URL?, allowPrivateCloudCompute: Bool, executionContext: OIExecutionContext",Low,,code_verified,high,OpenIntelligence/SDK/OpenIntelligenceEngine.swift,scan_codebase.py,Parsed model schema
OILibrary,OpenIntelligence/SDK/OpenIntelligenceEngine.swift,"Identifiable, Hashable, Sendable",No,No,Yes,Yes,,,,"id: UUID, name: String, documentCount: Int, chunkCount: Int",Low,,code_verified,high,OpenIntelligence/SDK/OpenIntelligenceEngine.swift,scan_codebase.py,Parsed model schema
OIDocument,OpenIntelligence/SDK/OpenIntelligenceEngine.swift,"Identifiable, Hashable, Sendable",No,No,Yes,Yes,,,,"id: UUID, filename: String, addedAt: Date, chunkCount: Int, libraryID: UUID?, contentType: String",Low,,code_verified,high,OpenIntelligence/SDK/OpenIntelligenceEngine.swift,scan_codebase.py,Parsed model schema
OIIngestRequest,OpenIntelligence/SDK/OpenIntelligenceEngine.swift,Sendable,No,No,Yes,No,,,,"urls: [URL], libraryName: String?",Low,,code_verified,high,OpenIntelligence/SDK/OpenIntelligenceEngine.swift,scan_codebase.py,Parsed model schema
OIIngestResult,OpenIntelligence/SDK/OpenIntelligenceEngine.swift,Sendable,No,No,Yes,No,,,,"importedDocuments: Int, failedDocuments: Int, totalDocuments: Int, totalLibraryDocuments: Int, totalLibraryChunks: Int, warnings: [String]",Low,,code_verified,high,OpenIntelligence/SDK/OpenIntelligenceEngine.swift,scan_codebase.py,Parsed model schema
OIQueryRequest,OpenIntelligence/SDK/OpenIntelligenceEngine.swift,Sendable,No,No,Yes,No,,,,"question: String, libraryName: String?, topK: Int, qualityMode: OIQueryQualityMode",Low,,code_verified,high,OpenIntelligence/SDK/OpenIntelligenceEngine.swift,scan_codebase.py,Parsed model schema
OIQueryStreamEvent,OpenIntelligence/SDK/OpenIntelligenceEngine.swift,Sendable,No,No,Yes,No,,,,"text: String, isFinal: Bool",Low,,code_verified,high,OpenIntelligence/SDK/OpenIntelligenceEngine.swift,scan_codebase.py,Parsed model schema
OIQueryProgressEvent,OpenIntelligence/SDK/OpenIntelligenceEngine.swift,"Identifiable, Sendable",No,No,Yes,Yes,,,,"id: UUID, timestamp: Date, phase: String, title: String, detail: String?, systemImage: String, isGenerating: Bool, liveTokenCount: Int, liveStepCount: Int, liveConfidence: Float",Low,,code_verified,high,OpenIntelligence/SDK/OpenIntelligenceEngine.swift,scan_codebase.py,Parsed model schema
OIQueryDiagnostics,OpenIntelligence/SDK/OpenIntelligenceEngine.swift,Sendable,No,No,Yes,No,,,,"retrievedChunkCount: Int, candidateChunkCount: Int?, rerankedChunkCount: Int?, contextChunkCount: Int?, retrievalTime: TimeInterval, generationTime: TimeInterval, timeToFirstToken: TimeInterval?, tokensGenerated: Int, tokensPerSecond: Float?, contextStrategy: String?",Low,,code_verified,high,OpenIntelligence/SDK/OpenIntelligenceEngine.swift,scan_codebase.py,Parsed model schema
OICitation,OpenIntelligence/SDK/OpenIntelligenceEngine.swift,Sendable,No,No,Yes,No,,,,"source: String, page: Int?, quote: String?",Low,,code_verified,high,OpenIntelligence/SDK/OpenIntelligenceEngine.swift,scan_codebase.py,Parsed model schema
OIQueryResult,OpenIntelligence/SDK/OpenIntelligenceEngine.swift,Sendable,No,No,Yes,No,,,,"answer: String, citations: [OICitation], confidence: Float, abstained: Bool, warnings: [String], modelName: String, qualityMode: OIQueryQualityMode, reasoningTrace: [String], diagnostics: OIQueryDiagnostics",Low,,code_verified,high,OpenIntelligence/SDK/OpenIntelligenceEngine.swift,scan_codebase.py,Parsed model schema
OpenIntelligenceEngineError,OpenIntelligence/SDK/OpenIntelligenceEngine.swift,"LocalizedError, Sendable",No,No,Yes,No,,,,errorDescription: String?,Low,,code_verified,high,OpenIntelligence/SDK/OpenIntelligenceEngine.swift,scan_codebase.py,Parsed model schema
FoundationModelDynamicProfile,OpenIntelligence/Services/AIPlatform/AppleFoundationModels/FoundationModelDynamicProfileRegistry.swift,"String, CaseIterable, Sendable",No,No,Yes,No,,,,systemPrompt: String,Low,,code_verified,high,OpenIntelligence/Services/AIPlatform/AppleFoundationModels/FoundationModelDynamicProfileRegistry.swift,scan_codebase.py,Parsed model schema
FoundationModelDynamicProfileRegistry,OpenIntelligence/Services/AIPlatform/AppleFoundationModels/FoundationModelDynamicProfileRegistry.swift,Sendable,No,No,Yes,No,,,,,Low,,code_verified,high,OpenIntelligence/Services/AIPlatform/AppleFoundationModels/FoundationModelDynamicProfileRegistry.swift,scan_codebase.py,Parsed model schema
FoundationModelErrorMapper,OpenIntelligence/Services/AIPlatform/AppleFoundationModels/FoundationModelErrorMapper.swift,,No,No,No,No,,,,,Low,,code_verified,high,OpenIntelligence/Services/AIPlatform/AppleFoundationModels/FoundationModelErrorMapper.swift,scan_codebase.py,Parsed model schema
MappedResult,OpenIntelligence/Services/AIPlatform/AppleFoundationModels/FoundationModelErrorMapper.swift,,No,No,No,No,,,,,Low,,code_verified,high,OpenIntelligence/Services/AIPlatform/AppleFoundationModels/FoundationModelErrorMapper.swift,scan_codebase.py,Parsed model schema
FoundationModelPromptCompiler,OpenIntelligence/Services/AIPlatform/AppleFoundationModels/FoundationModelPromptCompiler.swift,Sendable,No,No,Yes,No,,,,,Low,,code_verified,high,OpenIntelligence/Services/AIPlatform/AppleFoundationModels/FoundationModelPromptCompiler.swift,scan_codebase.py,Parsed model schema
PCCReasoningLevel,OpenIntelligence/Services/AIPlatform/AppleFoundationModels/FoundationModelRoute.swift,"String, Sendable, Equatable",No,No,Yes,No,,,,,Low,,code_verified,high,OpenIntelligence/Services/AIPlatform/AppleFoundationModels/FoundationModelRoute.swift,scan_codebase.py,Parsed model schema
AppleFoundationModelRoute,OpenIntelligence/Services/AIPlatform/AppleFoundationModels/FoundationModelRoute.swift,"Sendable, Equatable",No,No,Yes,No,,,,,Low,,code_verified,high,OpenIntelligence/Services/AIPlatform/AppleFoundationModels/FoundationModelRoute.swift,scan_codebase.py,Parsed model schema
QueryType,OpenIntelligence/Services/AIPlatform/AppleFoundationModels/FoundationModelRoutePolicy.swift,,No,No,No,No,,,,,Low,,code_verified,high,OpenIntelligence/Services/AIPlatform/AppleFoundationModels/FoundationModelRoutePolicy.swift,scan_codebase.py,Parsed model schema
SessionResult,OpenIntelligence/Services/AIPlatform/AppleFoundationModels/FoundationModelSessionFactory.swift,,No,No,No,No,,,,"session: LanguageModelSession, currentSystemPrompt: String?, pendingTranscriptConsumed: Bool, actualRoute: AppleFoundationModelRoute",Low,,code_verified,high,OpenIntelligence/Services/AIPlatform/AppleFoundationModels/FoundationModelSessionFactory.swift,scan_codebase.py,Parsed model schema
FoundationModelStructuredGenerator,OpenIntelligence/Services/AIPlatform/AppleFoundationModels/FoundationModelStructuredGenerator.swift,,No,No,No,No,,,,,Low,,code_verified,high,OpenIntelligence/Services/AIPlatform/AppleFoundationModels/FoundationModelStructuredGenerator.swift,scan_codebase.py,Parsed model schema
SearchDocumentsTool,OpenIntelligence/Services/AIPlatform/AppleFoundationModels/FoundationModelToolRegistry.swift,Tool,No,No,No,No,,,,"name: , description: , ragService: RAGService?, query: String, topK: Int?, minSimilarity: Float?",Low,,code_verified,high,OpenIntelligence/Services/AIPlatform/AppleFoundationModels/FoundationModelToolRegistry.swift,scan_codebase.py,Parsed model schema
Arguments,OpenIntelligence/Services/AIPlatform/AppleFoundationModels/FoundationModelToolRegistry.swift,,No,No,No,No,,,,"query: String, topK: Int?, minSimilarity: Float?",Low,,code_verified,high,OpenIntelligence/Services/AIPlatform/AppleFoundationModels/FoundationModelToolRegistry.swift,scan_codebase.py,Parsed model schema
ListDocumentsTool,OpenIntelligence/Services/AIPlatform/AppleFoundationModels/FoundationModelToolRegistry.swift,Tool,No,No,No,No,,,,"name: , description: , ragService: RAGService?",Low,,code_verified,high,OpenIntelligence/Services/AIPlatform/AppleFoundationModels/FoundationModelToolRegistry.swift,scan_codebase.py,Parsed model schema
Arguments,OpenIntelligence/Services/AIPlatform/AppleFoundationModels/FoundationModelToolRegistry.swift,,No,No,No,No,,,,,Low,,code_verified,high,OpenIntelligence/Services/AIPlatform/AppleFoundationModels/FoundationModelToolRegistry.swift,scan_codebase.py,Parsed model schema
GetDocumentSummaryTool,OpenIntelligence/Services/AIPlatform/AppleFoundationModels/FoundationModelToolRegistry.swift,Tool,No,No,No,No,,,,"name: , description: , ragService: RAGService?, documentName: String",Low,,code_verified,high,OpenIntelligence/Services/AIPlatform/AppleFoundationModels/FoundationModelToolRegistry.swift,scan_codebase.py,Parsed model schema
Arguments,OpenIntelligence/Services/AIPlatform/AppleFoundationModels/FoundationModelToolRegistry.swift,,No,No,No,No,,,,documentName: String,Low,,code_verified,high,OpenIntelligence/Services/AIPlatform/AppleFoundationModels/FoundationModelToolRegistry.swift,scan_codebase.py,Parsed model schema
CountPatternTool,OpenIntelligence/Services/AIPlatform/AppleFoundationModels/FoundationModelToolRegistry.swift,Tool,No,No,No,No,,,,"name: , description: , pattern: String",Low,,code_verified,high,OpenIntelligence/Services/AIPlatform/AppleFoundationModels/FoundationModelToolRegistry.swift,scan_codebase.py,Parsed model schema
SearchExactPatternTool,OpenIntelligence/Services/AIPlatform/AppleFoundationModels/FoundationModelToolRegistry.swift,Tool,No,No,No,No,,,,"name: , description: , ragService: RAGService?, pattern: String",Low,,code_verified,high,OpenIntelligence/Services/AIPlatform/AppleFoundationModels/FoundationModelToolRegistry.swift,scan_codebase.py,Parsed model schema
Arguments,OpenIntelligence/Services/AIPlatform/AppleFoundationModels/FoundationModelToolRegistry.swift,,No,No,No,No,,,,pattern: String,Low,,code_verified,high,OpenIntelligence/Services/AIPlatform/AppleFoundationModels/FoundationModelToolRegistry.swift,scan_codebase.py,Parsed model schema
GetCorpusStatsTool,OpenIntelligence/Services/AIPlatform/AppleFoundationModels/FoundationModelToolRegistry.swift,Tool,No,No,No,No,,,,"name: , description: , ragService: RAGService?",Low,,code_verified,high,OpenIntelligence/Services/AIPlatform/AppleFoundationModels/FoundationModelToolRegistry.swift,scan_codebase.py,Parsed model schema
Arguments,OpenIntelligence/Services/AIPlatform/AppleFoundationModels/FoundationModelToolRegistry.swift,,No,No,No,No,,,,,Low,,code_verified,high,OpenIntelligence/Services/AIPlatform/AppleFoundationModels/FoundationModelToolRegistry.swift,scan_codebase.py,Parsed model schema
FindRelatedDocumentsTool,OpenIntelligence/Services/AIPlatform/AppleFoundationModels/FoundationModelToolRegistry.swift,Tool,No,No,No,No,,,,"name: , description: , ragService: RAGService?, topic: String, maxResults: Int?",Low,,code_verified,high,OpenIntelligence/Services/AIPlatform/AppleFoundationModels/FoundationModelToolRegistry.swift,scan_codebase.py,Parsed model schema
Arguments,OpenIntelligence/Services/AIPlatform/AppleFoundationModels/FoundationModelToolRegistry.swift,,No,No,No,No,,,,"topic: String, maxResults: Int?",Low,,code_verified,high,OpenIntelligence/Services/AIPlatform/AppleFoundationModels/FoundationModelToolRegistry.swift,scan_codebase.py,Parsed model schema
CompareDocumentsTool,OpenIntelligence/Services/AIPlatform/AppleFoundationModels/FoundationModelToolRegistry.swift,Tool,No,No,No,No,,,,"name: , description: , ragService: RAGService?, topic: String, documentNames: [String]?",Low,,code_verified,high,OpenIntelligence/Services/AIPlatform/AppleFoundationModels/FoundationModelToolRegistry.swift,scan_codebase.py,Parsed model schema
Arguments,OpenIntelligence/Services/AIPlatform/AppleFoundationModels/FoundationModelToolRegistry.swift,,No,No,No,No,,,,"topic: String, documentNames: [String]?",Low,,code_verified,high,OpenIntelligence/Services/AIPlatform/AppleFoundationModels/FoundationModelToolRegistry.swift,scan_codebase.py,Parsed model schema
RetrieveCorpusEvidenceTool,OpenIntelligence/Services/AIPlatform/AppleFoundationModels/FoundationModelToolRegistry.swift,Tool,No,No,No,No,,,,"name: , description: , ragService: RAGService?, query: String, mode: String, maxResults: Int?, minSimilarity: Float?",Low,,code_verified,high,OpenIntelligence/Services/AIPlatform/AppleFoundationModels/FoundationModelToolRegistry.swift,scan_codebase.py,Parsed model schema
Arguments,OpenIntelligence/Services/AIPlatform/AppleFoundationModels/FoundationModelToolRegistry.swift,,No,No,No,No,,,,"query: String, mode: String, maxResults: Int?, minSimilarity: Float?",Low,,code_verified,high,OpenIntelligence/Services/AIPlatform/AppleFoundationModels/FoundationModelToolRegistry.swift,scan_codebase.py,Parsed model schema
InspectDocumentTool,OpenIntelligence/Services/AIPlatform/AppleFoundationModels/FoundationModelToolRegistry.swift,Tool,No,No,No,No,,,,"name: , description: , ragService: RAGService?, documentName: String",Low,,code_verified,high,OpenIntelligence/Services/AIPlatform/AppleFoundationModels/FoundationModelToolRegistry.swift,scan_codebase.py,Parsed model schema
Arguments,OpenIntelligence/Services/AIPlatform/AppleFoundationModels/FoundationModelToolRegistry.swift,,No,No,No,No,,,,documentName: String,Low,,code_verified,high,OpenIntelligence/Services/AIPlatform/AppleFoundationModels/FoundationModelToolRegistry.swift,scan_codebase.py,Parsed model schema
CompareTopicAcrossDocumentsTool,OpenIntelligence/Services/AIPlatform/AppleFoundationModels/FoundationModelToolRegistry.swift,Tool,No,No,No,No,,,,"name: , description: , ragService: RAGService?, topic: String, documentNames: [String]?",Low,,code_verified,high,OpenIntelligence/Services/AIPlatform/AppleFoundationModels/FoundationModelToolRegistry.swift,scan_codebase.py,Parsed model schema
Arguments,OpenIntelligence/Services/AIPlatform/AppleFoundationModels/FoundationModelToolRegistry.swift,,No,No,No,No,,,,"topic: String, documentNames: [String]?",Low,,code_verified,high,OpenIntelligence/Services/AIPlatform/AppleFoundationModels/FoundationModelToolRegistry.swift,scan_codebase.py,Parsed model schema
GetLibraryOverviewTool,OpenIntelligence/Services/AIPlatform/AppleFoundationModels/FoundationModelToolRegistry.swift,Tool,No,No,No,No,,,,"name: , description: , ragService: RAGService?",Low,,code_verified,high,OpenIntelligence/Services/AIPlatform/AppleFoundationModels/FoundationModelToolRegistry.swift,scan_codebase.py,Parsed model schema
Arguments,OpenIntelligence/Services/AIPlatform/AppleFoundationModels/FoundationModelToolRegistry.swift,,No,No,No,No,,,,,Low,,code_verified,high,OpenIntelligence/Services/AIPlatform/AppleFoundationModels/FoundationModelToolRegistry.swift,scan_codebase.py,Parsed model schema
FoundationModelToolRegistry,OpenIntelligence/Services/AIPlatform/AppleFoundationModels/FoundationModelToolRegistry.swift,,No,No,No,No,,,,,Low,,code_verified,high,OpenIntelligence/Services/AIPlatform/AppleFoundationModels/FoundationModelToolRegistry.swift,scan_codebase.py,Parsed model schema
CoreAIEmbeddingBackend,OpenIntelligence/Services/AIPlatform/CoreAI/CoreAIEmbeddingBackend.swift,Sendable,No,No,Yes,No,,,,,Low,,code_verified,high,OpenIntelligence/Services/AIPlatform/CoreAI/CoreAIEmbeddingBackend.swift,scan_codebase.py,Parsed model schema
CoreAIModelConfig,OpenIntelligence/Services/AIPlatform/CoreAI/CoreAIModelRegistry.swift,"Codable, Sendable",No,Yes,Yes,No,,,,"modelId: String, modelPath: String, type: CoreAIModelType",Low,,code_verified,high,OpenIntelligence/Services/AIPlatform/CoreAI/CoreAIModelRegistry.swift,scan_codebase.py,Parsed model schema
CoreAIModelType,OpenIntelligence/Services/AIPlatform/CoreAI/CoreAIModelRegistry.swift,"String, Codable, Sendable",No,Yes,Yes,No,,,,,Low,,code_verified,high,OpenIntelligence/Services/AIPlatform/CoreAI/CoreAIModelRegistry.swift,scan_codebase.py,Parsed model schema
ThinkingStep,OpenIntelligence/Services/Agentic/AgenticOrchestrator.swift,"Identifiable, Sendable",No,No,Yes,Yes,,,,"id: UUID, type: StepType, input: String, output: String, tokensUsed: Int, duration: TimeInterval, timestamp: Date, confidence: Float?, displayName: String, thinkingKind: ThinkingEvent.Kind",Low,,code_verified,high,OpenIntelligence/Services/Agentic/AgenticOrchestrator.swift,scan_codebase.py,Parsed model schema
StepType,OpenIntelligence/Services/Agentic/AgenticOrchestrator.swift,"String, Sendable",No,No,Yes,No,,,,"displayName: String, thinkingKind: ThinkingEvent.Kind",Low,,code_verified,high,OpenIntelligence/Services/Agentic/AgenticOrchestrator.swift,scan_codebase.py,Parsed model schema
AgenticConfig,OpenIntelligence/Services/Agentic/AgenticOrchestrator.swift,Sendable,No,No,Yes,No,,,,"maxSteps: Int, maxTotalTokens: Int, streamIntermediateResults: Bool, confidenceThreshold: Float, escalationThreshold: Float, isUnlimited: Bool",Low,,code_verified,high,OpenIntelligence/Services/Agentic/AgenticOrchestrator.swift,scan_codebase.py,Parsed model schema
AgenticResult,OpenIntelligence/Services/Agentic/AgenticOrchestrator.swift,Sendable,No,No,Yes,No,,,,"finalAnswer: String, steps: [ThinkingStep], totalTokens: Int, totalDuration: TimeInterval, confidence: Float, sourcesUsed: Int, retrievedChunks: [RetrievedChunk], reasoningSummary: String",Low,,code_verified,high,OpenIntelligence/Services/Agentic/AgenticOrchestrator.swift,scan_codebase.py,Parsed model schema
SelfRAGVerification,OpenIntelligence/Services/Agentic/AgenticOrchestrator.swift,Sendable,No,No,Yes,No,,,,"addressesQuestion: Bool, citationsVerified: Bool, verifiedCitationCount: Int, unverifiedCitationCount: Int, calibratedConfidence: Float, summary: String, action: String",Low,,code_verified,high,OpenIntelligence/Services/Agentic/AgenticOrchestrator.swift,scan_codebase.py,Parsed model schema
ReasoningChainConfig,OpenIntelligence/Services/Agentic/AgenticOrchestrator.swift,Sendable,No,No,Yes,No,,,,"sessionCount: Int, maxContextPerSession: Int, maxInsightLength: Int",Low,,code_verified,high,OpenIntelligence/Services/Agentic/AgenticOrchestrator.swift,scan_codebase.py,Parsed model schema
MultiChainConfig,OpenIntelligence/Services/Agentic/AgenticOrchestrator.swift,Sendable,No,No,Yes,No,,,,"maxClusters: Int, minDocsPerCluster: Int, sessionsPerCluster: Int, synthesisSessions: Int, maxParallelChains: Int",Low,,code_verified,high,OpenIntelligence/Services/Agentic/AgenticOrchestrator.swift,scan_codebase.py,Parsed model schema
MultiChainResult,OpenIntelligence/Services/Agentic/AgenticOrchestrator.swift,Sendable,No,No,Yes,No,,,,"finalAnswer: String, clusterInsights: [ClusterInsight], totalTokens: Int, totalSessions: Int, totalDuration: TimeInterval, confidence: Float, clusterName: String, documents: [String], insight: String, chainInsights: [String]",Low,,code_verified,high,OpenIntelligence/Services/Agentic/AgenticOrchestrator.swift,scan_codebase.py,Parsed model schema
ClusterInsight,OpenIntelligence/Services/Agentic/AgenticOrchestrator.swift,Sendable,No,No,Yes,No,,,,"clusterName: String, documents: [String], insight: String, chainInsights: [String], tokensUsed: Int, sessionsRun: Int",Low,,code_verified,high,OpenIntelligence/Services/Agentic/AgenticOrchestrator.swift,scan_codebase.py,Parsed model schema
ReasoningChainResult,OpenIntelligence/Services/Agentic/AgenticOrchestrator.swift,Sendable,No,No,Yes,No,,,,"finalAnswer: String, chainInsights: [String], totalTokens: Int, sessionCount: Int, confidence: Float, sources: [String]",Low,,code_verified,high,OpenIntelligence/Services/Agentic/AgenticOrchestrator.swift,scan_codebase.py,Parsed model schema
UnlimitedResult,OpenIntelligence/Services/Agentic/AgenticOrchestrator.swift,Sendable,No,No,Yes,No,,,,"finalAnswer: String, steps: [ThinkingStep], totalTokens: Int, sessionsRun: Int, confidence: Float, terminationReason: TerminationReason",Low,,code_verified,high,OpenIntelligence/Services/Agentic/AgenticOrchestrator.swift,scan_codebase.py,Parsed model schema
TerminationReason,OpenIntelligence/Services/Agentic/AgenticOrchestrator.swift,"String, Sendable",No,No,Yes,No,,,,,Low,,code_verified,high,OpenIntelligence/Services/Agentic/AgenticOrchestrator.swift,scan_codebase.py,Parsed model schema
ConversationMemory,OpenIntelligence/Services/Agentic/ConversationMemoryService.swift,"Codable, Sendable",No,Yes,Yes,No,,,,"id: UUID, containerId: UUID, summary: String, entities: [String], recentTurns: [MemoryTurn], topics: [String], lastUpdated: Date, totalTurnsSummarized: Int",Low,,code_verified,high,OpenIntelligence/Services/Agentic/ConversationMemoryService.swift,scan_codebase.py,Parsed model schema
MemoryTurn,OpenIntelligence/Services/Agentic/ConversationMemoryService.swift,"Codable, Sendable, Identifiable",No,Yes,Yes,Yes,,,,"id: UUID, userQuery: String, assistantResponse: String, timestamp: Date, extractedFacts: [String], importanceScore: Float",Low,,code_verified,high,OpenIntelligence/Services/Agentic/ConversationMemoryService.swift,scan_codebase.py,Parsed model schema
ConversationMemoryConfig,OpenIntelligence/Services/Agentic/ConversationMemoryService.swift,Sendable,No,No,Yes,No,,,,"maxRecentTurns: Int, maxSummaryLength: Int, summarizationThreshold: Int, maxEntities: Int, maxTopics: Int, compact: ",Low,,code_verified,high,OpenIntelligence/Services/Agentic/ConversationMemoryService.swift,scan_codebase.py,Parsed model schema
OIDocumentEntity,OpenIntelligence/Services/Agentic/Entities/OIDocumentEntity.swift,AppEntity,No,No,No,No,,,,"typeDisplayRepresentation: , id: UUID, filename: String, totalChunks: Int, displayRepresentation: DisplayRepresentation, defaultQuery: ",Low,,code_verified,high,OpenIntelligence/Services/Agentic/Entities/OIDocumentEntity.swift,scan_codebase.py,Parsed model schema
OILibraryEntity,OpenIntelligence/Services/Agentic/Entities/OILibraryEntity.swift,AppEntity,No,No,No,No,,,,"typeDisplayRepresentation: , id: UUID, name: String, totalDocuments: Int, displayRepresentation: DisplayRepresentation, defaultQuery: ",Low,,code_verified,high,OpenIntelligence/Services/Agentic/Entities/OILibraryEntity.swift,scan_codebase.py,Parsed model schema
DocumentImportStatusSnapshot,OpenIntelligence/Services/Agentic/RAGAppIntents.swift,Sendable,No,No,Yes,No,,,,"activeCount: Int, currentFilename: String, currentStage: String, queuedFilenames: [String], spokenResponse: String",Low,,code_verified,high,OpenIntelligence/Services/Agentic/RAGAppIntents.swift,scan_codebase.py,Parsed model schema
BillingEvent,OpenIntelligence/Services/Billing/BillingEvent.swift,,No,No,No,No,,,,,Low,,code_verified,high,OpenIntelligence/Services/Billing/BillingEvent.swift,scan_codebase.py,Parsed model schema
DocumentPackEntry,OpenIntelligence/Services/Billing/EntitlementStore.swift,"Codable, Identifiable",No,Yes,No,Yes,,,,"id: UUID, transactionId: UInt64?, purchaseDate: Date, credits: Int, expirationDate: Date?, isExpired: Bool, activeCredits: Int",Low,,code_verified,high,OpenIntelligence/Services/Billing/EntitlementStore.swift,scan_codebase.py,Parsed model schema
LocalModelAccessState,OpenIntelligence/Services/Billing/EntitlementStore.swift,,No,No,No,No,,,,,Low,,code_verified,high,OpenIntelligence/Services/Billing/EntitlementStore.swift,scan_codebase.py,Parsed model schema
MaximumModeQuotaState,OpenIntelligence/Services/Billing/MaximumModeQuotaStore.swift,Sendable,No,No,Yes,No,,,,"dayKey: String, usedCount: Int, dailyLimit: Int, remainingUses: Int",Low,,code_verified,high,OpenIntelligence/Services/Billing/MaximumModeQuotaStore.swift,scan_codebase.py,Parsed model schema
LegacyProtectionState,OpenIntelligence/Services/Billing/MonetizationPolicy.swift,"String, Codable, Sendable",No,Yes,Yes,No,,,,"isProtected: Bool, displayName: String",Low,,code_verified,high,OpenIntelligence/Services/Billing/MonetizationPolicy.swift,scan_codebase.py,Parsed model schema
EntitlementSnapshot,OpenIntelligence/Services/Billing/MonetizationPolicy.swift,Sendable,No,No,Yes,No,,,,"activeTier: WorkspaceTier, documentLimit: Int, libraryLimit: Int, maximumModePolicy: MaximumModeAccessPolicy, legacyProtectionState: LegacyProtectionState, shouldOfferDocumentPack: Bool, isLifetime: Bool, isLegacyPaidProtected: Bool, hasUnlimitedDocuments: Bool",Low,,code_verified,high,OpenIntelligence/Services/Billing/MonetizationPolicy.swift,scan_codebase.py,Parsed model schema
MaximumModeExecutionDecision,OpenIntelligence/Services/Billing/MonetizationPolicy.swift,Sendable,No,No,Yes,No,,,,,Low,,code_verified,high,OpenIntelligence/Services/Billing/MonetizationPolicy.swift,scan_codebase.py,Parsed model schema
SummaryConfig,OpenIntelligence/Services/Document/Analysis/DocumentSummaryService.swift,Sendable,No,No,Yes,No,,,,"targetWords: Int, maxInputChars: Int, extractEntities: Bool, extractTopics: Bool, compact: ",Low,,code_verified,high,OpenIntelligence/Services/Document/Analysis/DocumentSummaryService.swift,scan_codebase.py,Parsed model schema
EntityIndexSnapshotData,OpenIntelligence/Services/Document/Analysis/EntityIndexService.swift,Sendable,No,No,Yes,No,,,,"entityToChunks: [String: [UUID]], documentToChunks: [UUID: [UUID]], documentToContainer: [UUID: UUID]?, lastUpdated: Date",Low,,code_verified,high,OpenIntelligence/Services/Document/Analysis/EntityIndexService.swift,scan_codebase.py,Parsed model schema
SpatialTextElement,OpenIntelligence/Services/Document/Analysis/SpatialDocumentAnalyzer.swift,Sendable,No,No,Yes,No,,,,"text: String, boundingBox: CGRect, confidence: Float, relativeHeight: CGFloat, estimatedFontSize: FontSizeCategory, isAllCaps: Bool, isShortLine: Bool, columnIndex: Int, lineIndex: Int, readingOrder: Int",Low,,code_verified,high,OpenIntelligence/Services/Document/Analysis/SpatialDocumentAnalyzer.swift,scan_codebase.py,Parsed model schema
FontSizeCategory,OpenIntelligence/Services/Document/Analysis/SpatialDocumentAnalyzer.swift,"String, Sendable",No,No,Yes,No,,,,,Low,,code_verified,high,OpenIntelligence/Services/Document/Analysis/SpatialDocumentAnalyzer.swift,scan_codebase.py,Parsed model schema
DocumentHierarchyElement,OpenIntelligence/Services/Document/Analysis/SpatialDocumentAnalyzer.swift,Sendable,No,No,Yes,No,,,,"level: Int, text: String, pageNumber: Int, startY: CGFloat, children: [DocumentHierarchyElement], prefix: ",Low,,code_verified,high,OpenIntelligence/Services/Document/Analysis/SpatialDocumentAnalyzer.swift,scan_codebase.py,Parsed model schema
SpecificationBlock,OpenIntelligence/Services/Document/Analysis/SpecificationDetector.swift,Sendable,No,No,Yes,No,,,,"category: String, value: String, range: Range<String.Index>",Low,,code_verified,high,OpenIntelligence/Services/Document/Analysis/SpecificationDetector.swift,scan_codebase.py,Parsed model schema
SpecificationDetector,OpenIntelligence/Services/Document/Analysis/SpecificationDetector.swift,Sendable,No,No,Yes,No,,,,"universalPatterns: [(category: String, pattern: String)]",Low,,code_verified,high,OpenIntelligence/Services/Document/Analysis/SpecificationDetector.swift,scan_codebase.py,Parsed model schema
SpeechAnalysisResult,OpenIntelligence/Services/Document/Analysis/SpeechAnalyzerService.swift,Sendable,No,No,Yes,No,,,,"text: String, duration: TimeInterval, language: DetectedLanguage, utterances: [AnalyzedUtterance], confidence: Float, speakerCount: Int, isSuccessful: Bool, wordCount: Int",Low,,code_verified,high,OpenIntelligence/Services/Document/Analysis/SpeechAnalyzerService.swift,scan_codebase.py,Parsed model schema
AnalyzedUtterance,OpenIntelligence/Services/Document/Analysis/SpeechAnalyzerService.swift,Sendable,No,No,Yes,No,,,,"text: String, startTime: TimeInterval, endTime: TimeInterval, confidence: Float, speakerLabel: String?",Low,,code_verified,high,OpenIntelligence/Services/Document/Analysis/SpeechAnalyzerService.swift,scan_codebase.py,Parsed model schema
ContentTags,OpenIntelligence/Services/Document/Chunking/ContentTaggingService.swift,"Sendable, Codable",No,Yes,Yes,No,,,,"topics: [String], actions: [String], emotions: [String], objects: [String], allTags: [String], result: [String], displayTags: [String], unique: , empty: ",Low,,code_verified,high,OpenIntelligence/Services/Document/Chunking/ContentTaggingService.swift,scan_codebase.py,Parsed model schema
ContentTags,OpenIntelligence/Services/Document/Chunking/ContentTaggingService.swift,"Sendable, Codable",No,Yes,Yes,No,,,,"topics: [String], actions: [String], emotions: [String], objects: [String], allTags: [String], displayTags: [String], empty: ",Low,,code_verified,high,OpenIntelligence/Services/Document/Chunking/ContentTaggingService.swift,scan_codebase.py,Parsed model schema
PageComplexity,OpenIntelligence/Services/Document/Chunking/PageComplexityAnalyzer.swift,"Int, Comparable, Sendable",No,No,Yes,No,,,,"description: String, requiresVisionOCR: Bool, useEnhancedOCR: Bool, useFullVisionAnalysis: Bool",Low,,code_verified,high,OpenIntelligence/Services/Document/Chunking/PageComplexityAnalyzer.swift,scan_codebase.py,Parsed model schema
PageComplexityAnalysis,OpenIntelligence/Services/Document/Chunking/PageComplexityAnalyzer.swift,Sendable,No,No,Yes,No,,,,"pageNumber: Int, complexity: PageComplexity, textCoverage: Double, textQuality: Double, fineTextRisk: Double, hasNativeTextLayer: Bool, imagePresence: Double, figurePresence: Double, chartPresence: Double, tablePresence: Double",Low,,code_verified,high,OpenIntelligence/Services/Document/Chunking/PageComplexityAnalyzer.swift,scan_codebase.py,Parsed model schema
ChunkingConfig,OpenIntelligence/Services/Document/Chunking/SemanticChunker.swift,,No,No,No,No,,,,"targetSize: Int, minSize: Int, maxSize: Int, overlap: Int, useTopicDetection: Bool, preserveStructure: Bool, parentWindowChars: Int, technicalReference: , narrative: , code: ",Low,,code_verified,high,OpenIntelligence/Services/Document/Chunking/SemanticChunker.swift,scan_codebase.py,Parsed model schema
DocumentContentType,OpenIntelligence/Services/Document/Classification/CoreMLDocumentClassifier.swift,"String, Sendable, CaseIterable",No,No,Yes,No,,,,processingHints: ProcessingHints,Low,,code_verified,high,OpenIntelligence/Services/Document/Classification/CoreMLDocumentClassifier.swift,scan_codebase.py,Parsed model schema
ProcessingHints,OpenIntelligence/Services/Document/Classification/CoreMLDocumentClassifier.swift,"Sendable, Equatable",No,No,Yes,No,,,,"ocrAccuracy: OCRAccuracy, preserveLayout: Bool, extractTables: Bool, chunkingPreset: ChunkingPreset",Low,,code_verified,high,OpenIntelligence/Services/Document/Classification/CoreMLDocumentClassifier.swift,scan_codebase.py,Parsed model schema
OCRAccuracy,OpenIntelligence/Services/Document/Classification/CoreMLDocumentClassifier.swift,"Sendable, Equatable",No,No,Yes,No,,,,,Low,,code_verified,high,OpenIntelligence/Services/Document/Classification/CoreMLDocumentClassifier.swift,scan_codebase.py,Parsed model schema
ChunkingPreset,OpenIntelligence/Services/Document/Classification/CoreMLDocumentClassifier.swift,"Sendable, Equatable",No,No,Yes,No,,,,,Low,,code_verified,high,OpenIntelligence/Services/Document/Classification/CoreMLDocumentClassifier.swift,scan_codebase.py,Parsed model schema
DocumentClassificationResult,OpenIntelligence/Services/Document/Classification/CoreMLDocumentClassifier.swift,Sendable,No,No,Yes,No,,,,"contentType: DocumentContentType, confidence: Float, allClassifications: [(type: DocumentContentType, confidence: Float)], processingHints: ProcessingHints, isHighConfidence: Bool",Low,,code_verified,high,OpenIntelligence/Services/Document/Classification/CoreMLDocumentClassifier.swift,scan_codebase.py,Parsed model schema
DocumentRegionType,OpenIntelligence/Services/Document/Classification/CoreMLRegionDetector.swift,"String, Sendable, CaseIterable",No,No,Yes,No,,,,"requiresSpecialProcessing: Bool, isAtomic: Bool",Low,,code_verified,high,OpenIntelligence/Services/Document/Classification/CoreMLRegionDetector.swift,scan_codebase.py,Parsed model schema
DocumentDetectedRegion,OpenIntelligence/Services/Document/Classification/CoreMLRegionDetector.swift,"Sendable, Identifiable",No,No,Yes,Yes,,,,"id: , type: DocumentRegionType, boundingBox: CGRect, confidence: Float, pageNumber: Int, extractedContent: String?, metadata: [String: String]",Low,,code_verified,high,OpenIntelligence/Services/Document/Classification/CoreMLRegionDetector.swift,scan_codebase.py,Parsed model schema
RegionDetectionResult,OpenIntelligence/Services/Document/Classification/CoreMLRegionDetector.swift,Sendable,No,No,Yes,No,,,,"pageNumber: Int, regions: [DocumentDetectedRegion], processingTimeMs: Double, modelUsed: String, yDiff: , hasTables: Bool, hasFigures: Bool",Low,,code_verified,high,OpenIntelligence/Services/Document/Classification/CoreMLRegionDetector.swift,scan_codebase.py,Parsed model schema
AnalyzedImage,OpenIntelligence/Services/Document/Classification/ImageUnderstandingService.swift,Sendable,No,No,Yes,No,,,,"imageId: UUID, pageNumber: Int, boundingBox: CGRect, classifications: [ImageClassification], description: String?, associatedCaption: String?, contentType: ImageContentType, extractedText: String?, precedingContext: String?, followingContext: String?",Low,,code_verified,high,OpenIntelligence/Services/Document/Classification/ImageUnderstandingService.swift,scan_codebase.py,Parsed model schema
ImageClassification,OpenIntelligence/Services/Document/Classification/ImageUnderstandingService.swift,Sendable,No,No,Yes,No,,,,"identifier: String, confidence: Float",Low,,code_verified,high,OpenIntelligence/Services/Document/Classification/ImageUnderstandingService.swift,scan_codebase.py,Parsed model schema
ImageContentType,OpenIntelligence/Services/Document/Classification/ImageUnderstandingService.swift,"String, Sendable, Codable",No,Yes,Yes,No,,,,,Low,,code_verified,high,OpenIntelligence/Services/Document/Classification/ImageUnderstandingService.swift,scan_codebase.py,Parsed model schema
VisualContentMetadata,OpenIntelligence/Services/Document/Classification/ImageUnderstandingService.swift,"Codable, Sendable",No,Yes,Yes,No,,,,"imageCount: Int, imageClassifications: [String: Float], hasTableContent: Bool, columnLayout: ColumnLayout, captionedImages: Int, imagesWithDescriptions: Int, empty: VisualContentMetadata",Low,,code_verified,high,OpenIntelligence/Services/Document/Classification/ImageUnderstandingService.swift,scan_codebase.py,Parsed model schema
ColumnLayout,OpenIntelligence/Services/Document/Classification/ImageUnderstandingService.swift,"String, Codable, Sendable",No,Yes,Yes,No,,,,,Low,,code_verified,high,OpenIntelligence/Services/Document/Classification/ImageUnderstandingService.swift,scan_codebase.py,Parsed model schema
StandaloneImageAnalysis,OpenIntelligence/Services/Document/Classification/ImageUnderstandingService.swift,Sendable,No,No,Yes,No,,,,"classifications: [ImageClassification], contentType: ImageContentType, extractedText: String?, aiDescription: String?, classificationDescription: String?, structuredText: String, ocrText: String, bestDescription: String",Low,,code_verified,high,OpenIntelligence/Services/Document/Classification/ImageUnderstandingService.swift,scan_codebase.py,Parsed model schema
DetectedObject,OpenIntelligence/Services/Document/Classification/YOLODetectionService.swift,"Identifiable, Sendable",No,No,Yes,Yes,,,,"id: , label: String, confidence: Float, boundingBox: CGRect, description: String",Low,,code_verified,high,OpenIntelligence/Services/Document/Classification/YOLODetectionService.swift,scan_codebase.py,Parsed model schema
Strategy,OpenIntelligence/Services/Document/Config/OCRConfiguration.swift,Sendable,No,No,Yes,No,,,,"name: String, sharpenRadius: Double, sharpenIntensity: Double, contrast: Double, brightness: Double, saturation: Double, exposureAdjust: Double?, noiseReduction: Double?",Low,,code_verified,high,OpenIntelligence/Services/Document/Config/OCRConfiguration.swift,scan_codebase.py,Parsed model schema
ObservationAnalysis,OpenIntelligence/Services/Document/Config/OCRConfiguration.swift,Sendable,No,No,Yes,No,,,,"text: String, confidence: Float, containsNumericData: Bool, isUncertain: Bool, alternatives: [(text: String, confidence: Float)], uncertainNumbers: [UncertainNumber]",Low,,code_verified,high,OpenIntelligence/Services/Document/Config/OCRConfiguration.swift,scan_codebase.py,Parsed model schema
UncertainNumber,OpenIntelligence/Services/Document/Config/OCRConfiguration.swift,Sendable,No,No,Yes,No,,,,"value: String, confidence: Float, alternatives: [String]",Low,,code_verified,high,OpenIntelligence/Services/Document/Config/OCRConfiguration.swift,scan_codebase.py,Parsed model schema
TranscriptionResult,OpenIntelligence/Services/Document/Extraction/AudioTranscriptionService.swift,Sendable,No,No,Yes,No,,,,"text: String, duration: TimeInterval, language: DetectedLanguage, segments: [TranscriptionSegment], confidence: Float, isSuccessful: Bool, wordCount: Int",Low,,code_verified,high,OpenIntelligence/Services/Document/Extraction/AudioTranscriptionService.swift,scan_codebase.py,Parsed model schema
TranscriptionSegment,OpenIntelligence/Services/Document/Extraction/AudioTranscriptionService.swift,Sendable,No,No,Yes,No,,,,"text: String, startTime: TimeInterval, endTime: TimeInterval, confidence: Float",Low,,code_verified,high,OpenIntelligence/Services/Document/Extraction/AudioTranscriptionService.swift,scan_codebase.py,Parsed model schema
GazetteerEntity,OpenIntelligence/Services/Document/Extraction/GazetteerService.swift,"Sendable, Hashable",No,No,Yes,No,,,,"term: String, label: String, source: String",Low,,code_verified,high,OpenIntelligence/Services/Document/Extraction/GazetteerService.swift,scan_codebase.py,Parsed model schema
DetectedLanguage,OpenIntelligence/Services/Document/Extraction/LanguageDetectionService.swift,Sendable,No,No,Yes,No,,,,"code: NLLanguage, confidence: Double, displayName: String, isConfident: Bool, isEnglish: Bool, english: , unknown: ",Low,,code_verified,high,OpenIntelligence/Services/Document/Extraction/LanguageDetectionService.swift,scan_codebase.py,Parsed model schema
DocumentLanguageProfile,OpenIntelligence/Services/Document/Extraction/LanguageDetectionService.swift,Sendable,No,No,Yes,No,,,,"primaryLanguage: DetectedLanguage, additionalLanguages: [DetectedLanguage], isMultilingual: Bool, sampleSize: Int",Low,,code_verified,high,OpenIntelligence/Services/Document/Extraction/LanguageDetectionService.swift,scan_codebase.py,Parsed model schema
TranslationResult,OpenIntelligence/Services/Document/Extraction/TranslationService.swift,Sendable,No,No,Yes,No,,,,"originalText: String, translatedText: String, sourceLanguage: Locale.Language, targetLanguage: Locale.Language, isTranslated: Bool",Low,,code_verified,high,OpenIntelligence/Services/Document/Extraction/TranslationService.swift,scan_codebase.py,Parsed model schema
TranslationConfig,OpenIntelligence/Services/Document/Extraction/TranslationService.swift,Sendable,No,No,Yes,No,,,,"targetLanguage: Locale.Language, preserveFormatting: Bool, maxBatchSize: Int, defaultEnglish: ",Low,,code_verified,high,OpenIntelligence/Services/Document/Extraction/TranslationService.swift,scan_codebase.py,Parsed model schema
ProcessedChunk,OpenIntelligence/Services/Document/Processing/DocumentProcessor.swift,Sendable,No,No,Yes,No,,,,"text: String, parentText: String?, metadata: ChunkMetadata, structuredTable: StructuredTablePayload?",Low,,code_verified,high,OpenIntelligence/Services/Document/Processing/DocumentProcessor.swift,scan_codebase.py,Parsed model schema
StructuredTablePayload,OpenIntelligence/Services/Document/Processing/DocumentProcessor.swift,"Sendable, Codable",No,Yes,Yes,No,,,,"title: String, headers: [String], rows: [[String]], extractionQuality: Double, extractionSource: String, lowQualityRowIndices: [Int], rowCount: Int, columnCount: Int, searchText: String, lines: [String]",Low,,code_verified,high,OpenIntelligence/Services/Document/Processing/DocumentProcessor.swift,scan_codebase.py,Parsed model schema
ChunkingOverride,OpenIntelligence/Services/Document/Processing/DocumentProcessor.swift,Sendable,No,No,Yes,No,,,,"strategy: String?, targetWordWindow: Int, overlapWords: Int",Low,,code_verified,high,OpenIntelligence/Services/Document/Processing/DocumentProcessor.swift,scan_codebase.py,Parsed model schema
StructuredElementWrapper,OpenIntelligence/Services/Document/Processing/DocumentProcessor.swift,Sendable,No,No,Yes,No,,,,"text: String, elementType: String, pageNumber: Int, isAtomicChunk: Bool, detectedEntities: [(type: String, value: String)], tableData: TableData?, listItems: [String]?, extractionSource: String?, qualityScore: Double?, imageAnalysis: AnalyzedImage?",Low,,code_verified,high,OpenIntelligence/Services/Document/Processing/DocumentProcessor.swift,scan_codebase.py,Parsed model schema
RegionCropRescuePayload,OpenIntelligence/Services/Document/Processing/DocumentProcessor.swift,Sendable,No,No,Yes,No,,,,"elements: [StructuredElementWrapper], pageText: String, tableCount: Int, listCount: Int, figureCount: Int",Low,,code_verified,high,OpenIntelligence/Services/Document/Processing/DocumentProcessor.swift,scan_codebase.py,Parsed model schema
ExtractionProgress,OpenIntelligence/Services/Document/Processing/DocumentProcessor.swift,Sendable,No,No,Yes,No,,,,"stage: String, detail: String, currentPage: Int?, totalPages: Int?, tablesFound: Int, listsFound: Int, headersFound: Int, ocrPagesUsed: Int, usingVision: Bool, wordsExtracted: Int",Low,,code_verified,high,OpenIntelligence/Services/Document/Processing/DocumentProcessor.swift,scan_codebase.py,Parsed model schema
PageInfo,OpenIntelligence/Services/Document/Processing/DocumentProcessor.swift,,No,No,No,No,,,,"totalPages: Int, ocrPagesUsed: Int, pageNumbers: [Int], pageTextRanges: PageTextMapping",Low,,code_verified,high,OpenIntelligence/Services/Document/Processing/DocumentProcessor.swift,scan_codebase.py,Parsed model schema
PageExtractionResult,OpenIntelligence/Services/Document/Processing/DocumentProcessor.swift,Sendable,No,No,Yes,No,,,,"pageIndex: Int, text: String, usedOCR: Bool, usedSpatial: Bool, ocrCharCount: Int, noTextLayer: Bool",Low,,code_verified,high,OpenIntelligence/Services/Document/Processing/DocumentProcessor.swift,scan_codebase.py,Parsed model schema
PageData,OpenIntelligence/Services/Document/Processing/DocumentProcessor.swift,Sendable,No,No,Yes,No,,,,"pageIndex: Int, pageString: String?, pageImage: CIImage?, hasText: Bool, textQualityOK: Bool, requiresOCRForAccuracy: Bool",Low,,code_verified,high,OpenIntelligence/Services/Document/Processing/DocumentProcessor.swift,scan_codebase.py,Parsed model schema
PageRenderData,OpenIntelligence/Services/Document/Processing/DocumentProcessor.swift,Sendable,No,No,Yes,No,,,,"pageIndex: Int, pageImage: CIImage?, plainText: String?, layoutText: String?, layoutTables: [TableRegion], preferHighResolutionStructure: Bool",Low,,code_verified,high,OpenIntelligence/Services/Document/Processing/DocumentProcessor.swift,scan_codebase.py,Parsed model schema
PageParseResult,OpenIntelligence/Services/Document/Processing/DocumentProcessor.swift,Sendable,No,No,Yes,No,,,,"pageIndex: Int, elements: [StructuredElementWrapper], pageText: String, hasStructure: Bool, usedOCR: Bool, tablesFound: Int, listsFound: Int, headersFound: Int",Low,,code_verified,high,OpenIntelligence/Services/Document/Processing/DocumentProcessor.swift,scan_codebase.py,Parsed model schema
DetectedTable,OpenIntelligence/Services/Document/Processing/DocumentProcessor.swift,Sendable,No,No,Yes,No,,,,"rows: [[String]], boundingBox: CGRect, confidence: Float",Low,,code_verified,high,OpenIntelligence/Services/Document/Processing/DocumentProcessor.swift,scan_codebase.py,Parsed model schema
IntelligentProcessingResult,OpenIntelligence/Services/Document/Processing/IntelligentDocumentProcessor.swift,Sendable,No,No,Yes,No,,,,"classification: DocumentClassificationResult, regions: [RegionDetectionResult], structuredContent: StructuredDocumentContent, processingMetrics: IntelligentProcessingMetrics",Low,,code_verified,high,OpenIntelligence/Services/Document/Processing/IntelligentDocumentProcessor.swift,scan_codebase.py,Parsed model schema
StructuredDocumentContent,OpenIntelligence/Services/Document/Processing/IntelligentDocumentProcessor.swift,Sendable,No,No,Yes,No,,,,"textBlocks: [ExtractedTextBlock], tables: [ExtractedTable], figures: [ExtractedFigure], lists: [ExtractedList], metadata: DocumentStructureMetadata",Low,,code_verified,high,OpenIntelligence/Services/Document/Processing/IntelligentDocumentProcessor.swift,scan_codebase.py,Parsed model schema
ExtractedTextBlock,OpenIntelligence/Services/Document/Processing/IntelligentDocumentProcessor.swift,"Sendable, Identifiable",No,No,Yes,Yes,,,,"id: , pageNumber: Int, text: String, boundingBox: CGRect, isHeader: Bool, isFooter: Bool, confidence: Float",Low,,code_verified,high,OpenIntelligence/Services/Document/Processing/IntelligentDocumentProcessor.swift,scan_codebase.py,Parsed model schema
ExtractedTable,OpenIntelligence/Services/Document/Processing/IntelligentDocumentProcessor.swift,"Sendable, Identifiable",No,No,Yes,Yes,,,,"id: , pageNumber: Int, rows: [[String]], boundingBox: CGRect, hasHeader: Bool, caption: String?",Low,,code_verified,high,OpenIntelligence/Services/Document/Processing/IntelligentDocumentProcessor.swift,scan_codebase.py,Parsed model schema
ExtractedFigure,OpenIntelligence/Services/Document/Processing/IntelligentDocumentProcessor.swift,"Sendable, Identifiable",No,No,Yes,Yes,,,,"id: , pageNumber: Int, boundingBox: CGRect, caption: String?, classification: String?, description: String?",Low,,code_verified,high,OpenIntelligence/Services/Document/Processing/IntelligentDocumentProcessor.swift,scan_codebase.py,Parsed model schema
ExtractedList,OpenIntelligence/Services/Document/Processing/IntelligentDocumentProcessor.swift,"Sendable, Identifiable",No,No,Yes,Yes,,,,"id: , pageNumber: Int, items: [String], isNumbered: Bool, boundingBox: CGRect",Low,,code_verified,high,OpenIntelligence/Services/Document/Processing/IntelligentDocumentProcessor.swift,scan_codebase.py,Parsed model schema
DocumentStructureMetadata,OpenIntelligence/Services/Document/Processing/IntelligentDocumentProcessor.swift,Sendable,No,No,Yes,No,,,,"totalPages: Int, textBlockCount: Int, tableCount: Int, figureCount: Int, listCount: Int, estimatedWordCount: Int, primaryLanguage: String?, contentTypes: [DocumentContentType]",Low,,code_verified,high,OpenIntelligence/Services/Document/Processing/IntelligentDocumentProcessor.swift,scan_codebase.py,Parsed model schema
IntelligentProcessingMetrics,OpenIntelligence/Services/Document/Processing/IntelligentDocumentProcessor.swift,Sendable,No,No,Yes,No,,,,"classificationTimeMs: Double, regionDetectionTimeMs: Double, ocrTimeMs: Double, totalTimeMs: Double, modelsUsed: [String], pagesProcessed: Int",Low,,code_verified,high,OpenIntelligence/Services/Document/Processing/IntelligentDocumentProcessor.swift,scan_codebase.py,Parsed model schema
RegionRescueResult,OpenIntelligence/Services/Document/Processing/IntelligentDocumentProcessor.swift,Sendable,No,No,Yes,No,,,,"pageNumber: Int, detectedRegions: [DocumentDetectedRegion], content: StructuredDocumentContent, readingOrderText: String, averageConfidence: Float, modelUsed: String, processingTimeMs: Double",Low,,code_verified,high,OpenIntelligence/Services/Document/Processing/IntelligentDocumentProcessor.swift,scan_codebase.py,Parsed model schema
ProcessingOptions,OpenIntelligence/Services/Document/Processing/IntelligentDocumentProcessor.swift,Sendable,No,No,Yes,No,,,,"maxPages: Int, renderDPI: CGFloat, enableTableExtraction: Bool, enableFigureAnalysis: Bool, parallelPages: Int, fast: , highQuality: ",Low,,code_verified,high,OpenIntelligence/Services/Document/Processing/IntelligentDocumentProcessor.swift,scan_codebase.py,Parsed model schema
TextBlock,OpenIntelligence/Services/Document/Processing/LayoutAwareExtractor.swift,Sendable,No,No,Yes,No,,,,"text: String, boundingBox: CGRect, confidence: Float, pageNumber: Int, id: ",Low,,code_verified,high,OpenIntelligence/Services/Document/Processing/LayoutAwareExtractor.swift,scan_codebase.py,Parsed model schema
DetectedColumn,OpenIntelligence/Services/Document/Processing/LayoutAwareExtractor.swift,Sendable,No,No,Yes,No,,,,"index: Int, xRange: ClosedRange<CGFloat>, blocks: [TextBlock]",Low,,code_verified,high,OpenIntelligence/Services/Document/Processing/LayoutAwareExtractor.swift,scan_codebase.py,Parsed model schema
LayoutAnalysisResult,OpenIntelligence/Services/Document/Processing/LayoutAwareExtractor.swift,Sendable,No,No,Yes,No,,,,"pageNumber: Int, columns: [DetectedColumn], tables: [TableRegion], readingOrderText: String, rawBlocks: [TextBlock]",Low,,code_verified,high,OpenIntelligence/Services/Document/Processing/LayoutAwareExtractor.swift,scan_codebase.py,Parsed model schema
TableRegion,OpenIntelligence/Services/Document/Processing/LayoutAwareExtractor.swift,Sendable,No,No,Yes,No,,,,"boundingBox: CGRect, rows: [[String]], pageNumber: Int",Low,,code_verified,high,OpenIntelligence/Services/Document/Processing/LayoutAwareExtractor.swift,scan_codebase.py,Parsed model schema
ReadingElement,OpenIntelligence/Services/Document/Processing/LayoutAwareExtractor.swift,Sendable,No,No,Yes,No,,,,"text: String, topY: CGFloat, minX: CGFloat",Low,,code_verified,high,OpenIntelligence/Services/Document/Processing/LayoutAwareExtractor.swift,scan_codebase.py,Parsed model schema
StructuredElement,OpenIntelligence/Services/Document/Processing/StructuredDocumentParser.swift,Sendable,No,No,Yes,No,,,,,Low,,code_verified,high,OpenIntelligence/Services/Document/Processing/StructuredDocumentParser.swift,scan_codebase.py,Parsed model schema
DetectedEntity,OpenIntelligence/Services/Document/Processing/StructuredDocumentParser.swift,"Sendable, Equatable, Hashable",No,No,Yes,No,,,,"type: EntityType, value: String, rawText: String",Low,,code_verified,high,OpenIntelligence/Services/Document/Processing/StructuredDocumentParser.swift,scan_codebase.py,Parsed model schema
EntityType,OpenIntelligence/Services/Document/Processing/StructuredDocumentParser.swift,"String, Sendable, Hashable",No,No,Yes,No,,,,,Low,,code_verified,high,OpenIntelligence/Services/Document/Processing/StructuredDocumentParser.swift,scan_codebase.py,Parsed model schema
TableCellAlignment,OpenIntelligence/Services/Document/Processing/StructuredDocumentParser.swift,"String, Sendable",No,No,Yes,No,,,,,Low,,code_verified,high,OpenIntelligence/Services/Document/Processing/StructuredDocumentParser.swift,scan_codebase.py,Parsed model schema
TableData,OpenIntelligence/Services/Document/Processing/StructuredDocumentParser.swift,Sendable,No,No,Yes,No,,,,"pageNumber: Int, rows: [[String]], headerRow: [String]?, caption: String?, detectedEntities: [DetectedEntity], cellAlignments: [[TableCellAlignment]], lines: [String], columnCount: , headers: , records: ",Low,,code_verified,high,OpenIntelligence/Services/Document/Processing/StructuredDocumentParser.swift,scan_codebase.py,Parsed model schema
StructuredPageContent,OpenIntelligence/Services/Document/Processing/StructuredDocumentParser.swift,Sendable,No,No,Yes,No,,,,"pageNumber: Int, elements: [StructuredElement], rawText: String, qualityScore: Double, figureReferences: [String]",Low,,code_verified,high,OpenIntelligence/Services/Document/Processing/StructuredDocumentParser.swift,scan_codebase.py,Parsed model schema
OCRFallbackReadingBlock,OpenIntelligence/Services/Document/Processing/StructuredDocumentParser.swift,Sendable,No,No,Yes,No,,,,"text: String, topY: CGFloat, minX: CGFloat",Low,,code_verified,high,OpenIntelligence/Services/Document/Processing/StructuredDocumentParser.swift,scan_codebase.py,Parsed model schema
StructuredDocumentSnapshot,OpenIntelligence/Services/Document/Processing/StructuredDocumentParser.swift,Sendable,No,No,Yes,No,,,,"elements: [StructuredElement], figureReferences: [String], rawText: String, tableCount: Int, listCount: Int, figureCount: Int",Low,,code_verified,high,OpenIntelligence/Services/Document/Processing/StructuredDocumentParser.swift,scan_codebase.py,Parsed model schema
CorpusSignals,OpenIntelligence/Services/Embedding/AdaptiveEmbeddingOptimizer.swift,Sendable,No,No,Yes,No,,,,"documentCount: Int, chunkCount: Int, avgWordsPerChunk: Double, multilingualScore: Double, vocabularyRichness: Double, technicalDensity: Double, semanticComplexity: Double, hasCode: Bool, hasMath: Bool, structuredRatio: Double",Low,,code_verified,high,OpenIntelligence/Services/Embedding/AdaptiveEmbeddingOptimizer.swift,scan_codebase.py,Parsed model schema
ChunkingPlan,OpenIntelligence/Services/Embedding/AdaptiveEmbeddingOptimizer.swift,Sendable,No,No,Yes,No,,,,"strategy: Strategy, targetWordWindow: Int, overlapWords: Int, rationales: [String]",Low,,code_verified,high,OpenIntelligence/Services/Embedding/AdaptiveEmbeddingOptimizer.swift,scan_codebase.py,Parsed model schema
Strategy,OpenIntelligence/Services/Embedding/AdaptiveEmbeddingOptimizer.swift,"String, Sendable",No,No,Yes,No,,,,,Low,,code_verified,high,OpenIntelligence/Services/Embedding/AdaptiveEmbeddingOptimizer.swift,scan_codebase.py,Parsed model schema
EmbeddingPlan,OpenIntelligence/Services/Embedding/AdaptiveEmbeddingOptimizer.swift,Sendable,No,No,Yes,No,,,,"providerId: String, dimension: Int, confidence: Double, rationale: String, requiresCloudConsent: Bool",Low,,code_verified,high,OpenIntelligence/Services/Embedding/AdaptiveEmbeddingOptimizer.swift,scan_codebase.py,Parsed model schema
RetrievalPlan,OpenIntelligence/Services/Embedding/AdaptiveEmbeddingOptimizer.swift,Sendable,No,No,Yes,No,,,,"fusionStyle: FusionStyle, vectorWeight: Double, lexicalWeight: Double, mmrLambda: Double, reranker: RerankerStrategy, notes: [String]",Low,,code_verified,high,OpenIntelligence/Services/Embedding/AdaptiveEmbeddingOptimizer.swift,scan_codebase.py,Parsed model schema
FusionStyle,OpenIntelligence/Services/Embedding/AdaptiveEmbeddingOptimizer.swift,"String, Sendable",No,No,Yes,No,,,,,Low,,code_verified,high,OpenIntelligence/Services/Embedding/AdaptiveEmbeddingOptimizer.swift,scan_codebase.py,Parsed model schema
RerankerStrategy,OpenIntelligence/Services/Embedding/AdaptiveEmbeddingOptimizer.swift,"String, Sendable",No,No,Yes,No,,,,,Low,,code_verified,high,OpenIntelligence/Services/Embedding/AdaptiveEmbeddingOptimizer.swift,scan_codebase.py,Parsed model schema
DocumentProfile,OpenIntelligence/Services/Embedding/AdaptiveEmbeddingOptimizer.swift,"Identifiable, Sendable",No,No,Yes,Yes,,,,"id: UUID, name: String, descriptor: String, keyTopics: [String], preview: String, addedAt: Date",Low,,code_verified,high,OpenIntelligence/Services/Embedding/AdaptiveEmbeddingOptimizer.swift,scan_codebase.py,Parsed model schema
IntelligenceReport,OpenIntelligence/Services/Embedding/AdaptiveEmbeddingOptimizer.swift,Sendable,No,No,Yes,No,,,,"corpus: CorpusSignals, chunking: ChunkingPlan, embedding: EmbeddingPlan, retrieval: RetrievalPlan, documents: [DocumentProfile], alerts: [String]",Low,,code_verified,high,OpenIntelligence/Services/Embedding/AdaptiveEmbeddingOptimizer.swift,scan_codebase.py,Parsed model schema
PoolingStrategy,OpenIntelligence/Services/Embedding/Providers/NLContextualEmbeddingProvider.swift,Sendable,No,No,Yes,No,,,,,Low,,code_verified,high,OpenIntelligence/Services/Embedding/Providers/NLContextualEmbeddingProvider.swift,scan_codebase.py,Parsed model schema
RAGEvalCase,OpenIntelligence/Services/Evaluation/RAGEvalCase.swift,"Codable, Identifiable, Sendable",No,Yes,Yes,Yes,,,,"id: String, query: String, expectedAnswer: String, category: EvalCategory, groundTruthChunkIds: [String]?, expectedCitations: [String]?, shouldAbstain: Bool, containerId: String?, qualityMode: String?, tags: [String]?",Low,,code_verified,high,OpenIntelligence/Services/Evaluation/RAGEvalCase.swift,scan_codebase.py,Parsed model schema
EvalCategory,OpenIntelligence/Services/Evaluation/RAGEvalCase.swift,"String, Codable, CaseIterable, Sendable",No,Yes,Yes,No,,,,,Low,,code_verified,high,OpenIntelligence/Services/Evaluation/RAGEvalCase.swift,scan_codebase.py,Parsed model schema
RAGEvalResult,OpenIntelligence/Services/Evaluation/RAGEvalCase.swift,"Codable, Identifiable, Sendable",No,Yes,Yes,Yes,,,,"id: String, query: String, generatedResponse: String, answerMatch: Bool, retrievalRecall: Double?, citationPrecision: Double?, abstentionCorrect: Bool, latencySeconds: Double, tokensGenerated: Int?, qualityModeUsed: String",Low,,code_verified,high,OpenIntelligence/Services/Evaluation/RAGEvalCase.swift,scan_codebase.py,Parsed model schema
RAGEvalDataset,OpenIntelligence/Services/Evaluation/RAGEvalDataset.swift,Sendable,No,No,Yes,No,,,,"name: String, cases: [RAGEvalCase], count: Int, categoryCounts: [EvalCategory: Int]",Low,,code_verified,high,OpenIntelligence/Services/Evaluation/RAGEvalDataset.swift,scan_codebase.py,Parsed model schema
RAGEvalMetrics,OpenIntelligence/Services/Evaluation/RAGEvalMetrics.swift,"Codable, Sendable",No,Yes,Yes,No,,,,"retrievalRecallAt5: Double, citationPrecision: Double, exactValueAccuracy: Double, unsupportedClaimRate: Double, correctAbstentionRate: Double, contextOverflowRate: Double, visualOCREvidenceUseRate: Double, meanLatencySeconds: Double, p95LatencySeconds: Double, meanTokensPerSecond: Double",Low,,code_verified,high,OpenIntelligence/Services/Evaluation/RAGEvalMetrics.swift,scan_codebase.py,Parsed model schema
RAGEvalReportWriter,OpenIntelligence/Services/Evaluation/RAGEvalReportWriter.swift,Sendable,No,No,Yes,No,,,,,Low,,code_verified,high,OpenIntelligence/Services/Evaluation/RAGEvalReportWriter.swift,scan_codebase.py,Parsed model schema
ReportPayload,OpenIntelligence/Services/Evaluation/RAGEvalReportWriter.swift,Codable,No,Yes,No,No,,,,"metrics: RAGEvalMetrics, results: [RAGEvalResult]",Low,,code_verified,high,OpenIntelligence/Services/Evaluation/RAGEvalReportWriter.swift,scan_codebase.py,Parsed model schema
RAGEvalRunner,OpenIntelligence/Services/Evaluation/RAGEvalRunner.swift,Sendable,No,No,Yes,No,,,,,Low,,code_verified,high,OpenIntelligence/Services/Evaluation/RAGEvalRunner.swift,scan_codebase.py,Parsed model schema
ContinuedIngestionPhase,OpenIntelligence/Services/Infrastructure/Background/BackgroundTaskService.swift,"String, Codable, Sendable",No,Yes,Yes,No,,,,,Low,,code_verified,high,OpenIntelligence/Services/Infrastructure/Background/BackgroundTaskService.swift,scan_codebase.py,Parsed model schema
ContinuedQueryPhase,OpenIntelligence/Services/Infrastructure/Background/BackgroundTaskService.swift,"String, Codable, Sendable",No,Yes,Yes,No,,,,,Low,,code_verified,high,OpenIntelligence/Services/Infrastructure/Background/BackgroundTaskService.swift,scan_codebase.py,Parsed model schema
ContinuedIngestionExecutionMode,OpenIntelligence/Services/Infrastructure/Background/BackgroundTaskService.swift,"String, Codable, Sendable",No,Yes,Yes,No,,,,,Low,,code_verified,high,OpenIntelligence/Services/Infrastructure/Background/BackgroundTaskService.swift,scan_codebase.py,Parsed model schema
ContinuedIngestionPolicySnapshot,OpenIntelligence/Services/Infrastructure/Background/BackgroundTaskService.swift,"Codable, Sendable",No,Yes,Yes,No,,,,"deviceTier: String, chipName: String, formFactor: String, requestedGPUAccelerationLevel: Double, activeGPUAccelerationLevel: Double, backgroundGPUSupported: Bool, backgroundGPURequested: Bool, lowPowerModeEnabled: Bool, thermalState: String, memoryPressure: String",Low,,code_verified,high,OpenIntelligence/Services/Infrastructure/Background/BackgroundTaskService.swift,scan_codebase.py,Parsed model schema
ContinuedIngestionStatusSnapshot,OpenIntelligence/Services/Infrastructure/Background/BackgroundTaskService.swift,"Codable, Sendable",No,Yes,Yes,No,,,,"phase: ContinuedIngestionPhase, title: String, subtitle: String, progressFraction: Double, updatedAt: Date, startedAt: Date?, completedAt: Date?, lastError: String?, policy: ContinuedIngestionPolicySnapshot?, idle: ",Low,,code_verified,high,OpenIntelligence/Services/Infrastructure/Background/BackgroundTaskService.swift,scan_codebase.py,Parsed model schema
ContinuedIngestionRequestContext,OpenIntelligence/Services/Infrastructure/Background/BackgroundTaskService.swift,Sendable,No,No,Yes,No,,,,"requestIdentifier: String, title: String, subtitle: String, policy: ContinuedIngestionPolicySnapshot, submittedAt: Date",Low,,code_verified,high,OpenIntelligence/Services/Infrastructure/Background/BackgroundTaskService.swift,scan_codebase.py,Parsed model schema
ContinuedQueryStatusSnapshot,OpenIntelligence/Services/Infrastructure/Background/BackgroundTaskService.swift,"Codable, Sendable",No,Yes,Yes,No,,,,"phase: ContinuedQueryPhase, title: String, subtitle: String, progressFraction: Double, updatedAt: Date, startedAt: Date?, completedAt: Date?, lastError: String?, policy: ContinuedIngestionPolicySnapshot?, idle: ",Low,,code_verified,high,OpenIntelligence/Services/Infrastructure/Background/BackgroundTaskService.swift,scan_codebase.py,Parsed model schema
ContinuedQueryRequestContext,OpenIntelligence/Services/Infrastructure/Background/BackgroundTaskService.swift,Sendable,No,No,Yes,No,,,,"requestIdentifier: String, title: String, subtitle: String, policy: ContinuedIngestionPolicySnapshot, submittedAt: Date",Low,,code_verified,high,OpenIntelligence/Services/Infrastructure/Background/BackgroundTaskService.swift,scan_codebase.py,Parsed model schema
IngestionLiveActivityPresentationProfile,OpenIntelligence/Services/Infrastructure/Background/IngestionLiveActivityAttributes.swift,"String, Codable, Hashable, Sendable",No,Yes,Yes,No,,,,,Low,,code_verified,high,OpenIntelligence/Services/Infrastructure/Background/IngestionLiveActivityAttributes.swift,scan_codebase.py,Parsed model schema
IngestionLiveActivityProcessingMode,OpenIntelligence/Services/Infrastructure/Background/IngestionLiveActivityAttributes.swift,"String, Codable, Hashable, Sendable",No,Yes,Yes,No,,,,displayName: String,Low,,code_verified,high,OpenIntelligence/Services/Infrastructure/Background/IngestionLiveActivityAttributes.swift,scan_codebase.py,Parsed model schema
IngestionLiveActivityThermalBucket,OpenIntelligence/Services/Infrastructure/Background/IngestionLiveActivityAttributes.swift,"String, Codable, Hashable, Sendable",No,Yes,Yes,No,,,,displayName: String,Low,,code_verified,high,OpenIntelligence/Services/Infrastructure/Background/IngestionLiveActivityAttributes.swift,scan_codebase.py,Parsed model schema
IngestionLiveActivityAttributes,OpenIntelligence/Services/Infrastructure/Background/IngestionLiveActivityAttributes.swift,"ActivityAttributes, Sendable",No,No,Yes,No,,,,"progress: Double, processedCount: Int, totalCount: Int, activeCount: Int, currentFilename: String, currentStage: String, remainingDocuments: [String], deviceSummary: String, performanceSummary: String, presentationProfile: IngestionLiveActivityPresentationProfile",Low,,code_verified,high,OpenIntelligence/Services/Infrastructure/Background/IngestionLiveActivityAttributes.swift,scan_codebase.py,Parsed model schema
ContentState,OpenIntelligence/Services/Infrastructure/Background/IngestionLiveActivityAttributes.swift,"Codable, Hashable, Sendable",No,Yes,Yes,No,,,,"progress: Double, processedCount: Int, totalCount: Int, activeCount: Int, currentFilename: String, currentStage: String, remainingDocuments: [String], deviceSummary: String, performanceSummary: String, presentationProfile: IngestionLiveActivityPresentationProfile",Low,,code_verified,high,OpenIntelligence/Services/Infrastructure/Background/IngestionLiveActivityAttributes.swift,scan_codebase.py,Parsed model schema
QueryLiveActivityAttributes,OpenIntelligence/Services/Infrastructure/Background/IngestionLiveActivityAttributes.swift,"ActivityAttributes, Sendable",No,No,Yes,No,,,,"progress: Double, title: String, subtitle: String, sessionID: UUID",Low,,code_verified,high,OpenIntelligence/Services/Infrastructure/Background/IngestionLiveActivityAttributes.swift,scan_codebase.py,Parsed model schema
ContentState,OpenIntelligence/Services/Infrastructure/Background/IngestionLiveActivityAttributes.swift,"Codable, Hashable, Sendable",No,Yes,Yes,No,,,,"progress: Double, title: String, subtitle: String",Low,,code_verified,high,OpenIntelligence/Services/Infrastructure/Background/IngestionLiveActivityAttributes.swift,scan_codebase.py,Parsed model schema
Level,OpenIntelligence/Services/Infrastructure/Configuration/LoggingConfiguration.swift,"Int, Comparable, Sendable",No,No,Yes,No,,,,,Low,,code_verified,high,OpenIntelligence/Services/Infrastructure/Configuration/LoggingConfiguration.swift,scan_codebase.py,Parsed model schema
Category,OpenIntelligence/Services/Infrastructure/Configuration/LoggingConfiguration.swift,"Hashable, Sendable, CaseIterable",No,No,Yes,No,,,,,Low,,code_verified,high,OpenIntelligence/Services/Infrastructure/Configuration/LoggingConfiguration.swift,scan_codebase.py,Parsed model schema
ImageGenerationRequest,OpenIntelligence/Services/Infrastructure/Integration/ImagePlaygroundService.swift,Sendable,No,No,Yes,No,,,,"prompt: String, sourceText: String?, style: ImageGenerationStyle, containerId: UUID?",Low,,code_verified,high,OpenIntelligence/Services/Infrastructure/Integration/ImagePlaygroundService.swift,scan_codebase.py,Parsed model schema
ImageGenerationStyle,OpenIntelligence/Services/Infrastructure/Integration/ImagePlaygroundService.swift,"String, Sendable",No,No,Yes,No,,,,,Low,,code_verified,high,OpenIntelligence/Services/Infrastructure/Integration/ImagePlaygroundService.swift,scan_codebase.py,Parsed model schema
ImageGenerationResult,OpenIntelligence/Services/Infrastructure/Integration/ImagePlaygroundService.swift,Sendable,No,No,Yes,No,,,,"imageURL: URL?, prompt: String, wasGenerated: Bool, error: String?",Low,,code_verified,high,OpenIntelligence/Services/Infrastructure/Integration/ImagePlaygroundService.swift,scan_codebase.py,Parsed model schema
ImageConceptList,OpenIntelligence/Services/Infrastructure/Integration/ImagePlaygroundService.swift,Sendable,No,No,Yes,No,,,,concepts: [String],Low,,code_verified,high,OpenIntelligence/Services/Infrastructure/Integration/ImagePlaygroundService.swift,scan_codebase.py,Parsed model schema
IngestionExecutionProfile,OpenIntelligence/Services/Infrastructure/Monitoring/DeviceCapabilityService.swift,Sendable,No,No,Yes,No,,,,,Low,,code_verified,high,OpenIntelligence/Services/Infrastructure/Monitoring/DeviceCapabilityService.swift,scan_codebase.py,Parsed model schema
DeviceCapabilityTier,OpenIntelligence/Services/Infrastructure/Monitoring/DeviceCapabilityService.swift,"String, Sendable, Comparable",No,No,Yes,No,,,,"displayName: String, estimatedNPUTops: Int, neuralEngineCores: Int",Low,,code_verified,high,OpenIntelligence/Services/Infrastructure/Monitoring/DeviceCapabilityService.swift,scan_codebase.py,Parsed model schema
DeviceFormFactor,OpenIntelligence/Services/Infrastructure/Monitoring/DeviceCapabilityService.swift,"String, Sendable",No,No,Yes,No,,,,"hasActiveCooling: Bool, recommendedConcurrency: Int",Low,,code_verified,high,OpenIntelligence/Services/Infrastructure/Monitoring/DeviceCapabilityService.swift,scan_codebase.py,Parsed model schema
MetalHardwareSnapshot,OpenIntelligence/Services/Infrastructure/Monitoring/DeviceCapabilityService.swift,Sendable,No,No,Yes,No,,,,"deviceName: String, hasUnifiedMemory: Bool, recommendedWorkingSetMB: Int, maxBufferLengthMB: Int, maxThreadsPerThreadgroup: Int, maxThreadgroupMemoryKB: Int, unavailable: , workingSetDescription: String",Low,,code_verified,high,OpenIntelligence/Services/Infrastructure/Monitoring/DeviceCapabilityService.swift,scan_codebase.py,Parsed model schema
HardwareExecutionEnvelope,OpenIntelligence/Services/Infrastructure/Monitoring/DeviceCapabilityService.swift,Sendable,No,No,Yes,No,,,,"deviceIdentifier: String, chipName: String, formFactor: DeviceFormFactor, memoryGB: Double, npuTops: Int, metal: MetalHardwareSnapshot, maxSafeGPUAccelerationLevel: Double, requestedGPUAccelerationLevel: Double, activeGPUAccelerationLevel: Double, coreMLRoute: String",Low,,code_verified,high,OpenIntelligence/Services/Infrastructure/Monitoring/DeviceCapabilityService.swift,scan_codebase.py,Parsed model schema
HardwareComponent,OpenIntelligence/Services/Infrastructure/Monitoring/HardwareTelemetryState.swift,"String, CaseIterable, Sendable",No,No,Yes,No,,,,"color: Color, relativePosition: CGPoint",Low,,code_verified,high,OpenIntelligence/Services/Infrastructure/Monitoring/HardwareTelemetryState.swift,scan_codebase.py,Parsed model schema
HardwareActivityType,OpenIntelligence/Services/Infrastructure/Monitoring/HardwareTelemetryState.swift,"String, Sendable",No,No,Yes,No,,,,primaryComponent: HardwareComponent,Low,,code_verified,high,OpenIntelligence/Services/Infrastructure/Monitoring/HardwareTelemetryState.swift,scan_codebase.py,Parsed model schema
SystemStateSnapshot,OpenIntelligence/Services/Infrastructure/Monitoring/SystemStateMonitor.swift,"Sendable, Equatable",No,No,Yes,No,,,,"thermalState: ProcessInfo.ThermalState, thermalStateName: String, batteryLevel: Float, batteryState: UIDevice.BatteryState, batteryState: MacBatteryState, isCharging: Bool, isFullyCharged: Bool, availableMemoryBytes: UInt64, totalMemoryBytes: UInt64, memoryUsageRatio: Double",Low,,code_verified,high,OpenIntelligence/Services/Infrastructure/Monitoring/SystemStateMonitor.swift,scan_codebase.py,Parsed model schema
MemoryPressureLevel,OpenIntelligence/Services/Infrastructure/Monitoring/SystemStateMonitor.swift,"String, Sendable",No,No,Yes,No,,,,"icon: String, color: String",Low,,code_verified,high,OpenIntelligence/Services/Infrastructure/Monitoring/SystemStateMonitor.swift,scan_codebase.py,Parsed model schema
MacBatteryState,OpenIntelligence/Services/Infrastructure/Monitoring/SystemStateMonitor.swift,"Sendable, Equatable, CustomStringConvertible",No,No,Yes,No,,,,description: String,Low,,code_verified,high,OpenIntelligence/Services/Infrastructure/Monitoring/SystemStateMonitor.swift,scan_codebase.py,Parsed model schema
TelemetryEvent,OpenIntelligence/Services/Infrastructure/Monitoring/TelemetryCenter.swift,Identifiable,No,No,No,Yes,,,,"id: , timestamp: Date, category: TelemetryCategory, severity: TelemetrySeverity, title: String, metadata: [String: String], duration: TimeInterval?, formattedTimestamp: String, formatter: , formattedDuration: String?",Low,,code_verified,high,OpenIntelligence/Services/Infrastructure/Monitoring/TelemetryCenter.swift,scan_codebase.py,Parsed model schema
PipelineOptimizationLevel,OpenIntelligence/Services/Infrastructure/Optimization/AdaptivePipelineOptimizer.swift,"String, Sendable, CaseIterable",No,No,Yes,No,,,,displayName: String,Low,,code_verified,high,OpenIntelligence/Services/Infrastructure/Optimization/AdaptivePipelineOptimizer.swift,scan_codebase.py,Parsed model schema
DeviceRuntimeState,OpenIntelligence/Services/Infrastructure/Optimization/AdaptivePipelineOptimizer.swift,Sendable,No,No,Yes,No,,,,"thermalState: ProcessInfo.ThermalState, batteryLevel: Float, isCharging: Bool, memoryPressure: MemoryPressure, timestamp: Date, recommendedOptimizationLevel: PipelineOptimizationLevel, isConstrained: Bool, isMac: ",Low,,code_verified,high,OpenIntelligence/Services/Infrastructure/Optimization/AdaptivePipelineOptimizer.swift,scan_codebase.py,Parsed model schema
MemoryPressure,OpenIntelligence/Services/Infrastructure/Optimization/AdaptivePipelineOptimizer.swift,"String, Sendable",No,No,Yes,No,,,,,Low,,code_verified,high,OpenIntelligence/Services/Infrastructure/Optimization/AdaptivePipelineOptimizer.swift,scan_codebase.py,Parsed model schema
AdaptivePipelineConfig,OpenIntelligence/Services/Infrastructure/Optimization/AdaptivePipelineOptimizer.swift,Sendable,No,No,Yes,No,,,,"enableHyDE: Bool, enableParentDocumentRetrieval: Bool, enableContextualCompression: Bool, enableIterativeRetrieval: Bool, enableQueryRewriting: Bool, maxRetrievalCandidates: Int, maxContextTokens: Int, rerankBatchSize: Int, maxAgenticSteps: Int, stepCooldownMs: UInt64",Low,,code_verified,high,OpenIntelligence/Services/Infrastructure/Optimization/AdaptivePipelineOptimizer.swift,scan_codebase.py,Parsed model schema
QueryComplexity,OpenIntelligence/Services/Infrastructure/Optimization/AdaptivePipelineOptimizer.swift,"String, Sendable",No,No,Yes,No,,,,,Low,,code_verified,high,OpenIntelligence/Services/Infrastructure/Optimization/AdaptivePipelineOptimizer.swift,scan_codebase.py,Parsed model schema
ChunkInfo,OpenIntelligence/Services/Infrastructure/Presentation/ClusterLabelService.swift,Sendable,No,No,Yes,No,,,,"content: String, keywords: [String], sectionTitle: String?",Low,,code_verified,high,OpenIntelligence/Services/Infrastructure/Presentation/ClusterLabelService.swift,scan_codebase.py,Parsed model schema
ContentCategory,OpenIntelligence/Services/Infrastructure/Presentation/LibraryVisualizationEngine.swift,"String, CaseIterable, Identifiable",No,No,No,Yes,,,,"id: String, icon: String, color: Color",Low,,code_verified,high,OpenIntelligence/Services/Infrastructure/Presentation/LibraryVisualizationEngine.swift,scan_codebase.py,Parsed model schema
TopicCluster,OpenIntelligence/Services/Infrastructure/Presentation/LibraryVisualizationEngine.swift,"Identifiable, Equatable",No,No,No,Yes,,,,"id: , name: String, keywords: [String], chunkCount: Int, percentage: Float, color: Color, representativeSnippet: String",Low,,code_verified,high,OpenIntelligence/Services/Infrastructure/Presentation/LibraryVisualizationEngine.swift,scan_codebase.py,Parsed model schema
HotChunk,OpenIntelligence/Services/Infrastructure/Presentation/LibraryVisualizationEngine.swift,"Identifiable, Equatable",No,No,No,Yes,,,,"id: UUID, documentName: String, snippet: String, retrievalCount: Int, avgSimilarity: Float, lastAccessed: Date",Low,,code_verified,high,OpenIntelligence/Services/Infrastructure/Presentation/LibraryVisualizationEngine.swift,scan_codebase.py,Parsed model schema
RecentAddition,OpenIntelligence/Services/Infrastructure/Presentation/LibraryVisualizationEngine.swift,"Identifiable, Equatable",No,No,No,Yes,,,,"id: UUID, documentName: String, addedAt: Date, chunkCount: Int, integrationScore: Float, nearestTopics: [String]",Low,,code_verified,high,OpenIntelligence/Services/Infrastructure/Presentation/LibraryVisualizationEngine.swift,scan_codebase.py,Parsed model schema
VisualizationInsight,OpenIntelligence/Services/Infrastructure/Presentation/LibraryVisualizationEngine.swift,"Identifiable, Equatable",No,No,No,Yes,,,,"id: , type: InsightType, priority: InsightPriority, title: String, subtitle: String, icon: String, color: Color, action: InsightAction, metrics: [InsightMetric], id: ",Low,,code_verified,high,OpenIntelligence/Services/Infrastructure/Presentation/LibraryVisualizationEngine.swift,scan_codebase.py,Parsed model schema
InsightMetric,OpenIntelligence/Services/Infrastructure/Presentation/LibraryVisualizationEngine.swift,"Identifiable, Equatable",No,No,No,Yes,,,,"id: , label: String, value: String, trend: Trend?",Low,,code_verified,high,OpenIntelligence/Services/Infrastructure/Presentation/LibraryVisualizationEngine.swift,scan_codebase.py,Parsed model schema
DocumentEdge,OpenIntelligence/Services/Infrastructure/Presentation/LibraryVisualizationEngine.swift,Identifiable,No,No,No,Yes,,,,"id: , sourceIndex: Int, targetIndex: Int, similarity: Float",Low,,code_verified,high,OpenIntelligence/Services/Infrastructure/Presentation/LibraryVisualizationEngine.swift,scan_codebase.py,Parsed model schema
DocumentNode,OpenIntelligence/Services/Infrastructure/Presentation/LibraryVisualizationEngine.swift,Identifiable,No,No,No,Yes,,,,"id: UUID, name: String, chunkCount: Int, position: CGPoint, color: Color",Low,,code_verified,high,OpenIntelligence/Services/Infrastructure/Presentation/LibraryVisualizationEngine.swift,scan_codebase.py,Parsed model schema
ChunkDetail,OpenIntelligence/Services/Infrastructure/Presentation/LibraryVisualizationEngine.swift,Identifiable,No,No,No,Yes,,,,"id: UUID, documentName: String, snippet: String, chunkIndex: Int, totalChunks: Int, wordCount: Int, topKeywords: [String], embedding: [Float]?",Low,,code_verified,high,OpenIntelligence/Services/Infrastructure/Presentation/LibraryVisualizationEngine.swift,scan_codebase.py,Parsed model schema
EmbeddingSnapshot,OpenIntelligence/Services/Infrastructure/Presentation/LibraryVisualizationEngine.swift,Identifiable,No,No,No,Yes,,,,"id: , date: Date, pointIndex: Int, documentName: String",Low,,code_verified,high,OpenIntelligence/Services/Infrastructure/Presentation/LibraryVisualizationEngine.swift,scan_codebase.py,Parsed model schema
RecommendedView,OpenIntelligence/Services/Infrastructure/Presentation/LibraryVisualizationEngine.swift,"Identifiable, Equatable",No,No,No,Yes,,,,"id: , type: ViewType, title: String, reason: String, relevanceScore: Float",Low,,code_verified,high,OpenIntelligence/Services/Infrastructure/Presentation/LibraryVisualizationEngine.swift,scan_codebase.py,Parsed model schema
SyncBootstrapChoice,OpenIntelligence/Services/Infrastructure/Storage/WorkspaceSyncService.swift,Sendable,No,No,Yes,No,,,,,Low,,code_verified,high,OpenIntelligence/Services/Infrastructure/Storage/WorkspaceSyncService.swift,scan_codebase.py,Parsed model schema
BootstrapBehavior,OpenIntelligence/Services/Infrastructure/Storage/WorkspaceSyncService.swift,Sendable,No,No,Yes,No,,,,,Low,,code_verified,high,OpenIntelligence/Services/Infrastructure/Storage/WorkspaceSyncService.swift,scan_codebase.py,Parsed model schema
SyncResolutionStrategy,OpenIntelligence/Services/Infrastructure/Storage/WorkspaceSyncService.swift,"Sendable, Equatable",No,No,Yes,No,,,,,Low,,code_verified,high,OpenIntelligence/Services/Infrastructure/Storage/WorkspaceSyncService.swift,scan_codebase.py,Parsed model schema
SyncPendingBootstrapConflict,OpenIntelligence/Services/Infrastructure/Storage/WorkspaceSyncService.swift,Sendable,No,No,Yes,No,,,,"localLibraryCount: Int, localDocumentCount: Int, sharedLibraryCount: Int, sharedDocumentCount: Int, mergedLibraryCount: Int, mergedDocumentCount: Int, localOnlyLibraryIDs: [UUID], localOnlyLibraryNames: [String], sharedOnlyLibraryNames: [String]",Low,,code_verified,high,OpenIntelligence/Services/Infrastructure/Storage/WorkspaceSyncService.swift,scan_codebase.py,Parsed model schema
PersistedIngestionContextRecord,OpenIntelligence/Services/Infrastructure/Storage/WorkspaceSyncService.swift,"Codable, Sendable",No,Yes,Yes,No,,,,"id: UUID, context: IngestionContext, container: ",Low,,code_verified,high,OpenIntelligence/Services/Infrastructure/Storage/WorkspaceSyncService.swift,scan_codebase.py,Parsed model schema
PersistedIngestionQueueStateRecord,OpenIntelligence/Services/Infrastructure/Storage/WorkspaceSyncService.swift,"Codable, Sendable",No,Yes,Yes,No,,,,"items: [IngestionItem], contexts: [PersistedIngestionContextRecord], updatedAt: Date, container: ",Low,,code_verified,high,OpenIntelligence/Services/Infrastructure/Storage/WorkspaceSyncService.swift,scan_codebase.py,Parsed model schema
AdapterDescriptor,OpenIntelligence/Services/LLM/AdapterManager.swift,"Codable, Identifiable, Sendable",No,Yes,Yes,Yes,,,,"id: String, displayName: String, domain: AdapterDomain, version: String, minimumOSVersion: String, fileSizeBytes: Int64, sha256: String, downloadURL: URL?, description: String, trainedDate: Date",Low,,code_verified,high,OpenIntelligence/Services/LLM/AdapterManager.swift,scan_codebase.py,Parsed model schema
AdapterDomain,OpenIntelligence/Services/LLM/AdapterManager.swift,"String, Codable, Sendable, CaseIterable",No,Yes,Yes,No,,,,,Low,,code_verified,high,OpenIntelligence/Services/LLM/AdapterManager.swift,scan_codebase.py,Parsed model schema
AdapterState,OpenIntelligence/Services/LLM/AdapterManager.swift,"String, Codable, Sendable",No,Yes,Yes,No,,,,,Low,,code_verified,high,OpenIntelligence/Services/LLM/AdapterManager.swift,scan_codebase.py,Parsed model schema
InstalledAdapter,OpenIntelligence/Services/LLM/AdapterManager.swift,"Codable, Identifiable, Sendable",No,Yes,Yes,Yes,,,,"id: String, descriptor: AdapterDescriptor, state: AdapterState, installedDate: Date, lastUsedDate: Date?, usageCount: Int, localPath: String",Low,,code_verified,high,OpenIntelligence/Services/LLM/AdapterManager.swift,scan_codebase.py,Parsed model schema
LLMStreamEvent,OpenIntelligence/Services/LLM/LLMService.swift,Sendable,No,No,Yes,No,,,,"text: String, reasoning: String?, isFinal: Bool",Low,,code_verified,high,OpenIntelligence/Services/LLM/LLMService.swift,scan_codebase.py,Parsed model schema
StructuredRAGClaim,OpenIntelligence/Services/LLM/LLMService.swift,Sendable,No,No,Yes,No,,,,"claim: String, citations: [String], isExtracted: Bool",Low,,code_verified,high,OpenIntelligence/Services/LLM/LLMService.swift,scan_codebase.py,Parsed model schema
StructuredRAGGeneration,OpenIntelligence/Services/LLM/LLMService.swift,Sendable,No,No,Yes,No,,,,"reasoning: String?, answer: String, confidence: Int, citations: [String], matchedTerms: [String], claims: [StructuredRAGClaim]",Low,,code_verified,high,OpenIntelligence/Services/LLM/LLMService.swift,scan_codebase.py,Parsed model schema
StructuredRAGMode,OpenIntelligence/Services/LLM/LLMService.swift,"Sendable, Equatable",No,No,Yes,No,,,,,Low,,code_verified,high,OpenIntelligence/Services/LLM/LLMService.swift,scan_codebase.py,Parsed model schema
AssistantProvider,OpenIntelligence/Services/LLM/LLMService.swift,"String, AppEnum, Sendable",No,No,Yes,No,,,,"typeDisplayRepresentation: TypeDisplayRepresentation, caseDisplayRepresentations: [AssistantProvider: DisplayRepresentation], displayName: String",Low,,code_verified,high,OpenIntelligence/Services/LLM/LLMService.swift,scan_codebase.py,Parsed model schema
Config,OpenIntelligence/Services/LLM/LocalOpenAIServerLLMService.swift,Sendable,No,No,Yes,No,,,,"baseURL: URL, model: String, chatCompletionsPath: String, stream: Bool, headers: [String: String]?, isAvailable: Bool, modelName: String",Low,,code_verified,high,OpenIntelligence/Services/LLM/LocalOpenAIServerLLMService.swift,scan_codebase.py,Parsed model schema
ResolutionEvent,OpenIntelligence/Services/LLM/ModelResolutionService.swift,Identifiable,No,No,No,Yes,,,,"id: , timestamp: Date, from: LLMModelType?, to: LLMModelType, reason: ModelResolutionState.ResolutionReason, activeModelName: String",Low,,code_verified,high,OpenIntelligence/Services/LLM/ModelResolutionService.swift,scan_codebase.py,Parsed model schema
PromptTestCase,OpenIntelligence/Services/LLM/PromptEvaluationService.swift,"Codable, Sendable, Identifiable",No,Yes,Yes,Yes,,,,"id: UUID, query: String, expectedKeywords: [String], forbiddenKeywords: [String], referenceAnswer: String?, category: String",Low,,code_verified,high,OpenIntelligence/Services/LLM/PromptEvaluationService.swift,scan_codebase.py,Parsed model schema
PromptEvalResult,OpenIntelligence/Services/LLM/PromptEvaluationService.swift,"Sendable, Identifiable",No,No,Yes,Yes,,,,"id: , testCase: PromptTestCase, response: String, keywordHitRate: Double, forbiddenKeywordViolations: [String], responseLengthTokens: Int, latencySeconds: TimeInterval, confidenceScore: Double, passed: Bool",Low,,code_verified,high,OpenIntelligence/Services/LLM/PromptEvaluationService.swift,scan_codebase.py,Parsed model schema
PromptEvalSuiteResult,OpenIntelligence/Services/LLM/PromptEvaluationService.swift,Sendable,No,No,Yes,No,,,,"suiteName: String, results: [PromptEvalResult], overallScore: Double, passRate: Double, averageLatency: TimeInterval, totalDuration: TimeInterval, timestamp: Date",Low,,code_verified,high,OpenIntelligence/Services/LLM/PromptEvaluationService.swift,scan_codebase.py,Parsed model schema
GroundedPromptMode,OpenIntelligence/Services/Query/Analysis/GroundedAnswerPolicy.swift,Sendable,No,No,Yes,No,,,,,Low,,code_verified,high,OpenIntelligence/Services/Query/Analysis/GroundedAnswerPolicy.swift,scan_codebase.py,Parsed model schema
QueryComplexityResult,OpenIntelligence/Services/Query/Analysis/QueryComplexityAnalyzer.swift,Sendable,No,No,Yes,No,,,,"complexity: QueryComplexity, confidence: Float, reasons: [String], suggestedMode: InferredMode",Low,,code_verified,high,OpenIntelligence/Services/Query/Analysis/QueryComplexityAnalyzer.swift,scan_codebase.py,Parsed model schema
QueryComplexity,OpenIntelligence/Services/Query/Analysis/QueryComplexityAnalyzer.swift,"String, Sendable",No,No,Yes,No,,,,,Low,,code_verified,high,OpenIntelligence/Services/Query/Analysis/QueryComplexityAnalyzer.swift,scan_codebase.py,Parsed model schema
InferredMode,OpenIntelligence/Services/Query/Analysis/QueryComplexityAnalyzer.swift,"String, Sendable",No,No,Yes,No,,,,,Low,,code_verified,high,OpenIntelligence/Services/Query/Analysis/QueryComplexityAnalyzer.swift,scan_codebase.py,Parsed model schema
QueryComplexityAnalyzer,OpenIntelligence/Services/Query/Analysis/QueryComplexityAnalyzer.swift,Sendable,No,No,Yes,No,,,,shared: ,Low,,code_verified,high,OpenIntelligence/Services/Query/Analysis/QueryComplexityAnalyzer.swift,scan_codebase.py,Parsed model schema
QueryExecutionMode,OpenIntelligence/Services/Query/Analysis/QueryExecutionPlannerService.swift,"String, Sendable",No,No,Yes,No,,,,displayName: String,Low,,code_verified,high,OpenIntelligence/Services/Query/Analysis/QueryExecutionPlannerService.swift,scan_codebase.py,Parsed model schema
QueryExecutionPlan,OpenIntelligence/Services/Query/Analysis/QueryExecutionPlannerService.swift,Sendable,No,No,Yes,No,,,,"query: String, profile: QueryProfile, needsRetrieval: Bool, executionMode: QueryExecutionMode, preferLiteralQuery: Bool, useToolCalling: Bool, useStructuredEvidenceLookup: Bool, searchQueries: [String], subqueries: [String], reasoning: String",Low,,code_verified,high,OpenIntelligence/Services/Query/Analysis/QueryExecutionPlannerService.swift,scan_codebase.py,Parsed model schema
QueryProfile,OpenIntelligence/Services/Query/Analysis/QueryProfileService.swift,Sendable,No,No,Yes,No,,,,"query: String, wordCount: Int, isTrivial: Bool, adaptiveComplexity: QueryComplexity, reasoningComplexity: QueryComplexityResult, answerIntent: AnswerIntent, searchIntent: QueryIntent, routingClassification: QueryClassification, abstractionLevelsToSearch: [ChunkAbstractionLevel], isSimpleGroundedLookup: Bool",Low,,code_verified,high,OpenIntelligence/Services/Query/Analysis/QueryProfileService.swift,scan_codebase.py,Parsed model schema
SpecificationExtractionResult,OpenIntelligence/Services/Query/Analysis/SpecificationExtractor.swift,Sendable,No,No,Yes,No,,,,"answerSpan: String, matchedLabel: String?, confidence: Float, sourceChunk: RetrievedChunk, surroundingContext: String, specificationType: String, matchedKeywords: [String], citation: String, source: , page: ",Low,,code_verified,high,OpenIntelligence/Services/Query/Analysis/SpecificationExtractor.swift,scan_codebase.py,Parsed model schema
SpecificationExtractionFailure,OpenIntelligence/Services/Query/Analysis/SpecificationExtractor.swift,"Error, Sendable",No,No,Yes,No,,,,,Low,,code_verified,high,OpenIntelligence/Services/Query/Analysis/SpecificationExtractor.swift,scan_codebase.py,Parsed model schema
Config,OpenIntelligence/Services/Query/Enhancement/ContextualCompressionService.swift,Sendable,No,No,Yes,No,,,,"targetCompressionRatio: Double, minSentences: Int, maxInputTokens: Int, includeRelatedContext: Bool",Low,,code_verified,high,OpenIntelligence/Services/Query/Enhancement/ContextualCompressionService.swift,scan_codebase.py,Parsed model schema
CompressionResult,OpenIntelligence/Services/Query/Enhancement/ContextualCompressionService.swift,Sendable,No,No,Yes,No,,,,"originalContent: String, compressedContent: String, originalTokens: Int, compressedTokens: Int, compressionRatio: Double, sentences: , scored: , score: , capitalWords: , fallback: ",Low,,code_verified,high,OpenIntelligence/Services/Query/Enhancement/ContextualCompressionService.swift,scan_codebase.py,Parsed model schema
GroundingVerification,OpenIntelligence/Services/Query/Enhancement/ContextualCompressionService.swift,Sendable,No,No,Yes,No,,,,"status: Status, confidence: Double, explanation: String, unverified: ",Low,,code_verified,high,OpenIntelligence/Services/Query/Enhancement/ContextualCompressionService.swift,scan_codebase.py,Parsed model schema
Status,OpenIntelligence/Services/Query/Enhancement/ContextualCompressionService.swift,Sendable,No,No,Yes,No,,,,,Low,,code_verified,high,OpenIntelligence/Services/Query/Enhancement/ContextualCompressionService.swift,scan_codebase.py,Parsed model schema
CorpusVocabulary,OpenIntelligence/Services/Query/Enhancement/QueryEnhancementService.swift,Sendable,No,No,Yes,No,,,,"keywords: Set<String>, coOccurrences: [String: Set<String>], textSnippets: [String], empty: ",Low,,code_verified,high,OpenIntelligence/Services/Query/Enhancement/QueryEnhancementService.swift,scan_codebase.py,Parsed model schema
QueryIntent,OpenIntelligence/Services/Query/Enhancement/QueryEnhancementService.swift,"String, Sendable",No,No,Yes,No,,,,"weightAdjustment: (vectorDelta: Float, keywordDelta: Float)",Low,,code_verified,high,OpenIntelligence/Services/Query/Enhancement/QueryEnhancementService.swift,scan_codebase.py,Parsed model schema
AnswerIntent,OpenIntelligence/Services/Query/Enhancement/QueryEnhancementService.swift,"String, Sendable, CaseIterable",No,No,Yes,No,,,,,Low,,code_verified,high,OpenIntelligence/Services/Query/Enhancement/QueryEnhancementService.swift,scan_codebase.py,Parsed model schema
Config,OpenIntelligence/Services/Query/Rewriting/HyDEService.swift,Sendable,No,No,Yes,No,,,,"maxTokens: Int, includeDomainHint: Bool, documentTypeHint: String?",Low,,code_verified,high,OpenIntelligence/Services/Query/Rewriting/HyDEService.swift,scan_codebase.py,Parsed model schema
HyDEResult,OpenIntelligence/Services/Query/Rewriting/HyDEService.swift,Sendable,No,No,Yes,No,,,,"originalQuery: String, hypotheticalDocument: String, combinedForEmbedding: String",Low,,code_verified,high,OpenIntelligence/Services/Query/Rewriting/HyDEService.swift,scan_codebase.py,Parsed model schema
ConversationTurn,OpenIntelligence/Services/Query/Rewriting/QueryRewriterService.swift,Sendable,No,No,Yes,No,,,,"role: String, content: String, entities: [String]",Low,,code_verified,high,OpenIntelligence/Services/Query/Rewriting/QueryRewriterService.swift,scan_codebase.py,Parsed model schema
RewrittenQuery,OpenIntelligence/Services/Query/Rewriting/QueryRewriterService.swift,Sendable,No,No,Yes,No,,,,"original: String, rewritten: String, intent: SemanticIntent, entities: [String], searchTerms: [String], confidence: Float, wasRewritten: Bool, resolvedEntities: [String]",Low,,code_verified,high,OpenIntelligence/Services/Query/Rewriting/QueryRewriterService.swift,scan_codebase.py,Parsed model schema
SemanticIntent,OpenIntelligence/Services/Query/Rewriting/QueryRewriterService.swift,"String, Sendable",No,No,Yes,No,,,,,Low,,code_verified,high,OpenIntelligence/Services/Query/Rewriting/QueryRewriterService.swift,scan_codebase.py,Parsed model schema
QueryType,OpenIntelligence/Services/Query/Routing/QueryRouterService.swift,"String, Sendable",No,No,Yes,No,,,,"primaryLevel: ChunkAbstractionLevel, includeDetailChunks: Bool, recommendedMode: RAGQualityMode",Low,,code_verified,high,OpenIntelligence/Services/Query/Routing/QueryRouterService.swift,scan_codebase.py,Parsed model schema
QueryClassification,OpenIntelligence/Services/Query/Routing/QueryRouterService.swift,Sendable,No,No,Yes,No,,,,"queryType: QueryType, confidence: Float, reasoning: String, shouldUseSummaries: Bool, shouldOverrideMode: Bool",Low,,code_verified,high,OpenIntelligence/Services/Query/Routing/QueryRouterService.swift,scan_codebase.py,Parsed model schema
SmartReply,OpenIntelligence/Services/Query/UX/SmartReplyService.swift,"Identifiable, Sendable",No,No,Yes,Yes,,,,"id: , text: String, category: SmartReplyCategory, confidence: Double",Low,,code_verified,high,OpenIntelligence/Services/Query/UX/SmartReplyService.swift,scan_codebase.py,Parsed model schema
SmartReplyCategory,OpenIntelligence/Services/Query/UX/SmartReplyService.swift,"String, Sendable",No,No,Yes,No,,,,iconName: String,Low,,code_verified,high,OpenIntelligence/Services/Query/UX/SmartReplyService.swift,scan_codebase.py,Parsed model schema
SuggestedQuestionList,OpenIntelligence/Services/Query/UX/SuggestedQuestionsService.swift,Sendable,No,No,Yes,No,,,,questions: [String],Low,,code_verified,high,OpenIntelligence/Services/Query/UX/SuggestedQuestionsService.swift,scan_codebase.py,Parsed model schema
QuestionCategory,OpenIntelligence/Services/Query/UX/SuggestedQuestionsService.swift,"String, CaseIterable, Sendable, Codable",No,Yes,Yes,No,,,,icon: String,Low,,code_verified,high,OpenIntelligence/Services/Query/UX/SuggestedQuestionsService.swift,scan_codebase.py,Parsed model schema
SuggestedQuestion,OpenIntelligence/Services/Query/UX/SuggestedQuestionsService.swift,"Identifiable, Sendable, Codable",No,Yes,Yes,Yes,,,,"id: UUID, text: String, category: QuestionCategory, relevantDocuments: [String], relevantDocumentIds: [UUID]?, sourceSections: [String], confidence: Double, isLLMGenerated: Bool",Low,,code_verified,high,OpenIntelligence/Services/Query/UX/SuggestedQuestionsService.swift,scan_codebase.py,Parsed model schema
CachedEntry,OpenIntelligence/Services/Query/UX/SuggestedQuestionsService.swift,Sendable,No,No,Yes,No,,,,"questions: [SuggestedQuestion], documentCount: Int, generatedAt: Date",Low,,code_verified,high,OpenIntelligence/Services/Query/UX/SuggestedQuestionsService.swift,scan_codebase.py,Parsed model schema
GroundedPassage,OpenIntelligence/Services/Query/UX/SuggestedQuestionsService.swift,Sendable,No,No,Yes,No,,,,"chunk: DocumentChunk, documentName: String, sectionName: String?, content: String, searchableText: String, documentTokens: Set<String>, sectionTokens: Set<String>, bodyTokens: Set<String>",Low,,code_verified,high,OpenIntelligence/Services/Query/UX/SuggestedQuestionsService.swift,scan_codebase.py,Parsed model schema
QuestionDraft,OpenIntelligence/Services/Query/UX/SuggestedQuestionsService.swift,Sendable,No,No,Yes,No,,,,"text: String, category: QuestionCategory, confidence: Double",Low,,code_verified,high,OpenIntelligence/Services/Query/UX/SuggestedQuestionsService.swift,scan_codebase.py,Parsed model schema
VisualEvidenceMetadata,OpenIntelligence/Services/RAG/Evidence/VisualEvidenceSource.swift,"Codable, Sendable",No,Yes,Yes,No,,,,"timestamp: Date, ocrWordCount: Int, barcodeCount: Int, detectedObjects: [String], boundingBoxes: [CGRect]?",Low,,code_verified,high,OpenIntelligence/Services/RAG/Evidence/VisualEvidenceSource.swift,scan_codebase.py,Parsed model schema
VisualEvidenceSource,OpenIntelligence/Services/RAG/Evidence/VisualEvidenceSource.swift,"Codable, Sendable",No,Yes,Yes,No,,,,"ocrText: String, barcodeResults: [String]?, boundingBoxes: [CGRect]?, sourceImageData: Data?, metadata: VisualEvidenceMetadata",Low,,code_verified,high,OpenIntelligence/Services/RAG/Evidence/VisualEvidenceSource.swift,scan_codebase.py,Parsed model schema
ExtractionResult,OpenIntelligence/Services/RAG/Extraction/ExtractiveQAService.swift,Sendable,No,No,Yes,No,,,,"answerSpan: String, confidence: Float, sourcePassageIndex: Int, spanRange: Range<String.Index>, startLogit: Float, endLogit: Float, isHighConfidence: Bool, isNullPrediction: Bool",Low,,code_verified,high,OpenIntelligence/Services/RAG/Extraction/ExtractiveQAService.swift,scan_codebase.py,Parsed model schema
ExtractiveModelInfo,OpenIntelligence/Services/RAG/Extraction/ExtractiveQAService.swift,Sendable,No,No,Yes,No,,,,"modelName: String, version: String, maxSequenceLength: Int, vocabSize: Int, isLoaded: Bool, loadError: String?",Low,,code_verified,high,OpenIntelligence/Services/RAG/Extraction/ExtractiveQAService.swift,scan_codebase.py,Parsed model schema
ExtractiveSummary,OpenIntelligence/Services/RAG/Extraction/ExtractiveSummarizationService.swift,Sendable,No,No,Yes,No,,,,"sentences: [SelectedSentence], summaryText: String, wordCount: Int, coverageScore: Float, sourceChunkIds: [UUID]",Low,,code_verified,high,OpenIntelligence/Services/RAG/Extraction/ExtractiveSummarizationService.swift,scan_codebase.py,Parsed model schema
SelectedSentence,OpenIntelligence/Services/RAG/Extraction/ExtractiveSummarizationService.swift,Sendable,No,No,Yes,No,,,,"text: String, score: Float, sourceChunkId: UUID, documentPosition: Int, pageNumber: Int?",Low,,code_verified,high,OpenIntelligence/Services/RAG/Extraction/ExtractiveSummarizationService.swift,scan_codebase.py,Parsed model schema
TokenizedInput,OpenIntelligence/Services/RAG/Orchestration/RAGEngine.swift,Sendable,No,No,Yes,No,,,,"chunkIndex: Int, inputIds: [Int], attentionMask: [Int], tokenTypes: [Int]",Low,,code_verified,high,OpenIntelligence/Services/RAG/Orchestration/RAGEngine.swift,scan_codebase.py,Parsed model schema
RetrievalLogEntry,OpenIntelligence/Services/RAG/Orchestration/RAGService.swift,"Identifiable, Sendable",No,No,Yes,Yes,,,,"id: , timestamp: Date, query: String, containerId: UUID, containerName: String, chunks: [RetrievedChunk]",Low,,code_verified,high,OpenIntelligence/Services/RAG/Orchestration/RAGService.swift,scan_codebase.py,Parsed model schema
RAGAuditFeatureFlags,OpenIntelligence/Services/RAG/Orchestration/RAGService.swift,Sendable,No,No,Yes,No,,,,"answerIntent: String, queryWasRewritten: Bool, queryExpansionCount: Int, usedHyDE: Bool, usedIterativeRetrieval: Bool, iterativePassCount: Int, usedQueryRouting: Bool, usedSummaryRouting: Bool, usedParentDocumentRetrieval: Bool, usedCorrectiveRetrieval: Bool",Low,,code_verified,high,OpenIntelligence/Services/RAG/Orchestration/RAGService.swift,scan_codebase.py,Parsed model schema
RAGAuditSnapshot,OpenIntelligence/Services/RAG/Orchestration/RAGService.swift,"Identifiable, Sendable",No,No,Yes,Yes,,,,"id: , timestamp: Date, query: String, containerId: UUID, containerName: String, embeddingProviderId: String, embeddingDim: Int, vectorDBKind: VectorDBKind, chunkingTargetWords: Int, chunkingOverlapWords: Int",Low,,code_verified,high,OpenIntelligence/Services/RAG/Orchestration/RAGService.swift,scan_codebase.py,Parsed model schema
VectorStoreAudit,OpenIntelligence/Services/RAG/Orchestration/RAGService.swift,"Identifiable, Sendable",No,No,Yes,Yes,,,,"id: , timestamp: Date, containerId: UUID, containerName: String, expectedDimension: Int, totalChunks: Int, mismatchedDimensions: Int, uniqueDocuments: Int, averageChunkWords: Double, minChunkWords: Int",Low,,code_verified,high,OpenIntelligence/Services/RAG/Orchestration/RAGService.swift,scan_codebase.py,Parsed model schema
ReembedProgress,OpenIntelligence/Services/RAG/Orchestration/RAGService.swift,Sendable,No,No,Yes,No,,,,"completed: Int, total: Int, currentFilename: String, percentage: Double",Low,,code_verified,high,OpenIntelligence/Services/RAG/Orchestration/RAGService.swift,scan_codebase.py,Parsed model schema
IngestionContext,OpenIntelligence/Services/RAG/Orchestration/RAGService.swift,"String, Codable, Sendable",No,Yes,Yes,No,,,,allowsSelfTuningScheduling: Bool,Low,,code_verified,high,OpenIntelligence/Services/RAG/Orchestration/RAGService.swift,scan_codebase.py,Parsed model schema
EmbeddingDiagnosticsSnapshot,OpenIntelligence/Services/RAG/Orchestration/RAGService.swift,"Identifiable, Sendable",No,No,Yes,Yes,,,,"containerId: UUID, containerName: String, embeddingProviderId: String, dimension: Int, autoAdaptEnabled: Bool, retrievalConfig: RetrievalConfig, documentCount: Int, chunkCount: Int, id: UUID",Low,,code_verified,high,OpenIntelligence/Services/RAG/Orchestration/RAGService.swift,scan_codebase.py,Parsed model schema
PersistedIngestionContext,OpenIntelligence/Services/RAG/Orchestration/RAGService.swift,"Codable, Sendable",No,Yes,Yes,No,,,,"id: UUID, context: IngestionContext",Low,,code_verified,high,OpenIntelligence/Services/RAG/Orchestration/RAGService.swift,scan_codebase.py,Parsed model schema
PersistedIngestionQueueState,OpenIntelligence/Services/RAG/Orchestration/RAGService.swift,"Codable, Sendable",No,Yes,Yes,No,,,,"items: [IngestionItem], contexts: [PersistedIngestionContext], updatedAt: Date",Low,,code_verified,high,OpenIntelligence/Services/RAG/Orchestration/RAGService.swift,scan_codebase.py,Parsed model schema
SentenceExtractionResult,OpenIntelligence/Services/RAG/Orchestration/RAGService.swift,Sendable,No,No,Yes,No,,,,"context: String, sourcesUsed: Int, sentencesIncluded: Int",Low,,code_verified,high,OpenIntelligence/Services/RAG/Orchestration/RAGService.swift,scan_codebase.py,Parsed model schema
ContainerVocabulary,OpenIntelligence/Services/RAG/Retrieval/ContainerVocabularyService.swift,"Codable, Sendable",No,Yes,Yes,No,,,,"containerId: UUID, lastUpdated: Date, termFrequencies: [String: Int], specificationCodes: Set<String>, namedEntities: Set<String>, technicalPhrases: Set<String>, documentCount: Int, chunkCount: Int",Low,,code_verified,high,OpenIntelligence/Services/RAG/Retrieval/ContainerVocabularyService.swift,scan_codebase.py,Parsed model schema
PackedContext,OpenIntelligence/Services/RAG/Retrieval/ContextPackingService.swift,Sendable,No,No,Yes,No,,,,"chunks: [DocumentChunk], estimatedTokens: Int, coreChunkCount: Int, contextChunkCount: Int, wasTruncated: Bool, trimmedChunkIds: [UUID]",Low,,code_verified,high,OpenIntelligence/Services/RAG/Retrieval/ContextPackingService.swift,scan_codebase.py,Parsed model schema
CrossReference,OpenIntelligence/Services/RAG/Retrieval/GraphIndexService.swift,"Sendable, Hashable",No,No,Yes,No,,,,"type: ReferenceType, rawText: String, targetId: String, range: Range<Int>?",Low,,code_verified,high,OpenIntelligence/Services/RAG/Retrieval/GraphIndexService.swift,scan_codebase.py,Parsed model schema
ReferenceType,OpenIntelligence/Services/RAG/Retrieval/GraphIndexService.swift,"String, Codable, Sendable",No,Yes,Yes,No,,,,,Low,,code_verified,high,OpenIntelligence/Services/RAG/Retrieval/GraphIndexService.swift,scan_codebase.py,Parsed model schema
ChunkGraphEdges,OpenIntelligence/Services/RAG/Retrieval/GraphIndexService.swift,Sendable,No,No,Yes,No,,,,"prevChunkId: UUID?, nextChunkId: UUID?, parentChunkId: UUID?, childChunkIds: [UUID], crossReferences: [CrossReference], referencedChunkIds: [UUID], referencedByChunkIds: [UUID]",Low,,code_verified,high,OpenIntelligence/Services/RAG/Retrieval/GraphIndexService.swift,scan_codebase.py,Parsed model schema
BM25Snapshot,OpenIntelligence/Services/RAG/Retrieval/HybridSearchService.swift,Sendable,No,No,Yes,No,,,,"documentFrequencies: [String: Int], avgDocLength: Float, totalDocuments: Int",Low,,code_verified,high,OpenIntelligence/Services/RAG/Retrieval/HybridSearchService.swift,scan_codebase.py,Parsed model schema
RetrievalIteration,OpenIntelligence/Services/RAG/Retrieval/IterativeRetrievalService.swift,Sendable,No,No,Yes,No,,,,"iteration: Int, query: String, chunks: [RetrievedChunk], confidence: Float, needsMore: Bool, refinedQuery: String?",Low,,code_verified,high,OpenIntelligence/Services/RAG/Retrieval/IterativeRetrievalService.swift,scan_codebase.py,Parsed model schema
IterativeRetrievalResult,OpenIntelligence/Services/RAG/Retrieval/IterativeRetrievalService.swift,Sendable,No,No,Yes,No,,,,"allChunks: [RetrievedChunk], mergedContext: String, iterations: Int, confidence: Float, queriesUsed: [String], hitMaxIterations: Bool, totalTime: TimeInterval",Low,,code_verified,high,OpenIntelligence/Services/RAG/Retrieval/IterativeRetrievalService.swift,scan_codebase.py,Parsed model schema
IterativeRetrievalConfig,OpenIntelligence/Services/RAG/Retrieval/IterativeRetrievalService.swift,Sendable,No,No,Yes,No,,,,"maxIterations: Int, confidenceThreshold: Float, minChunks: Int, useLLMRefinement: Bool",Low,,code_verified,high,OpenIntelligence/Services/RAG/Retrieval/IterativeRetrievalService.swift,scan_codebase.py,Parsed model schema
Config,OpenIntelligence/Services/RAG/Retrieval/ParentDocumentService.swift,Sendable,No,No,Yes,No,,,,"maxSiblingsPerSide: Int, maxExpandedTokens: Int, allowCrossPageExpansion: Bool, minRelevanceForExpansion: Float",Low,,code_verified,high,OpenIntelligence/Services/RAG/Retrieval/ParentDocumentService.swift,scan_codebase.py,Parsed model schema
ExpansionResult,OpenIntelligence/Services/RAG/Retrieval/ParentDocumentService.swift,Sendable,No,No,Yes,No,,,,"originalChunks: [RetrievedChunk], expandedChunks: [RetrievedChunk], addedSiblings: Int, tokensBeforeExpansion: Int, tokensAfterExpansion: Int, expansionRatio: Double",Low,,code_verified,high,OpenIntelligence/Services/RAG/Retrieval/ParentDocumentService.swift,scan_codebase.py,Parsed model schema
CalibrationParameters,OpenIntelligence/Services/RAG/Safety/ConfidenceCalibrationService.swift,"Codable, Sendable",No,Yes,Yes,No,,,,"alpha: Float, beta: Float, gamma: Float, delta: Float, plattA: Float, plattB: Float, conservative: , aggressive: ",Low,,code_verified,high,OpenIntelligence/Services/RAG/Safety/ConfidenceCalibrationService.swift,scan_codebase.py,Parsed model schema
CalibratedConfidence,OpenIntelligence/Services/RAG/Safety/ConfidenceCalibrationService.swift,Sendable,No,No,Yes,No,,,,"probability: Float, level: ConfidenceLevel, shouldAbstain: Bool, components: ConfidenceComponents, displayText: String, topScore: Float, margin: Float, evidenceCount: Int, rawLogit: Float",Low,,code_verified,high,OpenIntelligence/Services/RAG/Safety/ConfidenceCalibrationService.swift,scan_codebase.py,Parsed model schema
ConfidenceLevel,OpenIntelligence/Services/RAG/Safety/ConfidenceCalibrationService.swift,"String, Sendable",No,No,Yes,No,,,,displayText: String,Low,,code_verified,high,OpenIntelligence/Services/RAG/Safety/ConfidenceCalibrationService.swift,scan_codebase.py,Parsed model schema
ConfidenceComponents,OpenIntelligence/Services/RAG/Safety/ConfidenceCalibrationService.swift,Sendable,No,No,Yes,No,,,,"topScore: Float, margin: Float, evidenceCount: Int, rawLogit: Float",Low,,code_verified,high,OpenIntelligence/Services/RAG/Safety/ConfidenceCalibrationService.swift,scan_codebase.py,Parsed model schema
ScientificDomain,OpenIntelligence/Services/RAG/Safety/DomainIsolationService.swift,"String, CaseIterable, Sendable",No,No,Yes,No,,,,,Low,,code_verified,high,OpenIntelligence/Services/RAG/Safety/DomainIsolationService.swift,scan_codebase.py,Parsed model schema
Classification,OpenIntelligence/Services/RAG/Safety/DomainIsolationService.swift,Sendable,No,No,Yes,No,,,,"domain: ScientificDomain, confidence: Float, matchedKeywords: [String], score: Int",Low,,code_verified,high,OpenIntelligence/Services/RAG/Safety/DomainIsolationService.swift,scan_codebase.py,Parsed model schema
ClassifiedChunk,OpenIntelligence/Services/RAG/Safety/DomainIsolationService.swift,Sendable,No,No,Yes,No,,,,"chunk: RetrievedChunk, classification: Classification",Low,,code_verified,high,OpenIntelligence/Services/RAG/Safety/DomainIsolationService.swift,scan_codebase.py,Parsed model schema
Assessment,OpenIntelligence/Services/RAG/Safety/DomainIsolationService.swift,Sendable,No,No,Yes,No,,,,"queryClassification: Classification, dominantDomain: ScientificDomain, allowedDomain: ScientificDomain, classifiedChunks: [ClassifiedChunk], rejectedChunks: [ClassifiedChunk], allowedCoverage: Float, strictModeEnabled: Bool, permitsCrossDomainSynthesis: Bool, crossDomainRisk: String, shouldAbstain: Bool",Low,,code_verified,high,OpenIntelligence/Services/RAG/Safety/DomainIsolationService.swift,scan_codebase.py,Parsed model schema
RAGQualityMetrics,OpenIntelligence/Services/RAG/Safety/QualityAssuranceService.swift,"Sendable, Codable",No,Yes,Yes,No,,,,"timestamp: Date, pipelineVersion: String, embeddingSanityPassed: Bool, embeddingCorrelation: Float, recallAt1: Float, recallAt5: Float, recallAt10: Float, mrr: Float, precision: Float, exactMatchAccuracy: Float",Low,,code_verified,high,OpenIntelligence/Services/RAG/Safety/QualityAssuranceService.swift,scan_codebase.py,Parsed model schema
RAGBenchmarkCaseResult,OpenIntelligence/Services/RAG/Safety/QualityAssuranceService.swift,"Identifiable, Sendable",No,No,Yes,Yes,,,,"id: String, query: String, expectedAnswer: String, actualAnswer: String, queryClass: QueryClass, difficulty: QATestCase.Difficulty, exactMatch: Bool, f1Score: Float, auditSnapshot: RAGAuditSnapshot?",Low,,code_verified,high,OpenIntelligence/Services/RAG/Safety/QualityAssuranceService.swift,scan_codebase.py,Parsed model schema
QueryClass,OpenIntelligence/Services/RAG/Safety/QualityAssuranceService.swift,"String, Sendable, Codable, CaseIterable",No,Yes,Yes,No,,,,,Low,,code_verified,high,OpenIntelligence/Services/RAG/Safety/QualityAssuranceService.swift,scan_codebase.py,Parsed model schema
RAGBenchmarkPipelineCensus,OpenIntelligence/Services/RAG/Safety/QualityAssuranceService.swift,Sendable,No,No,Yes,No,,,,"totalCases: Int, recursiveRAGCases: Int, queryRewriteCases: Int, hydeCases: Int, iterativeCases: Int, summaryRoutingCases: Int, parentDocCases: Int, compressionCases: Int, graphPackingCases: Int, retrievalCascadeCases: Int",Low,,code_verified,high,OpenIntelligence/Services/RAG/Safety/QualityAssuranceService.swift,scan_codebase.py,Parsed model schema
RAGBenchmarkSuiteResult,OpenIntelligence/Services/RAG/Safety/QualityAssuranceService.swift,Sendable,No,No,Yes,No,,,,"timestamp: Date, metrics: RAGQualityMetrics, caseResults: [RAGBenchmarkCaseResult], pipelineCensus: RAGBenchmarkPipelineCensus",Low,,code_verified,high,OpenIntelligence/Services/RAG/Safety/QualityAssuranceService.swift,scan_codebase.py,Parsed model schema
QATestCase,OpenIntelligence/Services/RAG/Safety/QualityAssuranceService.swift,"Sendable, Codable",No,Yes,Yes,No,,,,"id: String, query: String, expectedAnswer: String, expectedDocumentIds: [String], answerType: AnswerType, difficulty: Difficulty",Low,,code_verified,high,OpenIntelligence/Services/RAG/Safety/QualityAssuranceService.swift,scan_codebase.py,Parsed model schema
AnswerType,OpenIntelligence/Services/RAG/Safety/QualityAssuranceService.swift,"String, Sendable, Codable",No,Yes,Yes,No,,,,,Low,,code_verified,high,OpenIntelligence/Services/RAG/Safety/QualityAssuranceService.swift,scan_codebase.py,Parsed model schema
Difficulty,OpenIntelligence/Services/RAG/Safety/QualityAssuranceService.swift,"String, Sendable, Codable",No,Yes,Yes,No,,,,,Low,,code_verified,high,OpenIntelligence/Services/RAG/Safety/QualityAssuranceService.swift,scan_codebase.py,Parsed model schema
EmbeddingSimilarityPair,OpenIntelligence/Services/RAG/Safety/QualityAssuranceService.swift,Sendable,No,No,Yes,No,,,,"textA: String, textB: String, expectedSimilarity: Float, category: String",Low,,code_verified,high,OpenIntelligence/Services/RAG/Safety/QualityAssuranceService.swift,scan_codebase.py,Parsed model schema
SourceOnlyClaimDraft,OpenIntelligence/Services/RAG/Safety/SourceOnlyAnswerService.swift,"Sendable, Codable",No,Yes,Yes,No,,,,"claimId: String, claimText: String, evidenceLabels: [String], evidenceQuote: String, isCritical: Bool",Low,,code_verified,high,OpenIntelligence/Services/RAG/Safety/SourceOnlyAnswerService.swift,scan_codebase.py,Parsed model schema
SourceOnlyDomainBlockDraft,OpenIntelligence/Services/RAG/Safety/SourceOnlyAnswerService.swift,"Sendable, Codable",No,Yes,Yes,No,,,,"domain: String, subject: String, sampleSize: String, intervention: String, route: String, dose: String, duration: String, onset: String, primaryEndpoint: String, controlType: String",Low,,code_verified,high,OpenIntelligence/Services/RAG/Safety/SourceOnlyAnswerService.swift,scan_codebase.py,Parsed model schema
SourceOnlyAnswerDraft,OpenIntelligence/Services/RAG/Safety/SourceOnlyAnswerService.swift,"Sendable, Codable",No,Yes,Yes,No,,,,"draftAnswer: String, domainBlocks: [SourceOnlyDomainBlockDraft], claims: [SourceOnlyClaimDraft], missingFacets: [String], shouldAbstain: Bool, abstentionReason: String",Low,,code_verified,high,OpenIntelligence/Services/RAG/Safety/SourceOnlyAnswerService.swift,scan_codebase.py,Parsed model schema
SourceOnlyClaimReview,OpenIntelligence/Services/RAG/Safety/SourceOnlyAnswerService.swift,"Sendable, Codable",No,Yes,Yes,No,,,,"claimId: String, verdict: String, evidenceLabels: [String], evidenceQuote: String, fidelity: Int, notes: String",Low,,code_verified,high,OpenIntelligence/Services/RAG/Safety/SourceOnlyAnswerService.swift,scan_codebase.py,Parsed model schema
SourceOnlyReviewBundle,OpenIntelligence/Services/RAG/Safety/SourceOnlyAnswerService.swift,"Sendable, Codable",No,Yes,Yes,No,,,,reviews: [SourceOnlyClaimReview],Low,,code_verified,high,OpenIntelligence/Services/RAG/Safety/SourceOnlyAnswerService.swift,scan_codebase.py,Parsed model schema
SourceOnlyClaimVerdict,OpenIntelligence/Services/RAG/Safety/SourceOnlyAnswerService.swift,"String, Sendable",No,No,Yes,No,,,,,Low,,code_verified,high,OpenIntelligence/Services/RAG/Safety/SourceOnlyAnswerService.swift,scan_codebase.py,Parsed model schema
SourceOnlyVerifiedClaim,OpenIntelligence/Services/RAG/Safety/SourceOnlyAnswerService.swift,Sendable,No,No,Yes,No,,,,"claimId: String, claimText: String, verdict: SourceOnlyClaimVerdict, evidenceLabels: [String], evidenceIds: [String], evidenceQuote: String, fidelity: Float, notes: String?, isCritical: Bool, isSupported: Bool",Low,,code_verified,high,OpenIntelligence/Services/RAG/Safety/SourceOnlyAnswerService.swift,scan_codebase.py,Parsed model schema
SourceOnlyAnswerOutcome,OpenIntelligence/Services/RAG/Safety/SourceOnlyAnswerService.swift,Sendable,No,No,Yes,No,,,,"finalAnswer: String, structuredAnswer: StructuredAnswer, supportedClaims: [SourceOnlyVerifiedClaim], unsupportedClaims: [SourceOnlyVerifiedClaim], shouldAbstain: Bool, abstentionReason: String?, fidelityScore: Float, warnings: [String]",Low,,code_verified,high,OpenIntelligence/Services/RAG/Safety/SourceOnlyAnswerService.swift,scan_codebase.py,Parsed model schema
SourceOnlyVerificationMode,OpenIntelligence/Services/RAG/Safety/SourceOnlyAnswerService.swift,Sendable,No,No,Yes,No,,,,,Low,,code_verified,high,OpenIntelligence/Services/RAG/Safety/SourceOnlyAnswerService.swift,scan_codebase.py,Parsed model schema
EvidenceRecord,OpenIntelligence/Services/RAG/Safety/SourceOnlyAnswerService.swift,Sendable,No,No,Yes,No,,,,"label: String, chunk: RetrievedChunk, classification: DomainIsolationService.Classification, snippet: String",Low,,code_verified,high,OpenIntelligence/Services/RAG/Safety/SourceOnlyAnswerService.swift,scan_codebase.py,Parsed model schema
RAGVerificationResult,OpenIntelligence/Services/RAG/Safety/VerificationGateService.swift,Sendable,No,No,Yes,No,,,,"passed: Bool, gateResults: [GateResult], claimResults: [ClaimResult], overallConfidence: Float, shouldAbstain: Bool, abstainReason: String?, gate: VerificationGate, passed: Bool, confidence: Float, details: String",Low,,code_verified,high,OpenIntelligence/Services/RAG/Safety/VerificationGateService.swift,scan_codebase.py,Parsed model schema
GateResult,OpenIntelligence/Services/RAG/Safety/VerificationGateService.swift,Sendable,No,No,Yes,No,,,,"gate: VerificationGate, passed: Bool, confidence: Float, details: String",Low,,code_verified,high,OpenIntelligence/Services/RAG/Safety/VerificationGateService.swift,scan_codebase.py,Parsed model schema
ClaimResult,OpenIntelligence/Services/RAG/Safety/VerificationGateService.swift,Sendable,No,No,Yes,No,,,,"claim: String, verdict: Verdict, confidence: Float, details: String, citations: [String], resolvedEvidenceIds: [String]",Low,,code_verified,high,OpenIntelligence/Services/RAG/Safety/VerificationGateService.swift,scan_codebase.py,Parsed model schema
Verdict,OpenIntelligence/Services/RAG/Safety/VerificationGateService.swift,"String, Sendable",No,No,Yes,No,,,,,Low,,code_verified,high,OpenIntelligence/Services/RAG/Safety/VerificationGateService.swift,scan_codebase.py,Parsed model schema
VerificationGate,OpenIntelligence/Services/RAG/Safety/VerificationGateService.swift,"String, CaseIterable, Sendable",No,No,Yes,No,,,,,Low,,code_verified,high,OpenIntelligence/Services/RAG/Safety/VerificationGateService.swift,scan_codebase.py,Parsed model schema
VerificationConfig,OpenIntelligence/Services/RAG/Safety/VerificationGateService.swift,Sendable,No,No,Yes,No,,,,"tauNormal: Float, tauTouchy: Float, muMargin: Float, semanticGroundingThreshold: Float, touchyCategories: Set<String>",Low,,code_verified,high,OpenIntelligence/Services/RAG/Safety/VerificationGateService.swift,scan_codebase.py,Parsed model schema
AgenticRetrievalQuality,OpenIntelligence/Services/RAG/Tuning/AgenticPolicyService.swift,Sendable,No,No,Yes,No,,,,"confidenceScore: Float, description: String",Low,,code_verified,high,OpenIntelligence/Services/RAG/Tuning/AgenticPolicyService.swift,scan_codebase.py,Parsed model schema
RetrievalMetrics,OpenIntelligence/Services/RAG/Tuning/RetrievalPolicyService.swift,Sendable,No,No,Yes,No,,,,"topSimilarity: Float, secondSimilarity: Float, averageTopFive: Float, candidateCount: Int",Low,,code_verified,high,OpenIntelligence/Services/RAG/Tuning/RetrievalPolicyService.swift,scan_codebase.py,Parsed model schema
RetrievalFilteringDecision,OpenIntelligence/Services/RAG/Tuning/RetrievalPolicyService.swift,Sendable,No,No,Yes,No,,,,"baseMinSimilarity: Float, dynamicMinSimilarity: Float, vocabularyMismatch: Bool, acceptanceOverride: Bool",Low,,code_verified,high,OpenIntelligence/Services/RAG/Tuning/RetrievalPolicyService.swift,scan_codebase.py,Parsed model schema
RetrievalCascadeDecision,OpenIntelligence/Services/RAG/Tuning/RetrievalPolicyService.swift,Sendable,No,No,Yes,No,,,,"triggerThreshold: Float, lexicalWeight: Float, vectorWeight: Float, topK: Int",Low,,code_verified,high,OpenIntelligence/Services/RAG/Tuning/RetrievalPolicyService.swift,scan_codebase.py,Parsed model schema
AgenticRetrievalStage,OpenIntelligence/Services/RAG/Tuning/RetrievalPolicyService.swift,Sendable,No,No,Yes,No,,,,,Low,,code_verified,high,OpenIntelligence/Services/RAG/Tuning/RetrievalPolicyService.swift,scan_codebase.py,Parsed model schema
CachedDocument,OpenIntelligence/Services/Storage/DocumentationCacheService.swift,"Codable, Identifiable, Sendable",No,Yes,Yes,Yes,,,,"id: UUID, url: URL, title: String, content: String, fetchDate: Date, contentHash: String, sourceType: SourceType, wordCount: Int, filename: String, isExpired: Bool",Low,,code_verified,high,OpenIntelligence/Services/Storage/DocumentationCacheService.swift,scan_codebase.py,Parsed model schema
SourceType,OpenIntelligence/Services/Storage/DocumentationCacheService.swift,"String, Codable, Sendable",No,Yes,Yes,No,,,,,Low,,code_verified,high,OpenIntelligence/Services/Storage/DocumentationCacheService.swift,scan_codebase.py,Parsed model schema
CachedDocMetadata,OpenIntelligence/Services/Storage/DocumentationCacheService.swift,"Codable, Identifiable, Sendable",No,Yes,Yes,Yes,,,,"id: UUID, url: URL, title: String, filename: String, fetchDate: Date, contentHash: String, wordCount: Int, sourceType: CachedDocument.SourceType, content: String",Low,,code_verified,high,OpenIntelligence/Services/Storage/DocumentationCacheService.swift,scan_codebase.py,Parsed model schema
DocumentationCacheIndex,OpenIntelligence/Services/Storage/DocumentationCacheService.swift,"Codable, Sendable",No,Yes,Yes,No,,,,"documents: [UUID: CachedDocMetadata], urlToId: [String: UUID], lastUpdated: Date",Low,,code_verified,high,OpenIntelligence/Services/Storage/DocumentationCacheService.swift,scan_codebase.py,Parsed model schema
FTS5SearchResult,OpenIntelligence/Services/Storage/SQLiteFullTextService.swift,Sendable,No,No,Yes,No,,,,"documentId: UUID, content: String, bm25Score: Double, snippet: String?, highlightedContent: String?",Low,,code_verified,high,OpenIntelligence/Services/Storage/SQLiteFullTextService.swift,scan_codebase.py,Parsed model schema
FTS5PatternCount,OpenIntelligence/Services/Storage/SQLiteFullTextService.swift,Sendable,No,No,Yes,No,,,,"documentId: UUID, count: Int, matchPositions: [Range<String.Index>]?",Low,,code_verified,high,OpenIntelligence/Services/Storage/SQLiteFullTextService.swift,scan_codebase.py,Parsed model schema
StructuredChunkMetadata,OpenIntelligence/Services/Storage/SQLiteFullTextService.swift,Sendable,No,No,Yes,No,,,,"chunkType: String?, tableTitle: String?, headers: [String], rows: [[String]], searchText: String, extractionQuality: Double, extractionSource: String, lowQualityRowIndices: [Int], rowCount: Int, columnCount: Int",Low,,code_verified,high,OpenIntelligence/Services/Storage/SQLiteFullTextService.swift,scan_codebase.py,Parsed model schema
SQLiteChunk,OpenIntelligence/Services/Storage/SQLiteFullTextService.swift,Sendable,No,No,Yes,No,,,,"chunkIndex: Int, pageNumber: Int?, sectionTitle: String?, sectionPath: String?, structureType: String?, content: String",Low,,code_verified,high,OpenIntelligence/Services/Storage/SQLiteFullTextService.swift,scan_codebase.py,Parsed model schema
PageSearchResult,OpenIntelligence/Services/Storage/SQLiteFullTextService.swift,Sendable,No,No,Yes,No,,,,"documentId: UUID, pageNumber: Int, content: String, bm25Score: Double, snippet: String",Low,,code_verified,high,OpenIntelligence/Services/Storage/SQLiteFullTextService.swift,scan_codebase.py,Parsed model schema
ChunkSearchResult,OpenIntelligence/Services/Storage/SQLiteFullTextService.swift,Sendable,No,No,Yes,No,,,,"chunkId: String, documentId: UUID, containerId: UUID, chunkIndex: Int, pageNumber: Int?, sectionTitle: String?, sectionPath: String?, content: String, bm25Score: Double",Low,,code_verified,high,OpenIntelligence/Services/Storage/SQLiteFullTextService.swift,scan_codebase.py,Parsed model schema
FTS5Statistics,OpenIntelligence/Services/Storage/SQLiteFullTextService.swift,Sendable,No,No,Yes,No,,,,"totalDocuments: Int, totalCharacters: Int, totalWords: Int, databaseSizeBytes: Int64, documentsPerContainer: [UUID: Int], averageDocumentSize: Int, largestDocument: (documentId: UUID?, characters: Int), smallestDocument: (documentId: UUID?, characters: Int), indexStatus: String, lastModified: Date?",Low,,code_verified,high,OpenIntelligence/Services/Storage/SQLiteFullTextService.swift,scan_codebase.py,Parsed model schema
ContainerStat,OpenIntelligence/Services/Storage/SQLiteFullTextService.swift,"Identifiable, Sendable",No,No,Yes,Yes,,,,"id: UUID, containerId: UUID, documentCount: Int, totalCharacters: Int, totalWords: Int",Low,,code_verified,high,OpenIntelligence/Services/Storage/SQLiteFullTextService.swift,scan_codebase.py,Parsed model schema
DocumentStat,OpenIntelligence/Services/Storage/SQLiteFullTextService.swift,"Identifiable, Sendable",No,No,Yes,Yes,,,,"id: UUID, documentId: UUID, containerId: UUID, characterCount: Int, wordCount: Int, createdAt: Date",Low,,code_verified,high,OpenIntelligence/Services/Storage/SQLiteFullTextService.swift,scan_codebase.py,Parsed model schema
FTS5IndexInfo,OpenIntelligence/Services/Storage/SQLiteFullTextService.swift,Sendable,No,No,Yes,No,,,,"totalTerms: Int, uniqueTerms: Int, averageTermFrequency: Double, compressionRatio: Double",Low,,code_verified,high,OpenIntelligence/Services/Storage/SQLiteFullTextService.swift,scan_codebase.py,Parsed model schema
DeepDiagnostics,OpenIntelligence/Services/Storage/SQLiteFullTextService.swift,Sendable,No,No,Yes,No,,,,"databasePath: String, databaseSizeBytes: Int64, walSizeBytes: Int64, shmSizeBytes: Int64, pageSize: Int, pageCount: Int, freePageCount: Int, schemaVersion: Int, userVersion: Int, journalMode: String",Low,,code_verified,high,OpenIntelligence/Services/Storage/SQLiteFullTextService.swift,scan_codebase.py,Parsed model schema
TableStat,OpenIntelligence/Services/Storage/SQLiteFullTextService.swift,"Identifiable, Sendable",No,No,Yes,Yes,,,,"id: String, name: String, rowCount: Int, estimatedSize: Int64",Low,,code_verified,high,OpenIntelligence/Services/Storage/SQLiteFullTextService.swift,scan_codebase.py,Parsed model schema
TermFrequency,OpenIntelligence/Services/Storage/SQLiteFullTextService.swift,"Identifiable, Sendable",No,No,Yes,Yes,,,,"id: String, term: String, documentFrequency: Int, totalOccurrences: Int",Low,,code_verified,high,OpenIntelligence/Services/Storage/SQLiteFullTextService.swift,scan_codebase.py,Parsed model schema
TermDistribution,OpenIntelligence/Services/Storage/SQLiteFullTextService.swift,Sendable,No,No,Yes,No,,,,"bucket: String, termCount: Int",Low,,code_verified,high,OpenIntelligence/Services/Storage/SQLiteFullTextService.swift,scan_codebase.py,Parsed model schema
DocumentLengthStat,OpenIntelligence/Services/Storage/SQLiteFullTextService.swift,"Identifiable, Sendable",No,No,Yes,Yes,,,,"id: UUID, documentId: UUID, characterCount: Int, wordCount: Int, avgWordLength: Double, uniqueWordEstimate: Int",Low,,code_verified,high,OpenIntelligence/Services/Storage/SQLiteFullTextService.swift,scan_codebase.py,Parsed model schema
SearchPerformanceMetrics,OpenIntelligence/Services/Storage/SQLiteFullTextService.swift,Sendable,No,No,Yes,No,,,,"queryLatencyMs: Double, documentsScanned: Int, termsMatched: Int, resultsReturned: Int, indexHits: Int",Low,,code_verified,high,OpenIntelligence/Services/Storage/SQLiteFullTextService.swift,scan_codebase.py,Parsed model schema
NavigationBarItem,OpenIntelligence/UI/DesignSystem/Theme.swift,,No,No,No,No,,,,,Low,,code_verified,high,OpenIntelligence/UI/DesignSystem/Theme.swift,scan_codebase.py,Parsed model schema
