entity_name,entity_kind,file_path,approximate_line_range,category,architecture_relevance,inspected,evidence_level,confidence,evidence_source,evidence_command_or_file,verification_notes
ContentView,struct,OpenIntelligence/App/ContentView.swift,12-373,View,Low,Yes,code_verified,exact,OpenIntelligence/App/ContentView.swift,scan_codebase.py,Swift struct parser match
Tab,enum,OpenIntelligence/App/ContentView.swift,61-63,Unknown,Low,Yes,code_verified,exact,OpenIntelligence/App/ContentView.swift,scan_codebase.py,Swift enum parser match
ScreenshotMode,struct,OpenIntelligence/App/ContentView.swift,375-403,Unknown,Low,Yes,code_verified,exact,OpenIntelligence/App/ContentView.swift,scan_codebase.py,Swift struct parser match
DebugRAGValidationHarness,enum,OpenIntelligence/App/DebugRAGValidationHarness.swift,4-479,Unknown,Low,Yes,code_verified,exact,OpenIntelligence/App/DebugRAGValidationHarness.swift,scan_codebase.py,Swift enum parser match
RunGate,class,OpenIntelligence/App/DebugRAGValidationHarness.swift,5-16,Unknown,Medium,Yes,code_verified,exact,OpenIntelligence/App/DebugRAGValidationHarness.swift,scan_codebase.py,Swift class parser match
Configuration,struct,OpenIntelligence/App/DebugRAGValidationHarness.swift,18-27,Model,Low,Yes,code_verified,exact,OpenIntelligence/App/DebugRAGValidationHarness.swift,scan_codebase.py,Swift struct parser match
OpenIntelligenceApp,struct,OpenIntelligence/App/OpenIntelligenceApp.swift,16-188,View,Low,Yes,code_verified,exact,OpenIntelligence/App/OpenIntelligenceApp.swift,scan_codebase.py,Swift struct parser match
KeychainStorage,enum,OpenIntelligence/Core/Extensions/KeychainStorage.swift,6-58,Unknown,Low,Yes,code_verified,exact,OpenIntelligence/Core/Extensions/KeychainStorage.swift,scan_codebase.py,Swift enum parser match
LaunchArguments,enum,OpenIntelligence/Core/Extensions/LaunchArguments.swift,5-40,Unknown,Low,Yes,code_verified,exact,OpenIntelligence/Core/Extensions/LaunchArguments.swift,scan_codebase.py,Swift enum parser match
MarkdownBlock,enum,OpenIntelligence/Core/Extensions/MarkdownRenderer.swift,21-45,Model,Low,Yes,code_verified,exact,OpenIntelligence/Core/Extensions/MarkdownRenderer.swift,scan_codebase.py,Swift enum parser match
MarkdownTableAlignment,enum,OpenIntelligence/Core/Extensions/MarkdownRenderer.swift,47-51,Unknown,Low,Yes,code_verified,exact,OpenIntelligence/Core/Extensions/MarkdownRenderer.swift,scan_codebase.py,Swift enum parser match
InlineMarkdownText,struct,OpenIntelligence/Core/Extensions/MarkdownRenderer.swift,342-366,View,Low,Yes,code_verified,exact,OpenIntelligence/Core/Extensions/MarkdownRenderer.swift,scan_codebase.py,Swift struct parser match
MarkdownBlockView,struct,OpenIntelligence/Core/Extensions/MarkdownRenderer.swift,371-568,View,Low,Yes,code_verified,exact,OpenIntelligence/Core/Extensions/MarkdownRenderer.swift,scan_codebase.py,Swift struct parser match
MarkdownText,struct,OpenIntelligence/Core/Extensions/MarkdownRenderer.swift,572-613,View,Low,Yes,code_verified,exact,OpenIntelligence/Core/Extensions/MarkdownRenderer.swift,scan_codebase.py,Swift struct parser match
CodeBlockView,struct,OpenIntelligence/Core/Extensions/MarkdownRenderer.swift,616-659,View,Low,Yes,code_verified,exact,OpenIntelligence/Core/Extensions/MarkdownRenderer.swift,scan_codebase.py,Swift struct parser match
NetworkMonitor,class,OpenIntelligence/Core/Extensions/NetworkMonitor.swift,12-29,ViewModel,High,Yes,code_verified,exact,OpenIntelligence/Core/Extensions/NetworkMonitor.swift,scan_codebase.py,Swift class parser match
ChatMessage,struct,OpenIntelligence/Core/Models/ChatMessage.swift,10-157,Model,High,Yes,code_verified,exact,OpenIntelligence/Core/Models/ChatMessage.swift,scan_codebase.py,Swift struct parser match
Role,enum,OpenIntelligence/Core/Models/ChatMessage.swift,79-83,Model,Low,Yes,code_verified,exact,OpenIntelligence/Core/Models/ChatMessage.swift,scan_codebase.py,Swift enum parser match
CodingKeys,enum,OpenIntelligence/Core/Models/ChatMessage.swift,86-90,Model,Low,Yes,code_verified,exact,OpenIntelligence/Core/Models/ChatMessage.swift,scan_codebase.py,Swift enum parser match
CloudProvider,enum,OpenIntelligence/Core/Models/CloudTransmission.swift,3-18,Model,Low,Yes,code_verified,exact,OpenIntelligence/Core/Models/CloudTransmission.swift,scan_codebase.py,Swift enum parser match
CloudConsentState,enum,OpenIntelligence/Core/Models/CloudTransmission.swift,20-32,Model,Low,Yes,code_verified,exact,OpenIntelligence/Core/Models/CloudTransmission.swift,scan_codebase.py,Swift enum parser match
CloudConsentDecision,enum,OpenIntelligence/Core/Models/CloudTransmission.swift,34-38,Model,Low,Yes,code_verified,exact,OpenIntelligence/Core/Models/CloudTransmission.swift,scan_codebase.py,Swift enum parser match
CloudTransmissionRecord,struct,OpenIntelligence/Core/Models/CloudTransmission.swift,40-72,Model,Low,Yes,code_verified,exact,OpenIntelligence/Core/Models/CloudTransmission.swift,scan_codebase.py,Swift struct parser match
DocumentChunk,struct,OpenIntelligence/Core/Models/DocumentChunk.swift,12-51,Model,High,Yes,code_verified,exact,OpenIntelligence/Core/Models/DocumentChunk.swift,scan_codebase.py,Swift struct parser match
ChunkAbstractionLevel,enum,OpenIntelligence/Core/Models/DocumentChunk.swift,58-84,Model,Low,Yes,code_verified,exact,OpenIntelligence/Core/Models/DocumentChunk.swift,scan_codebase.py,Swift enum parser match
DocumentSemanticCategory,enum,OpenIntelligence/Core/Models/DocumentChunk.swift,88-103,Model,Low,Yes,code_verified,exact,OpenIntelligence/Core/Models/DocumentChunk.swift,scan_codebase.py,Swift enum parser match
ChunkSemanticType,enum,OpenIntelligence/Core/Models/DocumentChunk.swift,106-112,Model,Low,Yes,code_verified,exact,OpenIntelligence/Core/Models/DocumentChunk.swift,scan_codebase.py,Swift enum parser match
ChunkMetadata,struct,OpenIntelligence/Core/Models/DocumentChunk.swift,115-427,Model,Low,Yes,code_verified,exact,OpenIntelligence/Core/Models/DocumentChunk.swift,scan_codebase.py,Swift struct parser match
CodingKeys,enum,OpenIntelligence/Core/Models/DocumentChunk.swift,293-325,Model,Low,Yes,code_verified,exact,OpenIntelligence/Core/Models/DocumentChunk.swift,scan_codebase.py,Swift enum parser match
Document,struct,OpenIntelligence/Core/Models/DocumentChunk.swift,430-532,Model,Low,Yes,code_verified,exact,OpenIntelligence/Core/Models/DocumentChunk.swift,scan_codebase.py,Swift struct parser match
CodingKeys,enum,OpenIntelligence/Core/Models/DocumentChunk.swift,458-470,Model,Low,Yes,code_verified,exact,OpenIntelligence/Core/Models/DocumentChunk.swift,scan_codebase.py,Swift enum parser match
ProcessingMetadata,struct,OpenIntelligence/Core/Models/DocumentChunk.swift,535-566,Model,Low,Yes,code_verified,exact,OpenIntelligence/Core/Models/DocumentChunk.swift,scan_codebase.py,Swift struct parser match
ChunkStatistics,struct,OpenIntelligence/Core/Models/DocumentChunk.swift,568-572,Model,Low,Yes,code_verified,exact,OpenIntelligence/Core/Models/DocumentChunk.swift,scan_codebase.py,Swift struct parser match
DocumentType,enum,OpenIntelligence/Core/Models/DocumentChunk.swift,574-631,Model,Low,Yes,code_verified,exact,OpenIntelligence/Core/Models/DocumentChunk.swift,scan_codebase.py,Swift enum parser match
ProcessingSummary,struct,OpenIntelligence/Core/Models/DocumentChunk.swift,634-679,Model,Low,Yes,code_verified,exact,OpenIntelligence/Core/Models/DocumentChunk.swift,scan_codebase.py,Swift struct parser match
ChunkStatistics,struct,OpenIntelligence/Core/Models/DocumentChunk.swift,674-678,Model,Low,Yes,code_verified,exact,OpenIntelligence/Core/Models/DocumentChunk.swift,scan_codebase.py,Swift struct parser match
EvidenceSource,enum,OpenIntelligence/Core/Models/EvidenceSource.swift,13-18,Model,Low,Yes,code_verified,exact,OpenIntelligence/Core/Models/EvidenceSource.swift,scan_codebase.py,Swift enum parser match
IngestionStage,enum,OpenIntelligence/Core/Models/IngestionItem.swift,3-96,Model,Low,Yes,code_verified,exact,OpenIntelligence/Core/Models/IngestionItem.swift,scan_codebase.py,Swift enum parser match
IngestionEvent,struct,OpenIntelligence/Core/Models/IngestionItem.swift,99-113,Model,Low,Yes,code_verified,exact,OpenIntelligence/Core/Models/IngestionItem.swift,scan_codebase.py,Swift struct parser match
PipelineMetrics,struct,OpenIntelligence/Core/Models/IngestionItem.swift,116-193,Model,Low,Yes,code_verified,exact,OpenIntelligence/Core/Models/IngestionItem.swift,scan_codebase.py,Swift struct parser match
IngestionItem,struct,OpenIntelligence/Core/Models/IngestionItem.swift,195-352,Model,Low,Yes,code_verified,exact,OpenIntelligence/Core/Models/IngestionItem.swift,scan_codebase.py,Swift struct parser match
CodingKeys,enum,OpenIntelligence/Core/Models/IngestionItem.swift,225-242,Model,Low,Yes,code_verified,exact,OpenIntelligence/Core/Models/IngestionItem.swift,scan_codebase.py,Swift enum parser match
IngestionBatchResult,struct,OpenIntelligence/Core/Models/IngestionItem.swift,354-359,Model,Low,Yes,code_verified,exact,OpenIntelligence/Core/Models/IngestionItem.swift,scan_codebase.py,Swift struct parser match
IngestionRuntimeBridge,class,OpenIntelligence/Core/Models/IngestionRuntimeBridge.swift,4-76,Model,Medium,Yes,code_verified,exact,OpenIntelligence/Core/Models/IngestionRuntimeBridge.swift,scan_codebase.py,Swift class parser match
VectorDBKind,enum,OpenIntelligence/Core/Models/KnowledgeContainer.swift,11-15,Model,Low,Yes,code_verified,exact,OpenIntelligence/Core/Models/KnowledgeContainer.swift,scan_codebase.py,Swift enum parser match
LibrarySyncMode,enum,OpenIntelligence/Core/Models/KnowledgeContainer.swift,17-38,Model,Low,Yes,code_verified,exact,OpenIntelligence/Core/Models/KnowledgeContainer.swift,scan_codebase.py,Swift enum parser match
KnowledgeContainer,struct,OpenIntelligence/Core/Models/KnowledgeContainer.swift,40-213,Model,Low,Yes,code_verified,exact,OpenIntelligence/Core/Models/KnowledgeContainer.swift,scan_codebase.py,Swift struct parser match
CodingKeys,enum,OpenIntelligence/Core/Models/KnowledgeContainer.swift,72-82,Model,Low,Yes,code_verified,exact,OpenIntelligence/Core/Models/KnowledgeContainer.swift,scan_codebase.py,Swift enum parser match
RetrievalConfig,struct,OpenIntelligence/Core/Models/KnowledgeContainer.swift,218-382,Model,Low,Yes,code_verified,exact,OpenIntelligence/Core/Models/KnowledgeContainer.swift,scan_codebase.py,Swift struct parser match
ChunkingDirective,struct,OpenIntelligence/Core/Models/KnowledgeContainer.swift,384-422,Model,Low,Yes,code_verified,exact,OpenIntelligence/Core/Models/KnowledgeContainer.swift,scan_codebase.py,Swift struct parser match
Source,enum,OpenIntelligence/Core/Models/KnowledgeContainer.swift,385-389,Model,Low,Yes,code_verified,exact,OpenIntelligence/Core/Models/KnowledgeContainer.swift,scan_codebase.py,Swift enum parser match
AppSupportPaths,enum,OpenIntelligence/Core/Models/KnowledgeContainer.swift,426-526,Model,Low,Yes,code_verified,exact,OpenIntelligence/Core/Models/KnowledgeContainer.swift,scan_codebase.py,Swift enum parser match
LLMModel,struct,OpenIntelligence/Core/Models/LLMModel.swift,11-44,Model,Low,Yes,code_verified,exact,OpenIntelligence/Core/Models/LLMModel.swift,scan_codebase.py,Swift struct parser match
ModelType,enum,OpenIntelligence/Core/Models/LLMModel.swift,46-53,Model,Low,Yes,code_verified,exact,OpenIntelligence/Core/Models/LLMModel.swift,scan_codebase.py,Swift enum parser match
InferencePathway,enum,OpenIntelligence/Core/Models/LLMModel.swift,56-60,Model,Low,Yes,code_verified,exact,OpenIntelligence/Core/Models/LLMModel.swift,scan_codebase.py,Swift enum parser match
InferenceConfig,struct,OpenIntelligence/Core/Models/LLMModel.swift,69-138,Model,Low,Yes,code_verified,exact,OpenIntelligence/Core/Models/LLMModel.swift,scan_codebase.py,Swift struct parser match
PCCSettings,enum,OpenIntelligence/Core/Models/LLMModel.swift,141-145,Model,Low,Yes,code_verified,exact,OpenIntelligence/Core/Models/LLMModel.swift,scan_codebase.py,Swift enum parser match
FoundationModelPreference,enum,OpenIntelligence/Core/Models/LLMModel.swift,148-176,Model,Low,Yes,code_verified,exact,OpenIntelligence/Core/Models/LLMModel.swift,scan_codebase.py,Swift enum parser match
ExecutionContext,enum,OpenIntelligence/Core/Models/LLMModel.swift,178-240,Model,Low,Yes,code_verified,exact,OpenIntelligence/Core/Models/LLMModel.swift,scan_codebase.py,Swift enum parser match
LLMModelType,enum,OpenIntelligence/Core/Models/LLMModelType.swift,13-32,Model,Low,Yes,code_verified,exact,OpenIntelligence/Core/Models/LLMModelType.swift,scan_codebase.py,Swift enum parser match
ModelCapabilityCardInfo,struct,OpenIntelligence/Core/Models/LLMModelType.swift,37-44,Model,Low,Yes,code_verified,exact,OpenIntelligence/Core/Models/LLMModelType.swift,scan_codebase.py,Swift struct parser match
ModelCapabilityChipInfo,struct,OpenIntelligence/Core/Models/LLMModelType.swift,47-61,Model,Low,Yes,code_verified,exact,OpenIntelligence/Core/Models/LLMModelType.swift,scan_codebase.py,Swift struct parser match
Tone,enum,OpenIntelligence/Core/Models/LLMModelType.swift,48-54,Model,Low,Yes,code_verified,exact,OpenIntelligence/Core/Models/LLMModelType.swift,scan_codebase.py,Swift enum parser match
ModelCapabilityStatInfo,struct,OpenIntelligence/Core/Models/LLMModelType.swift,64-79,Model,Low,Yes,code_verified,exact,OpenIntelligence/Core/Models/LLMModelType.swift,scan_codebase.py,Swift struct parser match
Accent,enum,OpenIntelligence/Core/Models/LLMModelType.swift,65-71,Model,Low,Yes,code_verified,exact,OpenIntelligence/Core/Models/LLMModelType.swift,scan_codebase.py,Swift enum parser match
LLMModelType,extension,OpenIntelligence/Core/Models/LLMModelType.swift,81-242,Extension,Low,Yes,code_verified,exact,OpenIntelligence/Core/Models/LLMModelType.swift,scan_codebase.py,Swift extension parser match
ModelResolutionState,struct,OpenIntelligence/Core/Models/ModelResolutionState.swift,11-92,Model,Low,Yes,code_verified,exact,OpenIntelligence/Core/Models/ModelResolutionState.swift,scan_codebase.py,Swift struct parser match
ResolutionReason,enum,OpenIntelligence/Core/Models/ModelResolutionState.swift,20-38,Model,Low,Yes,code_verified,exact,OpenIntelligence/Core/Models/ModelResolutionState.swift,scan_codebase.py,Swift enum parser match
ExecutionPath,enum,OpenIntelligence/Core/Models/ModelResolutionState.swift,40-66,Model,Low,Yes,code_verified,exact,OpenIntelligence/Core/Models/ModelResolutionState.swift,scan_codebase.py,Swift enum parser match
ModelStatus,enum,OpenIntelligence/Core/Models/ModelResolutionState.swift,68-72,Model,Low,Yes,code_verified,exact,OpenIntelligence/Core/Models/ModelResolutionState.swift,scan_codebase.py,Swift enum parser match
LocalModelInfo,struct,OpenIntelligence/Core/Models/ModelResolutionState.swift,74-84,Model,Low,Yes,code_verified,exact,OpenIntelligence/Core/Models/ModelResolutionState.swift,scan_codebase.py,Swift struct parser match
ModelBackendType,enum,OpenIntelligence/Core/Models/ModelResolutionState.swift,80-83,Model,Low,Yes,code_verified,exact,OpenIntelligence/Core/Models/ModelResolutionState.swift,scan_codebase.py,Swift enum parser match
ActiveParameters,struct,OpenIntelligence/Core/Models/ModelResolutionState.swift,86-91,Model,Low,Yes,code_verified,exact,OpenIntelligence/Core/Models/ModelResolutionState.swift,scan_codebase.py,Swift struct parser match
ModelBackend,enum,OpenIntelligence/Core/Models/ModelResolutionState.swift,94-101,Model,Low,Yes,code_verified,exact,OpenIntelligence/Core/Models/ModelResolutionState.swift,scan_codebase.py,Swift enum parser match
ModelAutoSelectionPayload,struct,OpenIntelligence/Core/Models/ModelResolutionState.swift,103-105,Model,Low,Yes,code_verified,exact,OpenIntelligence/Core/Models/ModelResolutionState.swift,scan_codebase.py,Swift struct parser match
QueryRuntimeBridge,class,OpenIntelligence/Core/Models/QueryRuntimeBridge.swift,4-54,Model,Medium,Yes,code_verified,exact,OpenIntelligence/Core/Models/QueryRuntimeBridge.swift,scan_codebase.py,Swift class parser match
RAGQualityMode,enum,OpenIntelligence/Core/Models/RAGQualityMode.swift,13-340,Model,Low,Yes,code_verified,exact,OpenIntelligence/Core/Models/RAGQualityMode.swift,scan_codebase.py,Swift enum parser match
RAGQuery,struct,OpenIntelligence/Core/Models/RAGQuery.swift,11-23,Model,Low,Yes,code_verified,exact,OpenIntelligence/Core/Models/RAGQuery.swift,scan_codebase.py,Swift struct parser match
RAGResponse,struct,OpenIntelligence/Core/Models/RAGQuery.swift,26-54,Model,Low,Yes,code_verified,exact,OpenIntelligence/Core/Models/RAGQuery.swift,scan_codebase.py,Swift struct parser match
RetrievedChunk,struct,OpenIntelligence/Core/Models/RAGQuery.swift,57-71,Model,Low,Yes,code_verified,exact,OpenIntelligence/Core/Models/RAGQuery.swift,scan_codebase.py,Swift struct parser match
ResponseMetadata,struct,OpenIntelligence/Core/Models/RAGQuery.swift,74-228,Model,Low,Yes,code_verified,exact,OpenIntelligence/Core/Models/RAGQuery.swift,scan_codebase.py,Swift struct parser match
ExecutionRoute,struct,OpenIntelligence/Core/Models/RAGQuery.swift,107-112,Model,Low,Yes,code_verified,exact,OpenIntelligence/Core/Models/RAGQuery.swift,scan_codebase.py,Swift struct parser match
TokenBudget,struct,OpenIntelligence/Core/Models/RAGQuery.swift,114-120,Model,Low,Yes,code_verified,exact,OpenIntelligence/Core/Models/RAGQuery.swift,scan_codebase.py,Swift struct parser match
RAGAnswerClaim,struct,OpenIntelligence/Core/Models/RAGStructuredResponse.swift,24-33,Model,Low,Yes,code_verified,exact,OpenIntelligence/Core/Models/RAGStructuredResponse.swift,scan_codebase.py,Swift struct parser match
RAGAnswer,struct,OpenIntelligence/Core/Models/RAGStructuredResponse.swift,39-57,Model,Low,Yes,code_verified,exact,OpenIntelligence/Core/Models/RAGStructuredResponse.swift,scan_codebase.py,Swift struct parser match
DirectRAGAnswer,struct,OpenIntelligence/Core/Models/RAGStructuredResponse.swift,61-76,Model,Low,Yes,code_verified,exact,OpenIntelligence/Core/Models/RAGStructuredResponse.swift,scan_codebase.py,Swift struct parser match
RAGSearchResult,struct,OpenIntelligence/Core/Models/RAGStructuredResponse.swift,82-97,Model,Low,Yes,code_verified,exact,OpenIntelligence/Core/Models/RAGStructuredResponse.swift,scan_codebase.py,Swift struct parser match
RAGSearchResults,struct,OpenIntelligence/Core/Models/RAGStructuredResponse.swift,102-111,Model,Low,Yes,code_verified,exact,OpenIntelligence/Core/Models/RAGStructuredResponse.swift,scan_codebase.py,Swift struct parser match
RAGDocumentSummary,struct,OpenIntelligence/Core/Models/RAGStructuredResponse.swift,118-139,Model,Low,Yes,code_verified,exact,OpenIntelligence/Core/Models/RAGStructuredResponse.swift,scan_codebase.py,Swift struct parser match
RAGDocumentComparison,struct,OpenIntelligence/Core/Models/RAGStructuredResponse.swift,144-159,Model,Low,Yes,code_verified,exact,OpenIntelligence/Core/Models/RAGStructuredResponse.swift,scan_codebase.py,Swift struct parser match
RAGEnhancedQuery,struct,OpenIntelligence/Core/Models/RAGStructuredResponse.swift,166-181,Model,Low,Yes,code_verified,exact,OpenIntelligence/Core/Models/RAGStructuredResponse.swift,scan_codebase.py,Swift struct parser match
RAGRetrievalDiagnostics,struct,OpenIntelligence/Core/Models/RAGStructuredResponse.swift,188-209,Model,Low,Yes,code_verified,exact,OpenIntelligence/Core/Models/RAGStructuredResponse.swift,scan_codebase.py,Swift struct parser match
ReasonedAnswer,struct,OpenIntelligence/Core/Models/RAGStructuredResponse.swift,219-232,Model,Low,Yes,code_verified,exact,OpenIntelligence/Core/Models/RAGStructuredResponse.swift,scan_codebase.py,Swift struct parser match
ReasonedInsight,struct,OpenIntelligence/Core/Models/RAGStructuredResponse.swift,238-251,Model,Low,Yes,code_verified,exact,OpenIntelligence/Core/Models/RAGStructuredResponse.swift,scan_codebase.py,Swift struct parser match
ReasonedSynthesis,struct,OpenIntelligence/Core/Models/RAGStructuredResponse.swift,256-272,Model,Low,Yes,code_verified,exact,OpenIntelligence/Core/Models/RAGStructuredResponse.swift,scan_codebase.py,Swift struct parser match
ChainLink,struct,OpenIntelligence/Core/Models/RAGStructuredResponse.swift,278-291,Model,Low,Yes,code_verified,exact,OpenIntelligence/Core/Models/RAGStructuredResponse.swift,scan_codebase.py,Swift struct parser match
StructuredAnswerRenderableClaim,struct,OpenIntelligence/Core/Models/StructuredAnswer.swift,19-23,Model,Low,Yes,code_verified,exact,OpenIntelligence/Core/Models/StructuredAnswer.swift,scan_codebase.py,Swift struct parser match
StructuredAnswer,struct,OpenIntelligence/Core/Models/StructuredAnswer.swift,29-161,Model,Low,Yes,code_verified,exact,OpenIntelligence/Core/Models/StructuredAnswer.swift,scan_codebase.py,Swift struct parser match
AnswerType,enum,OpenIntelligence/Core/Models/StructuredAnswer.swift,52-62,Model,Low,Yes,code_verified,exact,OpenIntelligence/Core/Models/StructuredAnswer.swift,scan_codebase.py,Swift enum parser match
Claim,struct,OpenIntelligence/Core/Models/StructuredAnswer.swift,65-98,Model,Low,Yes,code_verified,exact,OpenIntelligence/Core/Models/StructuredAnswer.swift,scan_codebase.py,Swift struct parser match
VerificationVerdict,enum,OpenIntelligence/Core/Models/StructuredAnswer.swift,66-70,Model,Low,Yes,code_verified,exact,OpenIntelligence/Core/Models/StructuredAnswer.swift,scan_codebase.py,Swift enum parser match
CodingKeys,enum,OpenIntelligence/Core/Models/StructuredAnswer.swift,90-97,Model,Low,Yes,code_verified,exact,OpenIntelligence/Core/Models/StructuredAnswer.swift,scan_codebase.py,Swift enum parser match
Evidence,struct,OpenIntelligence/Core/Models/StructuredAnswer.swift,101-124,Model,Low,Yes,code_verified,exact,OpenIntelligence/Core/Models/StructuredAnswer.swift,scan_codebase.py,Swift struct parser match
CodingKeys,enum,OpenIntelligence/Core/Models/StructuredAnswer.swift,117-123,Model,Low,Yes,code_verified,exact,OpenIntelligence/Core/Models/StructuredAnswer.swift,scan_codebase.py,Swift enum parser match
DebugInfo,struct,OpenIntelligence/Core/Models/StructuredAnswer.swift,127-150,Model,Low,Yes,code_verified,exact,OpenIntelligence/Core/Models/StructuredAnswer.swift,scan_codebase.py,Swift struct parser match
CodingKeys,enum,OpenIntelligence/Core/Models/StructuredAnswer.swift,143-149,Model,Low,Yes,code_verified,exact,OpenIntelligence/Core/Models/StructuredAnswer.swift,scan_codebase.py,Swift enum parser match
CodingKeys,enum,OpenIntelligence/Core/Models/StructuredAnswer.swift,152-160,Model,Low,Yes,code_verified,exact,OpenIntelligence/Core/Models/StructuredAnswer.swift,scan_codebase.py,Swift enum parser match
StructuredAnswer,extension,OpenIntelligence/Core/Models/StructuredAnswer.swift,165-302,Extension,Low,Yes,code_verified,exact,OpenIntelligence/Core/Models/StructuredAnswer.swift,scan_codebase.py,Swift extension parser match
Builder,class,OpenIntelligence/Core/Models/StructuredAnswer.swift,167-277,Model,Medium,Yes,code_verified,exact,OpenIntelligence/Core/Models/StructuredAnswer.swift,scan_codebase.py,Swift class parser match
StructuredAnswer,extension,OpenIntelligence/Core/Models/StructuredAnswer.swift,306-1201,Extension,Low,Yes,code_verified,exact,OpenIntelligence/Core/Models/StructuredAnswer.swift,scan_codebase.py,Swift extension parser match
ThinkingEvent,struct,OpenIntelligence/Core/Models/ThinkingEvent.swift,6-161,Model,Low,Yes,code_verified,exact,OpenIntelligence/Core/Models/ThinkingEvent.swift,scan_codebase.py,Swift struct parser match
Kind,enum,OpenIntelligence/Core/Models/ThinkingEvent.swift,7-147,Model,Low,Yes,code_verified,exact,OpenIntelligence/Core/Models/ThinkingEvent.swift,scan_codebase.py,Swift enum parser match
String,extension,OpenIntelligence/Core/Models/ThinkingEvent.swift,197-201,Extension,Low,Yes,code_verified,exact,OpenIntelligence/Core/Models/ThinkingEvent.swift,scan_codebase.py,Swift extension parser match
WorkspaceTier,enum,OpenIntelligence/Core/Models/WorkspaceTier.swift,5-32,Model,Low,Yes,code_verified,exact,OpenIntelligence/Core/Models/WorkspaceTier.swift,scan_codebase.py,Swift enum parser match
RetrievalRequest,struct,OpenIntelligence/Core/Protocols/EngineInterfaces.swift,5-25,Unknown,Low,Yes,code_verified,exact,OpenIntelligence/Core/Protocols/EngineInterfaces.swift,scan_codebase.py,Swift struct parser match
KnowledgeRetrievalEngine,protocol,OpenIntelligence/Core/Protocols/EngineInterfaces.swift,30-32,Service,High,Yes,code_verified,exact,OpenIntelligence/Core/Protocols/EngineInterfaces.swift,scan_codebase.py,Swift protocol parser match
DocumentChunkingOverride,struct,OpenIntelligence/Core/Protocols/EngineInterfaces.swift,35-45,Unknown,Low,Yes,code_verified,exact,OpenIntelligence/Core/Protocols/EngineInterfaces.swift,scan_codebase.py,Swift struct parser match
IngestedChunk,struct,OpenIntelligence/Core/Protocols/EngineInterfaces.swift,48-58,Unknown,Low,Yes,code_verified,exact,OpenIntelligence/Core/Protocols/EngineInterfaces.swift,scan_codebase.py,Swift struct parser match
IngestedDocumentPayload,struct,OpenIntelligence/Core/Protocols/EngineInterfaces.swift,61-69,Unknown,Low,Yes,code_verified,exact,OpenIntelligence/Core/Protocols/EngineInterfaces.swift,scan_codebase.py,Swift struct parser match
DocumentIngestionEngine,protocol,OpenIntelligence/Core/Protocols/EngineInterfaces.swift,74-80,Service,High,Yes,code_verified,exact,OpenIntelligence/Core/Protocols/EngineInterfaces.swift,scan_codebase.py,Swift protocol parser match
DSHaptics,enum,OpenIntelligence/Core/Support/EngineSDKCompatibility.swift,9-25,Unknown,Low,Yes,code_verified,exact,OpenIntelligence/Core/Support/EngineSDKCompatibility.swift,scan_codebase.py,Swift enum parser match
SpotlightIndexService,class,OpenIntelligence/Core/Support/EngineSDKCompatibility.swift,27-73,Service,High,Yes,code_verified,exact,OpenIntelligence/Core/Support/EngineSDKCompatibility.swift,scan_codebase.py,Swift class parser match
EntitlementStore,class,OpenIntelligence/Core/Support/EngineSDKCompatibility.swift,75-105,ViewModel,High,Yes,code_verified,exact,OpenIntelligence/Core/Support/EngineSDKCompatibility.swift,scan_codebase.py,Swift class parser match
LegacyProtectionState,enum,OpenIntelligence/Core/Support/EngineSDKCompatibility.swift,107-111,Model,Low,Yes,code_verified,exact,OpenIntelligence/Core/Support/EngineSDKCompatibility.swift,scan_codebase.py,Swift enum parser match
MaximumModeExecutionDecision,enum,OpenIntelligence/Core/Support/EngineSDKCompatibility.swift,113-117,Model,Low,Yes,code_verified,exact,OpenIntelligence/Core/Support/EngineSDKCompatibility.swift,scan_codebase.py,Swift enum parser match
ProjectionCache,class,OpenIntelligence/Core/Support/EngineSDKCompatibility.swift,119-125,Unknown,Medium,Yes,code_verified,exact,OpenIntelligence/Core/Support/EngineSDKCompatibility.swift,scan_codebase.py,Swift class parser match
TranscriptPersistenceService,class,OpenIntelligence/Core/Support/EngineSDKCompatibility.swift,129-145,Service,High,Yes,code_verified,exact,OpenIntelligence/Core/Support/EngineSDKCompatibility.swift,scan_codebase.py,Swift class parser match
PrivateCloudComputeLanguageModel,struct,OpenIntelligence/Core/Support/EngineSDKCompatibility.swift,156-173,Unknown,Low,Yes,code_verified,exact,OpenIntelligence/Core/Support/EngineSDKCompatibility.swift,scan_codebase.py,Swift struct parser match
QuotaUsage,struct,OpenIntelligence/Core/Support/EngineSDKCompatibility.swift,161-171,Unknown,Low,Yes,code_verified,exact,OpenIntelligence/Core/Support/EngineSDKCompatibility.swift,scan_codebase.py,Swift struct parser match
Status,enum,OpenIntelligence/Core/Support/EngineSDKCompatibility.swift,162-167,Unknown,Low,Yes,code_verified,exact,OpenIntelligence/Core/Support/EngineSDKCompatibility.swift,scan_codebase.py,Swift enum parser match
ContextOptions,struct,OpenIntelligence/Core/Support/EngineSDKCompatibility.swift,176-187,Unknown,Low,Yes,code_verified,exact,OpenIntelligence/Core/Support/EngineSDKCompatibility.swift,scan_codebase.py,Swift struct parser match
ReasoningLevel,enum,OpenIntelligence/Core/Support/EngineSDKCompatibility.swift,177-182,Unknown,Low,Yes,code_verified,exact,OpenIntelligence/Core/Support/EngineSDKCompatibility.swift,scan_codebase.py,Swift enum parser match
LanguageModelSession,extension,OpenIntelligence/Core/Support/EngineSDKCompatibility.swift,190-200,Extension,Low,Yes,code_verified,exact,OpenIntelligence/Core/Support/EngineSDKCompatibility.swift,scan_codebase.py,Swift extension parser match
OpenIntelligenceRuntimePaths,enum,OpenIntelligence/Core/Support/OpenIntelligenceRuntimePaths.swift,3-68,Unknown,Low,Yes,code_verified,exact,OpenIntelligence/Core/Support/OpenIntelligenceRuntimePaths.swift,scan_codebase.py,Swift enum parser match
OpenIntelligenceResourceBundle,enum,OpenIntelligence/Core/Support/OpenIntelligenceRuntimePaths.swift,70-124,Unknown,Low,Yes,code_verified,exact,OpenIntelligence/Core/Support/OpenIntelligenceRuntimePaths.swift,scan_codebase.py,Swift enum parser match
Marker,class,OpenIntelligence/Core/Support/OpenIntelligenceRuntimePaths.swift,71-71,Unknown,Medium,Yes,code_verified,exact,OpenIntelligence/Core/Support/OpenIntelligenceRuntimePaths.swift,scan_codebase.py,Swift class parser match
PlanUpgradeEntryPoint,enum,OpenIntelligence/Features/Billing/PlanUpgradeEntryPoint.swift,4-65,Unknown,Low,Yes,code_verified,exact,OpenIntelligence/Features/Billing/PlanUpgradeEntryPoint.swift,scan_codebase.py,Swift enum parser match
PlanUpgradeSheet,struct,OpenIntelligence/Features/Billing/PlanUpgradeSheet.swift,8-162,View,Low,Yes,code_verified,exact,OpenIntelligence/Features/Billing/PlanUpgradeSheet.swift,scan_codebase.py,Swift struct parser match
PlanUpgradeSheet,extension,OpenIntelligence/Features/Billing/PlanUpgradeSheet.swift,166-432,Extension,Low,Yes,code_verified,exact,OpenIntelligence/Features/Billing/PlanUpgradeSheet.swift,scan_codebase.py,Swift extension parser match
PlanStorySlide,struct,OpenIntelligence/Features/Billing/PlanUpgradeSheet.swift,747-753,Model,Low,Yes,code_verified,exact,OpenIntelligence/Features/Billing/PlanUpgradeSheet.swift,scan_codebase.py,Swift struct parser match
BenefitRow,struct,OpenIntelligence/Features/Billing/PlanUpgradeSheet.swift,755-769,View,Low,Yes,code_verified,exact,OpenIntelligence/Features/Billing/PlanUpgradeSheet.swift,scan_codebase.py,Swift struct parser match
PrivacyPolicyView,struct,OpenIntelligence/Features/Billing/PrivacyPolicyView.swift,5-143,View,Low,Yes,code_verified,exact,OpenIntelligence/Features/Billing/PrivacyPolicyView.swift,scan_codebase.py,Swift struct parser match
TermsOfServiceView,struct,OpenIntelligence/Features/Billing/TermsOfServiceView.swift,4-115,View,Low,Yes,code_verified,exact,OpenIntelligence/Features/Billing/TermsOfServiceView.swift,scan_codebase.py,Swift struct parser match
CameraManager,class,OpenIntelligence/Features/Camera/CameraManager.swift,22-590,ViewModel,High,Yes,code_verified,exact,OpenIntelligence/Features/Camera/CameraManager.swift,scan_codebase.py,Swift class parser match
CameraManager,extension,OpenIntelligence/Features/Camera/CameraManager.swift,594-774,Service,Medium,Yes,code_verified,exact,OpenIntelligence/Features/Camera/CameraManager.swift,scan_codebase.py,Swift extension parser match
CameraManager,extension,OpenIntelligence/Features/Camera/CameraManager.swift,778-817,Service,Medium,Yes,code_verified,exact,OpenIntelligence/Features/Camera/CameraManager.swift,scan_codebase.py,Swift extension parser match
CameraManager,extension,OpenIntelligence/Features/Camera/CameraManager.swift,821-1204,Service,Medium,Yes,code_verified,exact,OpenIntelligence/Features/Camera/CameraManager.swift,scan_codebase.py,Swift extension parser match
ClassificationCategory,enum,OpenIntelligence/Features/Camera/CameraManager.swift,1078-1086,Unknown,Low,Yes,code_verified,exact,OpenIntelligence/Features/Camera/CameraManager.swift,scan_codebase.py,Swift enum parser match
CameraError,enum,OpenIntelligence/Features/Camera/CameraManager.swift,1208-1223,Unknown,Low,Yes,code_verified,exact,OpenIntelligence/Features/Camera/CameraManager.swift,scan_codebase.py,Swift enum parser match
CameraVisionOverlayView,struct,OpenIntelligence/Features/Camera/CameraVisionOverlayView.swift,19-670,View,Low,Yes,code_verified,exact,OpenIntelligence/Features/Camera/CameraVisionOverlayView.swift,scan_codebase.py,Swift struct parser match
RegionType,enum,OpenIntelligence/Features/Camera/CameraVisionOverlayView.swift,675-717,Model,Low,Yes,code_verified,exact,OpenIntelligence/Features/Camera/CameraVisionOverlayView.swift,scan_codebase.py,Swift enum parser match
DetectedRegion,struct,OpenIntelligence/Features/Camera/CameraVisionOverlayView.swift,720-726,Model,Low,Yes,code_verified,exact,OpenIntelligence/Features/Camera/CameraVisionOverlayView.swift,scan_codebase.py,Swift struct parser match
PoseJoint,struct,OpenIntelligence/Features/Camera/CameraVisionOverlayView.swift,729-734,Model,Low,Yes,code_verified,exact,OpenIntelligence/Features/Camera/CameraVisionOverlayView.swift,scan_codebase.py,Swift struct parser match
PoseConnection,struct,OpenIntelligence/Features/Camera/CameraVisionOverlayView.swift,737-742,Model,Low,Yes,code_verified,exact,OpenIntelligence/Features/Camera/CameraVisionOverlayView.swift,scan_codebase.py,Swift struct parser match
DetectedPose,struct,OpenIntelligence/Features/Camera/CameraVisionOverlayView.swift,745-752,Model,Low,Yes,code_verified,exact,OpenIntelligence/Features/Camera/CameraVisionOverlayView.swift,scan_codebase.py,Swift struct parser match
FrameAnalysis,struct,OpenIntelligence/Features/Camera/CameraVisionOverlayView.swift,755-764,Unknown,Low,Yes,code_verified,exact,OpenIntelligence/Features/Camera/CameraVisionOverlayView.swift,scan_codebase.py,Swift struct parser match
CaptureResult,struct,OpenIntelligence/Features/Camera/CameraVisionOverlayView.swift,767-782,Unknown,Low,Yes,code_verified,exact,OpenIntelligence/Features/Camera/CameraVisionOverlayView.swift,scan_codebase.py,Swift struct parser match
CaptureType,enum,OpenIntelligence/Features/Camera/CameraVisionOverlayView.swift,768-772,Unknown,Low,Yes,code_verified,exact,OpenIntelligence/Features/Camera/CameraVisionOverlayView.swift,scan_codebase.py,Swift enum parser match
StructuredCaptureElement,struct,OpenIntelligence/Features/Camera/CameraVisionOverlayView.swift,785-796,Unknown,Low,Yes,code_verified,exact,OpenIntelligence/Features/Camera/CameraVisionOverlayView.swift,scan_codebase.py,Swift struct parser match
ElementType,enum,OpenIntelligence/Features/Camera/CameraVisionOverlayView.swift,786-791,Unknown,Low,Yes,code_verified,exact,OpenIntelligence/Features/Camera/CameraVisionOverlayView.swift,scan_codebase.py,Swift enum parser match
CameraPreviewLayer,struct,OpenIntelligence/Features/Camera/CameraVisionOverlayView.swift,800-812,Unknown,Low,Yes,code_verified,exact,OpenIntelligence/Features/Camera/CameraVisionOverlayView.swift,scan_codebase.py,Swift struct parser match
CameraPreviewUIView,class,OpenIntelligence/Features/Camera/CameraVisionOverlayView.swift,815-844,Unknown,Medium,Yes,code_verified,exact,OpenIntelligence/Features/Camera/CameraVisionOverlayView.swift,scan_codebase.py,Swift class parser match
DetectionOverlayView,struct,OpenIntelligence/Features/Camera/CameraVisionOverlayView.swift,848-883,View,Low,Yes,code_verified,exact,OpenIntelligence/Features/Camera/CameraVisionOverlayView.swift,scan_codebase.py,Swift struct parser match
FaceSilhouetteOverlay,struct,OpenIntelligence/Features/Camera/CameraVisionOverlayView.swift,887-977,View,Low,Yes,code_verified,exact,OpenIntelligence/Features/Camera/CameraVisionOverlayView.swift,scan_codebase.py,Swift struct parser match
HumanSilhouetteOverlay,struct,OpenIntelligence/Features/Camera/CameraVisionOverlayView.swift,981-1086,View,Low,Yes,code_verified,exact,OpenIntelligence/Features/Camera/CameraVisionOverlayView.swift,scan_codebase.py,Swift struct parser match
RegionBoundingBox,struct,OpenIntelligence/Features/Camera/CameraVisionOverlayView.swift,1088-1155,View,Low,Yes,code_verified,exact,OpenIntelligence/Features/Camera/CameraVisionOverlayView.swift,scan_codebase.py,Swift struct parser match
PoseWireframeOverlay,struct,OpenIntelligence/Features/Camera/CameraVisionOverlayView.swift,1159-1176,View,Low,Yes,code_verified,exact,OpenIntelligence/Features/Camera/CameraVisionOverlayView.swift,scan_codebase.py,Swift struct parser match
HumanWireframe,struct,OpenIntelligence/Features/Camera/CameraVisionOverlayView.swift,1182-1270,View,Low,Yes,code_verified,exact,OpenIntelligence/Features/Camera/CameraVisionOverlayView.swift,scan_codebase.py,Swift struct parser match
AnimalWireframe,struct,OpenIntelligence/Features/Camera/CameraVisionOverlayView.swift,1276-1368,View,Low,Yes,code_verified,exact,OpenIntelligence/Features/Camera/CameraVisionOverlayView.swift,scan_codebase.py,Swift struct parser match
WireframeLine,struct,OpenIntelligence/Features/Camera/CameraVisionOverlayView.swift,1372-1401,View,Low,Yes,code_verified,exact,OpenIntelligence/Features/Camera/CameraVisionOverlayView.swift,scan_codebase.py,Swift struct parser match
WireframeJoint,struct,OpenIntelligence/Features/Camera/CameraVisionOverlayView.swift,1403-1431,View,Low,Yes,code_verified,exact,OpenIntelligence/Features/Camera/CameraVisionOverlayView.swift,scan_codebase.py,Swift struct parser match
CaptureConfirmationSheet,struct,OpenIntelligence/Features/Camera/CameraVisionOverlayView.swift,1435-1535,View,Low,Yes,code_verified,exact,OpenIntelligence/Features/Camera/CameraVisionOverlayView.swift,scan_codebase.py,Swift struct parser match
StatBadge,struct,OpenIntelligence/Features/Camera/CameraVisionOverlayView.swift,1537-1557,View,Low,Yes,code_verified,exact,OpenIntelligence/Features/Camera/CameraVisionOverlayView.swift,scan_codebase.py,Swift struct parser match
MetricPill,struct,OpenIntelligence/Features/Camera/CameraVisionOverlayView.swift,1561-1586,View,Low,Yes,code_verified,exact,OpenIntelligence/Features/Camera/CameraVisionOverlayView.swift,scan_codebase.py,Swift struct parser match
CaptureToRAGBridge,actor,OpenIntelligence/Features/Camera/CaptureToRAGBridge.swift,18-226,Unknown,Medium,Yes,code_verified,exact,OpenIntelligence/Features/Camera/CaptureToRAGBridge.swift,scan_codebase.py,Swift actor parser match
CaptureIngestionError,enum,OpenIntelligence/Features/Camera/CaptureToRAGBridge.swift,230-242,Unknown,Low,Yes,code_verified,exact,OpenIntelligence/Features/Camera/CaptureToRAGBridge.swift,scan_codebase.py,Swift enum parser match
LiveAnalysisService,actor,OpenIntelligence/Features/Camera/CaptureToRAGBridge.swift,247-401,Service,High,Yes,code_verified,exact,OpenIntelligence/Features/Camera/CaptureToRAGBridge.swift,scan_codebase.py,Swift actor parser match
CaptureMode,enum,OpenIntelligence/Features/Camera/DocumentCaptureView.swift,214-237,Unknown,Low,Yes,code_verified,exact,OpenIntelligence/Features/Camera/DocumentCaptureView.swift,scan_codebase.py,Swift enum parser match
SmartCaptureResult,struct,OpenIntelligence/Features/Camera/DocumentCaptureView.swift,241-294,Unknown,Low,Yes,code_verified,exact,OpenIntelligence/Features/Camera/DocumentCaptureView.swift,scan_codebase.py,Swift struct parser match
SmartCaptureManager,class,OpenIntelligence/Features/Camera/DocumentCaptureView.swift,299-646,ViewModel,High,Yes,code_verified,exact,OpenIntelligence/Features/Camera/DocumentCaptureView.swift,scan_codebase.py,Swift class parser match
Category,enum,OpenIntelligence/Features/Camera/DocumentCaptureView.swift,612-612,Unknown,Low,Yes,code_verified,exact,OpenIntelligence/Features/Camera/DocumentCaptureView.swift,scan_codebase.py,Swift enum parser match
CaptureError,enum,OpenIntelligence/Features/Camera/DocumentCaptureView.swift,642-645,Unknown,Low,Yes,code_verified,exact,OpenIntelligence/Features/Camera/DocumentCaptureView.swift,scan_codebase.py,Swift enum parser match
SmartCaptureManager,extension,OpenIntelligence/Features/Camera/DocumentCaptureView.swift,650-667,Service,Medium,Yes,code_verified,exact,OpenIntelligence/Features/Camera/DocumentCaptureView.swift,scan_codebase.py,Swift extension parser match
SmartCaptureManager,extension,OpenIntelligence/Features/Camera/DocumentCaptureView.swift,669-697,Service,Medium,Yes,code_verified,exact,OpenIntelligence/Features/Camera/DocumentCaptureView.swift,scan_codebase.py,Swift extension parser match
SmartOverlay,struct,OpenIntelligence/Features/Camera/DocumentCaptureView.swift,701-738,View,Low,Yes,code_verified,exact,OpenIntelligence/Features/Camera/DocumentCaptureView.swift,scan_codebase.py,Swift struct parser match
ModeIndicator,struct,OpenIntelligence/Features/Camera/DocumentCaptureView.swift,740-756,View,Low,Yes,code_verified,exact,OpenIntelligence/Features/Camera/DocumentCaptureView.swift,scan_codebase.py,Swift struct parser match
LivePreviewBadge,struct,OpenIntelligence/Features/Camera/DocumentCaptureView.swift,758-776,View,Low,Yes,code_verified,exact,OpenIntelligence/Features/Camera/DocumentCaptureView.swift,scan_codebase.py,Swift struct parser match
CameraPreview,struct,OpenIntelligence/Features/Camera/DocumentCaptureView.swift,778-813,Unknown,Low,Yes,code_verified,exact,OpenIntelligence/Features/Camera/DocumentCaptureView.swift,scan_codebase.py,Swift struct parser match
PreviewView,class,OpenIntelligence/Features/Camera/DocumentCaptureView.swift,789-812,Unknown,Medium,Yes,code_verified,exact,OpenIntelligence/Features/Camera/DocumentCaptureView.swift,scan_codebase.py,Swift class parser match
DocumentCorners,struct,OpenIntelligence/Features/Camera/DocumentCaptureView.swift,815-842,View,Low,Yes,code_verified,exact,OpenIntelligence/Features/Camera/DocumentCaptureView.swift,scan_codebase.py,Swift struct parser match
CaptureButton,struct,OpenIntelligence/Features/Camera/DocumentCaptureView.swift,844-870,View,Low,Yes,code_verified,exact,OpenIntelligence/Features/Camera/DocumentCaptureView.swift,scan_codebase.py,Swift struct parser match
SmartCaptureConfirmation,struct,OpenIntelligence/Features/Camera/DocumentCaptureView.swift,872-982,View,Low,Yes,code_verified,exact,OpenIntelligence/Features/Camera/DocumentCaptureView.swift,scan_codebase.py,Swift struct parser match
CaptureFlowLayout,struct,OpenIntelligence/Features/Camera/DocumentCaptureView.swift,986-1027,Unknown,Low,Yes,code_verified,exact,OpenIntelligence/Features/Camera/DocumentCaptureView.swift,scan_codebase.py,Swift struct parser match
FlowResult,struct,OpenIntelligence/Features/Camera/DocumentCaptureView.swift,1003-1026,Unknown,Low,Yes,code_verified,exact,OpenIntelligence/Features/Camera/DocumentCaptureView.swift,scan_codebase.py,Swift struct parser match
ActivityView,struct,OpenIntelligence/Features/Chat/Conversation/ActivityView.swift,11-22,View,Low,Yes,code_verified,exact,OpenIntelligence/Features/Chat/Conversation/ActivityView.swift,scan_codebase.py,Swift struct parser match
ActivityView,struct,OpenIntelligence/Features/Chat/Conversation/ActivityView.swift,24-64,View,Low,Yes,code_verified,exact,OpenIntelligence/Features/Chat/Conversation/ActivityView.swift,scan_codebase.py,Swift struct parser match
ChatAttachment,struct,OpenIntelligence/Features/Chat/Conversation/AttachmentPicker.swift,22-41,Model,Low,Yes,code_verified,exact,OpenIntelligence/Features/Chat/Conversation/AttachmentPicker.swift,scan_codebase.py,Swift struct parser match
AttachmentType,enum,OpenIntelligence/Features/Chat/Conversation/AttachmentPicker.swift,28-40,Model,Low,Yes,code_verified,exact,OpenIntelligence/Features/Chat/Conversation/AttachmentPicker.swift,scan_codebase.py,Swift enum parser match
PhotoPicker,struct,OpenIntelligence/Features/Chat/Conversation/AttachmentPicker.swift,46-124,Unknown,Low,Yes,code_verified,exact,OpenIntelligence/Features/Chat/Conversation/AttachmentPicker.swift,scan_codebase.py,Swift struct parser match
Coordinator,class,OpenIntelligence/Features/Chat/Conversation/AttachmentPicker.swift,66-123,Service,High,Yes,code_verified,exact,OpenIntelligence/Features/Chat/Conversation/AttachmentPicker.swift,scan_codebase.py,Swift class parser match
PhotoPicker,struct,OpenIntelligence/Features/Chat/Conversation/AttachmentPicker.swift,126-144,View,Low,Yes,code_verified,exact,OpenIntelligence/Features/Chat/Conversation/AttachmentPicker.swift,scan_codebase.py,Swift struct parser match
CameraPicker,struct,OpenIntelligence/Features/Chat/Conversation/AttachmentPicker.swift,150-209,Unknown,Low,Yes,code_verified,exact,OpenIntelligence/Features/Chat/Conversation/AttachmentPicker.swift,scan_codebase.py,Swift struct parser match
Coordinator,class,OpenIntelligence/Features/Chat/Conversation/AttachmentPicker.swift,167-208,Service,High,Yes,code_verified,exact,OpenIntelligence/Features/Chat/Conversation/AttachmentPicker.swift,scan_codebase.py,Swift class parser match
CameraPicker,struct,OpenIntelligence/Features/Chat/Conversation/AttachmentPicker.swift,211-222,View,Low,Yes,code_verified,exact,OpenIntelligence/Features/Chat/Conversation/AttachmentPicker.swift,scan_codebase.py,Swift struct parser match
AttachmentPreviewChip,struct,OpenIntelligence/Features/Chat/Conversation/AttachmentPicker.swift,227-288,View,Low,Yes,code_verified,exact,OpenIntelligence/Features/Chat/Conversation/AttachmentPicker.swift,scan_codebase.py,Swift struct parser match
AttachmentMenuButton,struct,OpenIntelligence/Features/Chat/Conversation/AttachmentPicker.swift,292-330,View,Low,Yes,code_verified,exact,OpenIntelligence/Features/Chat/Conversation/AttachmentPicker.swift,scan_codebase.py,Swift struct parser match
ExtendedDocumentPicker,struct,OpenIntelligence/Features/Chat/Conversation/AttachmentPicker.swift,335-432,Unknown,Low,Yes,code_verified,exact,OpenIntelligence/Features/Chat/Conversation/AttachmentPicker.swift,scan_codebase.py,Swift struct parser match
Coordinator,class,OpenIntelligence/Features/Chat/Conversation/AttachmentPicker.swift,392-431,Service,High,Yes,code_verified,exact,OpenIntelligence/Features/Chat/Conversation/AttachmentPicker.swift,scan_codebase.py,Swift class parser match
ExtendedDocumentPicker,struct,OpenIntelligence/Features/Chat/Conversation/AttachmentPicker.swift,434-508,View,Low,Yes,code_verified,exact,OpenIntelligence/Features/Chat/Conversation/AttachmentPicker.swift,scan_codebase.py,Swift struct parser match
ChatComposerV2,struct,OpenIntelligence/Features/Chat/Conversation/ChatComposerV2.swift,13-251,View,Low,Yes,code_verified,exact,OpenIntelligence/Features/Chat/Conversation/ChatComposerV2.swift,scan_codebase.py,Swift struct parser match
ChatComposerV2,extension,OpenIntelligence/Features/Chat/Conversation/ChatComposerV2.swift,255-292,Extension,Low,Yes,code_verified,exact,OpenIntelligence/Features/Chat/Conversation/ChatComposerV2.swift,scan_codebase.py,Swift extension parser match
ConsolidatedMetrics,struct,OpenIntelligence/Features/Chat/Conversation/ChatScreen.swift,15-47,Unknown,Low,Yes,code_verified,exact,OpenIntelligence/Features/Chat/Conversation/ChatScreen.swift,scan_codebase.py,Swift struct parser match
ContinuedQueryCoordinator,class,OpenIntelligence/Features/Chat/Conversation/ChatScreen.swift,50-181,ViewModel,High,Yes,code_verified,exact,OpenIntelligence/Features/Chat/Conversation/ChatScreen.swift,scan_codebase.py,Swift class parser match
ChatScreen,struct,OpenIntelligence/Features/Chat/Conversation/ChatScreen.swift,185-3165,View,High,Yes,code_verified,exact,OpenIntelligence/Features/Chat/Conversation/ChatScreen.swift,scan_codebase.py,Swift struct parser match
TransformAction,enum,OpenIntelligence/Features/Chat/Conversation/ChatScreen.swift,2134-2154,Unknown,Low,Yes,code_verified,exact,OpenIntelligence/Features/Chat/Conversation/ChatScreen.swift,scan_codebase.py,Swift enum parser match
ChatHeader,struct,OpenIntelligence/Features/Chat/Conversation/ChatScreen.swift,3169-3210,View,Low,Yes,code_verified,exact,OpenIntelligence/Features/Chat/Conversation/ChatScreen.swift,scan_codebase.py,Swift struct parser match
ContextStatusBarView,struct,OpenIntelligence/Features/Chat/Conversation/ChatScreen.swift,3214-3247,View,Low,Yes,code_verified,exact,OpenIntelligence/Features/Chat/Conversation/ChatScreen.swift,scan_codebase.py,Swift struct parser match
CompactChatHeader,struct,OpenIntelligence/Features/Chat/Conversation/ChatScreen.swift,3252-3342,View,Low,Yes,code_verified,exact,OpenIntelligence/Features/Chat/Conversation/ChatScreen.swift,scan_codebase.py,Swift struct parser match
QualityModeQuickPicker,struct,OpenIntelligence/Features/Chat/Conversation/ChatScreen.swift,3346-3446,View,Low,Yes,code_verified,exact,OpenIntelligence/Features/Chat/Conversation/ChatScreen.swift,scan_codebase.py,Swift struct parser match
AccuracyModeBadge,struct,OpenIntelligence/Features/Chat/Conversation/ChatScreen.swift,3449-3465,View,Low,Yes,code_verified,exact,OpenIntelligence/Features/Chat/Conversation/ChatScreen.swift,scan_codebase.py,Swift struct parser match
StatChip,struct,OpenIntelligence/Features/Chat/Conversation/ChatScreen.swift,3468-3488,View,Low,Yes,code_verified,exact,OpenIntelligence/Features/Chat/Conversation/ChatScreen.swift,scan_codebase.py,Swift struct parser match
MessageListEmptyContent,struct,OpenIntelligence/Features/Chat/Conversation/ChatScreen.swift,3492-3554,View,Low,Yes,code_verified,exact,OpenIntelligence/Features/Chat/Conversation/ChatScreen.swift,scan_codebase.py,Swift struct parser match
FirstQueryPromptView,struct,OpenIntelligence/Features/Chat/Conversation/ChatScreen.swift,3558-3742,View,Low,Yes,code_verified,exact,OpenIntelligence/Features/Chat/Conversation/ChatScreen.swift,scan_codebase.py,Swift struct parser match
ChatV2FeatureRow,struct,OpenIntelligence/Features/Chat/Conversation/ChatScreen.swift,3744-3766,View,Low,Yes,code_verified,exact,OpenIntelligence/Features/Chat/Conversation/ChatScreen.swift,scan_codebase.py,Swift struct parser match
ComposerStub,struct,OpenIntelligence/Features/Chat/Conversation/ChatScreen.swift,3770-3803,View,Low,Yes,code_verified,exact,OpenIntelligence/Features/Chat/Conversation/ChatScreen.swift,scan_codebase.py,Swift struct parser match
AppReviewPromptPolicy,enum,OpenIntelligence/Features/Chat/Conversation/ChatScreen.swift,3805-3812,Service,High,Yes,code_verified,exact,OpenIntelligence/Features/Chat/Conversation/ChatScreen.swift,scan_codebase.py,Swift enum parser match
AppReviewPromptTracker,enum,OpenIntelligence/Features/Chat/Conversation/ChatScreen.swift,3814-3890,View,Low,Yes,code_verified,exact,OpenIntelligence/Features/Chat/Conversation/ChatScreen.swift,scan_codebase.py,Swift enum parser match
Keys,enum,OpenIntelligence/Features/Chat/Conversation/ChatScreen.swift,3815-3821,Unknown,Low,Yes,code_verified,exact,OpenIntelligence/Features/Chat/Conversation/ChatScreen.swift,scan_codebase.py,Swift enum parser match
RAGQualityMode,extension,OpenIntelligence/Features/Chat/Conversation/ChatScreen.swift,3892-3901,Extension,Low,Yes,code_verified,exact,OpenIntelligence/Features/Chat/Conversation/ChatScreen.swift,scan_codebase.py,Swift extension parser match
ToastItem,struct,OpenIntelligence/Features/Chat/Conversation/EventToasts.swift,15-54,Model,Low,Yes,code_verified,exact,OpenIntelligence/Features/Chat/Conversation/EventToasts.swift,scan_codebase.py,Swift struct parser match
EventToastView,struct,OpenIntelligence/Features/Chat/Conversation/EventToasts.swift,58-98,View,Low,Yes,code_verified,exact,OpenIntelligence/Features/Chat/Conversation/EventToasts.swift,scan_codebase.py,Swift struct parser match
ToastStackView,struct,OpenIntelligence/Features/Chat/Conversation/EventToasts.swift,102-134,View,Low,Yes,code_verified,exact,OpenIntelligence/Features/Chat/Conversation/EventToasts.swift,scan_codebase.py,Swift struct parser match
ToastManager,class,OpenIntelligence/Features/Chat/Conversation/EventToasts.swift,139-177,ViewModel,High,Yes,code_verified,exact,OpenIntelligence/Features/Chat/Conversation/EventToasts.swift,scan_codebase.py,Swift class parser match
ToastOverlayModifier,struct,OpenIntelligence/Features/Chat/Conversation/EventToasts.swift,181-189,Unknown,Low,Yes,code_verified,exact,OpenIntelligence/Features/Chat/Conversation/EventToasts.swift,scan_codebase.py,Swift struct parser match
View,extension,OpenIntelligence/Features/Chat/Conversation/EventToasts.swift,191-195,Extension,Low,Yes,code_verified,exact,OpenIntelligence/Features/Chat/Conversation/EventToasts.swift,scan_codebase.py,Swift extension parser match
PreviewWrapper,struct,OpenIntelligence/Features/Chat/Conversation/EventToasts.swift,200-236,View,Low,Yes,code_verified,exact,OpenIntelligence/Features/Chat/Conversation/EventToasts.swift,scan_codebase.py,Swift struct parser match
MessageActionsBar,struct,OpenIntelligence/Features/Chat/Conversation/MessageActionsBar.swift,14-189,View,Low,Yes,code_verified,exact,OpenIntelligence/Features/Chat/Conversation/MessageActionsBar.swift,scan_codebase.py,Swift struct parser match
ActionButton,struct,OpenIntelligence/Features/Chat/Conversation/MessageActionsBar.swift,192-215,View,Low,Yes,code_verified,exact,OpenIntelligence/Features/Chat/Conversation/MessageActionsBar.swift,scan_codebase.py,Swift struct parser match
ActionButtonStyle,struct,OpenIntelligence/Features/Chat/Conversation/MessageActionsBar.swift,217-224,Unknown,Low,Yes,code_verified,exact,OpenIntelligence/Features/Chat/Conversation/MessageActionsBar.swift,scan_codebase.py,Swift struct parser match
MessageMetadataPanel,struct,OpenIntelligence/Features/Chat/Conversation/MessageActionsBar.swift,227-311,View,Low,Yes,code_verified,exact,OpenIntelligence/Features/Chat/Conversation/MessageActionsBar.swift,scan_codebase.py,Swift struct parser match
MetricRow,struct,OpenIntelligence/Features/Chat/Conversation/MessageActionsBar.swift,313-339,View,Low,Yes,code_verified,exact,OpenIntelligence/Features/Chat/Conversation/MessageActionsBar.swift,scan_codebase.py,Swift struct parser match
MessageBubbleV2,struct,OpenIntelligence/Features/Chat/Conversation/MessageBubbleV2.swift,13-401,View,Low,Yes,code_verified,exact,OpenIntelligence/Features/Chat/Conversation/MessageBubbleV2.swift,scan_codebase.py,Swift struct parser match
SharePayload,struct,OpenIntelligence/Features/Chat/Conversation/MessageBubbleV2.swift,397-400,Model,Low,Yes,code_verified,exact,OpenIntelligence/Features/Chat/Conversation/MessageBubbleV2.swift,scan_codebase.py,Swift struct parser match
BubbleShape,struct,OpenIntelligence/Features/Chat/Conversation/MessageBubbleV2.swift,406-431,Unknown,Low,Yes,code_verified,exact,OpenIntelligence/Features/Chat/Conversation/MessageBubbleV2.swift,scan_codebase.py,Swift struct parser match
ReasoningStepView,struct,OpenIntelligence/Features/Chat/Conversation/MessageBubbleV2.swift,436-486,View,Low,Yes,code_verified,exact,OpenIntelligence/Features/Chat/Conversation/MessageBubbleV2.swift,scan_codebase.py,Swift struct parser match
VerificationBadge,struct,OpenIntelligence/Features/Chat/Conversation/MessageBubbleV2.swift,491-569,View,Low,Yes,code_verified,exact,OpenIntelligence/Features/Chat/Conversation/MessageBubbleV2.swift,scan_codebase.py,Swift struct parser match
VerificationStatus,enum,OpenIntelligence/Features/Chat/Conversation/MessageBubbleV2.swift,515-568,View,Low,Yes,code_verified,exact,OpenIntelligence/Features/Chat/Conversation/MessageBubbleV2.swift,scan_codebase.py,Swift enum parser match
MessageListV2,struct,OpenIntelligence/Features/Chat/Conversation/MessageListV2.swift,10-174,View,Low,Yes,code_verified,exact,OpenIntelligence/Features/Chat/Conversation/MessageListV2.swift,scan_codebase.py,Swift struct parser match
EmptyStateV2,struct,OpenIntelligence/Features/Chat/Conversation/MessageListV2.swift,177-213,View,Low,Yes,code_verified,exact,OpenIntelligence/Features/Chat/Conversation/MessageListV2.swift,scan_codebase.py,Swift struct parser match
StreamingBubbleV2,struct,OpenIntelligence/Features/Chat/Conversation/MessageListV2.swift,217-259,View,Low,Yes,code_verified,exact,OpenIntelligence/Features/Chat/Conversation/MessageListV2.swift,scan_codebase.py,Swift struct parser match
TypingBubbleV2,struct,OpenIntelligence/Features/Chat/Conversation/MessageListV2.swift,263-375,View,Low,Yes,code_verified,exact,OpenIntelligence/Features/Chat/Conversation/MessageListV2.swift,scan_codebase.py,Swift struct parser match
LivePipelinePreview,struct,OpenIntelligence/Features/Chat/Conversation/MessageListV2.swift,377-426,View,Low,Yes,code_verified,exact,OpenIntelligence/Features/Chat/Conversation/MessageListV2.swift,scan_codebase.py,Swift struct parser match
BottomAnchorYPreferenceKey,struct,OpenIntelligence/Features/Chat/Conversation/MessageListV2.swift,430-435,Unknown,Low,Yes,code_verified,exact,OpenIntelligence/Features/Chat/Conversation/MessageListV2.swift,scan_codebase.py,Swift struct parser match
BottomAnchorGeometry,struct,OpenIntelligence/Features/Chat/Conversation/MessageListV2.swift,437-447,View,Low,Yes,code_verified,exact,OpenIntelligence/Features/Chat/Conversation/MessageListV2.swift,scan_codebase.py,Swift struct parser match
View,extension,OpenIntelligence/Features/Chat/Conversation/ViewAnnotations.swift,12-22,Extension,Low,Yes,code_verified,exact,OpenIntelligence/Features/Chat/Conversation/ViewAnnotations.swift,scan_codebase.py,Swift extension parser match
ActiveDocumentAnnotationModifier,struct,OpenIntelligence/Features/Chat/Conversation/ViewAnnotations.swift,25-47,Unknown,Low,Yes,code_verified,exact,OpenIntelligence/Features/Chat/Conversation/ViewAnnotations.swift,scan_codebase.py,Swift struct parser match
ActiveLibraryAnnotationModifier,struct,OpenIntelligence/Features/Chat/Conversation/ViewAnnotations.swift,50-72,Unknown,Low,Yes,code_verified,exact,OpenIntelligence/Features/Chat/Conversation/ViewAnnotations.swift,scan_codebase.py,Swift struct parser match
PipelineTraceExporter,enum,OpenIntelligence/Features/Chat/Pipeline/PipelineTraceExporter.swift,13-258,Service,High,Yes,code_verified,exact,OpenIntelligence/Features/Chat/Pipeline/PipelineTraceExporter.swift,scan_codebase.py,Swift enum parser match
DateFormatter,extension,OpenIntelligence/Features/Chat/Pipeline/PipelineTraceExporter.swift,262-268,Extension,Low,Yes,code_verified,exact,OpenIntelligence/Features/Chat/Pipeline/PipelineTraceExporter.swift,scan_codebase.py,Swift extension parser match
ChatExecutionLocation,enum,OpenIntelligence/Features/Chat/Pipeline/ProcessingModels.swift,11-43,Unknown,Low,Yes,code_verified,exact,OpenIntelligence/Features/Chat/Pipeline/ProcessingModels.swift,scan_codebase.py,Swift enum parser match
ChatProcessingStage,enum,OpenIntelligence/Features/Chat/Pipeline/ProcessingModels.swift,45-71,Unknown,Low,Yes,code_verified,exact,OpenIntelligence/Features/Chat/Pipeline/ProcessingModels.swift,scan_codebase.py,Swift enum parser match
AnswerIntelligence,struct,OpenIntelligence/Features/Chat/Response/AnswerIntelligenceView.swift,16-114,Model,Low,Yes,code_verified,exact,OpenIntelligence/Features/Chat/Response/AnswerIntelligenceView.swift,scan_codebase.py,Swift struct parser match
GateDetail,struct,OpenIntelligence/Features/Chat/Response/AnswerIntelligenceView.swift,48-55,Model,Low,Yes,code_verified,exact,OpenIntelligence/Features/Chat/Response/AnswerIntelligenceView.swift,scan_codebase.py,Swift struct parser match
SourceInfo,struct,OpenIntelligence/Features/Chat/Response/AnswerIntelligenceView.swift,58-63,Model,Low,Yes,code_verified,exact,OpenIntelligence/Features/Chat/Response/AnswerIntelligenceView.swift,scan_codebase.py,Swift struct parser match
ConfidenceLevel,enum,OpenIntelligence/Features/Chat/Response/AnswerIntelligenceView.swift,90-113,Unknown,Low,Yes,code_verified,exact,OpenIntelligence/Features/Chat/Response/AnswerIntelligenceView.swift,scan_codebase.py,Swift enum parser match
AnswerIntelligenceView,struct,OpenIntelligence/Features/Chat/Response/AnswerIntelligenceView.swift,119-554,View,Low,Yes,code_verified,exact,OpenIntelligence/Features/Chat/Response/AnswerIntelligenceView.swift,scan_codebase.py,Swift struct parser match
Section,enum,OpenIntelligence/Features/Chat/Response/AnswerIntelligenceView.swift,124-129,Unknown,Low,Yes,code_verified,exact,OpenIntelligence/Features/Chat/Response/AnswerIntelligenceView.swift,scan_codebase.py,Swift enum parser match
AnswerIntelligenceBadge,struct,OpenIntelligence/Features/Chat/Response/AnswerIntelligenceView.swift,559-582,View,Low,Yes,code_verified,exact,OpenIntelligence/Features/Chat/Response/AnswerIntelligenceView.swift,scan_codebase.py,Swift struct parser match
AnswerIntelligence,extension,OpenIntelligence/Features/Chat/Response/AnswerIntelligenceView.swift,586-696,View,Low,Yes,code_verified,exact,OpenIntelligence/Features/Chat/Response/AnswerIntelligenceView.swift,scan_codebase.py,Swift extension parser match
ContextUsageIndicator,struct,OpenIntelligence/Features/Chat/Response/ContextUsageIndicator.swift,12-114,View,Low,Yes,code_verified,exact,OpenIntelligence/Features/Chat/Response/ContextUsageIndicator.swift,scan_codebase.py,Swift struct parser match
ContextSegment,struct,OpenIntelligence/Features/Chat/Response/ContextUsageIndicator.swift,116-125,View,Low,Yes,code_verified,exact,OpenIntelligence/Features/Chat/Response/ContextUsageIndicator.swift,scan_codebase.py,Swift struct parser match
LegendItem,struct,OpenIntelligence/Features/Chat/Response/ContextUsageIndicator.swift,127-147,View,Low,Yes,code_verified,exact,OpenIntelligence/Features/Chat/Response/ContextUsageIndicator.swift,scan_codebase.py,Swift struct parser match
CompactContextIndicator,struct,OpenIntelligence/Features/Chat/Response/ContextUsageIndicator.swift,150-192,View,Low,Yes,code_verified,exact,OpenIntelligence/Features/Chat/Response/ContextUsageIndicator.swift,scan_codebase.py,Swift struct parser match
CircularContextGauge,struct,OpenIntelligence/Features/Chat/Response/ContextUsageIndicator.swift,195-235,View,Low,Yes,code_verified,exact,OpenIntelligence/Features/Chat/Response/ContextUsageIndicator.swift,scan_codebase.py,Swift struct parser match
EnhancedCodeBlock,struct,OpenIntelligence/Features/Chat/Response/EnhancedCodeBlock.swift,13-156,View,Low,Yes,code_verified,exact,OpenIntelligence/Features/Chat/Response/EnhancedCodeBlock.swift,scan_codebase.py,Swift struct parser match
SyntaxHighlightedLine,struct,OpenIntelligence/Features/Chat/Response/EnhancedCodeBlock.swift,160-335,View,Low,Yes,code_verified,exact,OpenIntelligence/Features/Chat/Response/EnhancedCodeBlock.swift,scan_codebase.py,Swift struct parser match
ContentView,struct,OpenIntelligence/Features/Chat/Response/EnhancedCodeBlock.swift,308-319,View,Low,Yes,code_verified,exact,OpenIntelligence/Features/Chat/Response/EnhancedCodeBlock.swift,scan_codebase.py,Swift struct parser match
GroundedAnswerView,struct,OpenIntelligence/Features/Chat/Response/GroundedAnswerView.swift,8-246,View,Low,Yes,code_verified,exact,OpenIntelligence/Features/Chat/Response/GroundedAnswerView.swift,scan_codebase.py,Swift struct parser match
IdentifiableChunk,struct,OpenIntelligence/Features/Chat/Response/GroundedAnswerView.swift,315-318,Model,Low,Yes,code_verified,exact,OpenIntelligence/Features/Chat/Response/GroundedAnswerView.swift,scan_codebase.py,Swift struct parser match
ReportReason,enum,OpenIntelligence/Features/Chat/Response/ReportMessageSheet.swift,7-18,Model,Low,Yes,code_verified,exact,OpenIntelligence/Features/Chat/Response/ReportMessageSheet.swift,scan_codebase.py,Swift enum parser match
ReportMessageSheet,struct,OpenIntelligence/Features/Chat/Response/ReportMessageSheet.swift,24-143,View,Low,Yes,code_verified,exact,OpenIntelligence/Features/Chat/Response/ReportMessageSheet.swift,scan_codebase.py,Swift struct parser match
ChatResponseDetailsView,struct,OpenIntelligence/Features/Chat/Response/ResponseDetailsView.swift,10-730,View,Low,Yes,code_verified,exact,OpenIntelligence/Features/Chat/Response/ResponseDetailsView.swift,scan_codebase.py,Swift struct parser match
VerificationInfo,struct,OpenIntelligence/Features/Chat/Response/ResponseDetailsView.swift,734-797,Model,Low,Yes,code_verified,exact,OpenIntelligence/Features/Chat/Response/ResponseDetailsView.swift,scan_codebase.py,Swift struct parser match
VerificationLevel,enum,OpenIntelligence/Features/Chat/Response/ResponseDetailsView.swift,741-743,Unknown,Low,Yes,code_verified,exact,OpenIntelligence/Features/Chat/Response/ResponseDetailsView.swift,scan_codebase.py,Swift enum parser match
MatchQualityPill,struct,OpenIntelligence/Features/Chat/Response/ResponseDetailsView.swift,801-832,View,Low,Yes,code_verified,exact,OpenIntelligence/Features/Chat/Response/ResponseDetailsView.swift,scan_codebase.py,Swift struct parser match
SourceCard,struct,OpenIntelligence/Features/Chat/Response/ResponseDetailsView.swift,836-951,View,Low,Yes,code_verified,exact,OpenIntelligence/Features/Chat/Response/ResponseDetailsView.swift,scan_codebase.py,Swift struct parser match
PerfMetricRow,struct,OpenIntelligence/Features/Chat/Response/ResponseDetailsView.swift,955-973,View,Low,Yes,code_verified,exact,OpenIntelligence/Features/Chat/Response/ResponseDetailsView.swift,scan_codebase.py,Swift struct parser match
ResponseDetailMetricRow,struct,OpenIntelligence/Features/Chat/Response/ResponseDetailsView.swift,977-1002,View,Low,Yes,code_verified,exact,OpenIntelligence/Features/Chat/Response/ResponseDetailsView.swift,scan_codebase.py,Swift struct parser match
RetrievalQualityBar,struct,OpenIntelligence/Features/Chat/Response/RetrievalQualityView.swift,12-84,View,Low,Yes,code_verified,exact,OpenIntelligence/Features/Chat/Response/RetrievalQualityView.swift,scan_codebase.py,Swift struct parser match
SimilarityBar,struct,OpenIntelligence/Features/Chat/Response/RetrievalQualityView.swift,87-144,View,Low,Yes,code_verified,exact,OpenIntelligence/Features/Chat/Response/RetrievalQualityView.swift,scan_codebase.py,Swift struct parser match
CompactQualityIndicator,struct,OpenIntelligence/Features/Chat/Response/RetrievalQualityView.swift,147-185,View,Low,Yes,code_verified,exact,OpenIntelligence/Features/Chat/Response/RetrievalQualityView.swift,scan_codebase.py,Swift struct parser match
QualityGauge,struct,OpenIntelligence/Features/Chat/Response/RetrievalQualityView.swift,188-222,View,Low,Yes,code_verified,exact,OpenIntelligence/Features/Chat/Response/RetrievalQualityView.swift,scan_codebase.py,Swift struct parser match
QualityRadar,struct,OpenIntelligence/Features/Chat/Response/RetrievalQualityView.swift,225-263,View,Low,Yes,code_verified,exact,OpenIntelligence/Features/Chat/Response/RetrievalQualityView.swift,scan_codebase.py,Swift struct parser match
RetrievedChunk,extension,OpenIntelligence/Features/Chat/Response/RetrievalQualityView.swift,267-289,Extension,Low,Yes,code_verified,exact,OpenIntelligence/Features/Chat/Response/RetrievalQualityView.swift,scan_codebase.py,Swift extension parser match
RetrievalSourcesTray,struct,OpenIntelligence/Features/Chat/Response/RetrievalSourcesTray.swift,13-156,View,Low,Yes,code_verified,exact,OpenIntelligence/Features/Chat/Response/RetrievalSourcesTray.swift,scan_codebase.py,Swift struct parser match
ShimmerBar,struct,OpenIntelligence/Features/Chat/Response/RetrievalSourcesTray.swift,160-195,View,Low,Yes,code_verified,exact,OpenIntelligence/Features/Chat/Response/RetrievalSourcesTray.swift,scan_codebase.py,Swift struct parser match
SourceChipsView,struct,OpenIntelligence/Features/Chat/Response/SourceChipsView.swift,12-82,View,Low,Yes,code_verified,exact,OpenIntelligence/Features/Chat/Response/SourceChipsView.swift,scan_codebase.py,Swift struct parser match
SourceChip,struct,OpenIntelligence/Features/Chat/Response/SourceChipsView.swift,86-133,View,Low,Yes,code_verified,exact,OpenIntelligence/Features/Chat/Response/SourceChipsView.swift,scan_codebase.py,Swift struct parser match
MoreChip,struct,OpenIntelligence/Features/Chat/Response/SourceChipsView.swift,137-163,View,Low,Yes,code_verified,exact,OpenIntelligence/Features/Chat/Response/SourceChipsView.swift,scan_codebase.py,Swift struct parser match
ChipData,struct,OpenIntelligence/Features/Chat/Response/SourceChipsView.swift,167-174,Model,Low,Yes,code_verified,exact,OpenIntelligence/Features/Chat/Response/SourceChipsView.swift,scan_codebase.py,Swift struct parser match
SourceFidelityStatus,struct,OpenIntelligence/Features/Chat/Response/SourceFidelityStatus.swift,10-112,View,Low,Yes,code_verified,exact,OpenIntelligence/Features/Chat/Response/SourceFidelityStatus.swift,scan_codebase.py,Swift struct parser match
FidelityLevel,enum,OpenIntelligence/Features/Chat/Response/SourceFidelityStatus.swift,11-47,Unknown,Low,Yes,code_verified,exact,OpenIntelligence/Features/Chat/Response/SourceFidelityStatus.swift,scan_codebase.py,Swift enum parser match
StatusPillV2,struct,OpenIntelligence/Features/Chat/Response/StatusPillV2.swift,11-120,View,Low,Yes,code_verified,exact,OpenIntelligence/Features/Chat/Response/StatusPillV2.swift,scan_codebase.py,Swift struct parser match
StageDot,struct,OpenIntelligence/Features/Chat/Response/StatusPillV2.swift,122-131,View,Low,Yes,code_verified,exact,OpenIntelligence/Features/Chat/Response/StatusPillV2.swift,scan_codebase.py,Swift struct parser match
ExecutionChip,struct,OpenIntelligence/Features/Chat/Response/StatusPillV2.swift,133-176,View,Low,Yes,code_verified,exact,OpenIntelligence/Features/Chat/Response/StatusPillV2.swift,scan_codebase.py,Swift struct parser match
ThinkingStreamView,struct,OpenIntelligence/Features/Chat/Response/ThinkingStreamView.swift,5-229,View,Low,Yes,code_verified,exact,OpenIntelligence/Features/Chat/Response/ThinkingStreamView.swift,scan_codebase.py,Swift struct parser match
ViewMode,enum,OpenIntelligence/Features/Chat/Response/ThinkingStreamView.swift,14-17,Unknown,Low,Yes,code_verified,exact,OpenIntelligence/Features/Chat/Response/ThinkingStreamView.swift,scan_codebase.py,Swift enum parser match
ConsoleLogRow,struct,OpenIntelligence/Features/Chat/Response/ThinkingStreamView.swift,233-341,View,Low,Yes,code_verified,exact,OpenIntelligence/Features/Chat/Response/ThinkingStreamView.swift,scan_codebase.py,Swift struct parser match
ThinkingPulse,struct,OpenIntelligence/Features/Chat/Response/ThinkingStreamView.swift,345-357,View,Low,Yes,code_verified,exact,OpenIntelligence/Features/Chat/Response/ThinkingStreamView.swift,scan_codebase.py,Swift struct parser match
TimingBreakdownView,struct,OpenIntelligence/Features/Chat/Response/TimingBreakdownView.swift,12-114,View,Low,Yes,code_verified,exact,OpenIntelligence/Features/Chat/Response/TimingBreakdownView.swift,scan_codebase.py,Swift struct parser match
TimingRow,struct,OpenIntelligence/Features/Chat/Response/TimingBreakdownView.swift,116-171,View,Low,Yes,code_verified,exact,OpenIntelligence/Features/Chat/Response/TimingBreakdownView.swift,scan_codebase.py,Swift struct parser match
TimingChipsRow,struct,OpenIntelligence/Features/Chat/Response/TimingBreakdownView.swift,174-192,View,Low,Yes,code_verified,exact,OpenIntelligence/Features/Chat/Response/TimingBreakdownView.swift,scan_codebase.py,Swift struct parser match
TimingChip,struct,OpenIntelligence/Features/Chat/Response/TimingBreakdownView.swift,194-222,View,Low,Yes,code_verified,exact,OpenIntelligence/Features/Chat/Response/TimingBreakdownView.swift,scan_codebase.py,Swift struct parser match
ToolCallBadge,struct,OpenIntelligence/Features/Chat/Response/ToolCallBadge.swift,13-55,View,Low,Yes,code_verified,exact,OpenIntelligence/Features/Chat/Response/ToolCallBadge.swift,scan_codebase.py,Swift struct parser match
MicroToolCallBadge,struct,OpenIntelligence/Features/Chat/Response/ToolCallBadge.swift,58-78,View,Low,Yes,code_verified,exact,OpenIntelligence/Features/Chat/Response/ToolCallBadge.swift,scan_codebase.py,Swift struct parser match
RetrievalMode,enum,OpenIntelligence/Features/Chat/Response/UnifiedMetricsBar.swift,15-35,Model,Low,Yes,code_verified,exact,OpenIntelligence/Features/Chat/Response/UnifiedMetricsBar.swift,scan_codebase.py,Swift enum parser match
UnifiedMetricsBar,struct,OpenIntelligence/Features/Chat/Response/UnifiedMetricsBar.swift,42-4532,View,Low,Yes,code_verified,exact,OpenIntelligence/Features/Chat/Response/UnifiedMetricsBar.swift,scan_codebase.py,Swift struct parser match
MiniSparkline,struct,OpenIntelligence/Features/Chat/Response/UnifiedMetricsBar.swift,4537-4575,View,Low,Yes,code_verified,exact,OpenIntelligence/Features/Chat/Response/UnifiedMetricsBar.swift,scan_codebase.py,Swift struct parser match
PanelHeightPreferenceKey,struct,OpenIntelligence/Features/Chat/Response/UnifiedMetricsBar.swift,4663-4668,Unknown,Low,Yes,code_verified,exact,OpenIntelligence/Features/Chat/Response/UnifiedMetricsBar.swift,scan_codebase.py,Swift struct parser match
VerificationGatesOverlayView,struct,OpenIntelligence/Features/Chat/Response/VerificationGatesOverlayView.swift,6-172,View,Low,Yes,code_verified,exact,OpenIntelligence/Features/Chat/Response/VerificationGatesOverlayView.swift,scan_codebase.py,Swift struct parser match
GateStatus,enum,OpenIntelligence/Features/Chat/Response/VerificationGatesOverlayView.swift,11-16,Unknown,Low,Yes,code_verified,exact,OpenIntelligence/Features/Chat/Response/VerificationGatesOverlayView.swift,scan_codebase.py,Swift enum parser match
VerificationGate,struct,OpenIntelligence/Features/Chat/Response/VerificationGatesOverlayView.swift,18-24,Model,Low,Yes,code_verified,exact,OpenIntelligence/Features/Chat/Response/VerificationGatesOverlayView.swift,scan_codebase.py,Swift struct parser match
GateRowView,struct,OpenIntelligence/Features/Chat/Response/VerificationGatesOverlayView.swift,174-244,View,Low,Yes,code_verified,exact,OpenIntelligence/Features/Chat/Response/VerificationGatesOverlayView.swift,scan_codebase.py,Swift struct parser match
VisualEvidenceCard,struct,OpenIntelligence/Features/Chat/Response/VisualEvidenceCard.swift,10-86,View,Low,Yes,code_verified,exact,OpenIntelligence/Features/Chat/Response/VisualEvidenceCard.swift,scan_codebase.py,Swift struct parser match
WritingToolsResultSheet,struct,OpenIntelligence/Features/Chat/Response/WritingToolsResultSheet.swift,11-162,View,Low,Yes,code_verified,exact,OpenIntelligence/Features/Chat/Response/WritingToolsResultSheet.swift,scan_codebase.py,Swift struct parser match
DatabaseDashboardView,struct,OpenIntelligence/Features/Database/DatabaseDashboardView.swift,13-1552,View,Low,Yes,code_verified,exact,OpenIntelligence/Features/Database/DatabaseDashboardView.swift,scan_codebase.py,Swift struct parser match
RebuildLogEntry,struct,OpenIntelligence/Features/Database/DatabaseDashboardView.swift,45-74,Model,Low,Yes,code_verified,exact,OpenIntelligence/Features/Database/DatabaseDashboardView.swift,scan_codebase.py,Swift struct parser match
LogType,enum,OpenIntelligence/Features/Database/DatabaseDashboardView.swift,51-73,Unknown,Low,Yes,code_verified,exact,OpenIntelligence/Features/Database/DatabaseDashboardView.swift,scan_codebase.py,Swift enum parser match
DatabaseSection,enum,OpenIntelligence/Features/Database/DatabaseDashboardView.swift,76-113,Model,Low,Yes,code_verified,exact,OpenIntelligence/Features/Database/DatabaseDashboardView.swift,scan_codebase.py,Swift enum parser match
QuickStat,struct,OpenIntelligence/Features/Database/DatabaseDashboardView.swift,1556-1576,View,Low,Yes,code_verified,exact,OpenIntelligence/Features/Database/DatabaseDashboardView.swift,scan_codebase.py,Swift struct parser match
DatabaseStatusBadge,struct,OpenIntelligence/Features/Database/DatabaseDashboardView.swift,1578-1596,View,Low,Yes,code_verified,exact,OpenIntelligence/Features/Database/DatabaseDashboardView.swift,scan_codebase.py,Swift struct parser match
DatabaseMetricCard,struct,OpenIntelligence/Features/Database/DatabaseDashboardView.swift,1598-1636,View,Low,Yes,code_verified,exact,OpenIntelligence/Features/Database/DatabaseDashboardView.swift,scan_codebase.py,Swift struct parser match
PerformanceComparisonRow,struct,OpenIntelligence/Features/Database/DatabaseDashboardView.swift,1638-1671,View,Low,Yes,code_verified,exact,OpenIntelligence/Features/Database/DatabaseDashboardView.swift,scan_codebase.py,Swift struct parser match
DocumentStatRow,struct,OpenIntelligence/Features/Database/DatabaseDashboardView.swift,1673-1710,View,Low,Yes,code_verified,exact,OpenIntelligence/Features/Database/DatabaseDashboardView.swift,scan_codebase.py,Swift struct parser match
IndexStatCard,struct,OpenIntelligence/Features/Database/DatabaseDashboardView.swift,1712-1738,View,Low,Yes,code_verified,exact,OpenIntelligence/Features/Database/DatabaseDashboardView.swift,scan_codebase.py,Swift struct parser match
TokenizerInfoRow,struct,OpenIntelligence/Features/Database/DatabaseDashboardView.swift,1740-1755,View,Low,Yes,code_verified,exact,OpenIntelligence/Features/Database/DatabaseDashboardView.swift,scan_codebase.py,Swift struct parser match
FeatureBadge,struct,OpenIntelligence/Features/Database/DatabaseDashboardView.swift,1757-1774,View,Low,Yes,code_verified,exact,OpenIntelligence/Features/Database/DatabaseDashboardView.swift,scan_codebase.py,Swift struct parser match
SearchTip,struct,OpenIntelligence/Features/Database/DatabaseDashboardView.swift,1776-1796,View,Low,Yes,code_verified,exact,OpenIntelligence/Features/Database/DatabaseDashboardView.swift,scan_codebase.py,Swift struct parser match
SearchResultRow,struct,OpenIntelligence/Features/Database/DatabaseDashboardView.swift,1798-1829,View,Low,Yes,code_verified,exact,OpenIntelligence/Features/Database/DatabaseDashboardView.swift,scan_codebase.py,Swift struct parser match
DiagnosticCard,struct,OpenIntelligence/Features/Database/DatabaseDashboardView.swift,1832-1859,View,Low,Yes,code_verified,exact,OpenIntelligence/Features/Database/DatabaseDashboardView.swift,scan_codebase.py,Swift struct parser match
MiniStatCard,struct,OpenIntelligence/Features/Database/DatabaseDashboardView.swift,1862-1881,View,Low,Yes,code_verified,exact,OpenIntelligence/Features/Database/DatabaseDashboardView.swift,scan_codebase.py,Swift struct parser match
DatabaseInfoRow,struct,OpenIntelligence/Features/Database/DatabaseDashboardView.swift,1884-1899,View,Low,Yes,code_verified,exact,OpenIntelligence/Features/Database/DatabaseDashboardView.swift,scan_codebase.py,Swift struct parser match
HealthIndicator,struct,OpenIntelligence/Features/Database/DatabaseDashboardView.swift,1902-1940,View,Low,Yes,code_verified,exact,OpenIntelligence/Features/Database/DatabaseDashboardView.swift,scan_codebase.py,Swift struct parser match
Status,enum,OpenIntelligence/Features/Database/DatabaseDashboardView.swift,1903-1921,Unknown,Low,Yes,code_verified,exact,OpenIntelligence/Features/Database/DatabaseDashboardView.swift,scan_codebase.py,Swift enum parser match
LibraryIntelligenceCard,struct,OpenIntelligence/Features/Database/DatabaseDashboardView.swift,1945-2115,View,Low,Yes,code_verified,exact,OpenIntelligence/Features/Database/DatabaseDashboardView.swift,scan_codebase.py,Swift struct parser match
IntelligenceMetricRow,struct,OpenIntelligence/Features/Database/DatabaseDashboardView.swift,2118-2137,View,Low,Yes,code_verified,exact,OpenIntelligence/Features/Database/DatabaseDashboardView.swift,scan_codebase.py,Swift struct parser match
CorpusSignalBadge,struct,OpenIntelligence/Features/Database/DatabaseDashboardView.swift,2140-2153,View,Low,Yes,code_verified,exact,OpenIntelligence/Features/Database/DatabaseDashboardView.swift,scan_codebase.py,Swift struct parser match
IntelligenceExplanationRow,struct,OpenIntelligence/Features/Database/DatabaseDashboardView.swift,2156-2176,View,Low,Yes,code_verified,exact,OpenIntelligence/Features/Database/DatabaseDashboardView.swift,scan_codebase.py,Swift struct parser match
DocumentPreviewSheet,struct,OpenIntelligence/Features/Database/DatabaseDashboardView.swift,2187-2418,View,Low,Yes,code_verified,exact,OpenIntelligence/Features/Database/DatabaseDashboardView.swift,scan_codebase.py,Swift struct parser match
AnalysisStats,struct,OpenIntelligence/Features/Database/DatabaseDashboardView.swift,2205-2215,Unknown,Low,Yes,code_verified,exact,OpenIntelligence/Features/Database/DatabaseDashboardView.swift,scan_codebase.py,Swift struct parser match
MetadataCard,struct,OpenIntelligence/Features/Database/DatabaseDashboardView.swift,2421-2442,View,Low,Yes,code_verified,exact,OpenIntelligence/Features/Database/DatabaseDashboardView.swift,scan_codebase.py,Swift struct parser match
AnalysisCard,struct,OpenIntelligence/Features/Database/DatabaseDashboardView.swift,2445-2468,View,Low,Yes,code_verified,exact,OpenIntelligence/Features/Database/DatabaseDashboardView.swift,scan_codebase.py,Swift struct parser match
CharacterBreakdownRow,struct,OpenIntelligence/Features/Database/DatabaseDashboardView.swift,2471-2512,View,Low,Yes,code_verified,exact,OpenIntelligence/Features/Database/DatabaseDashboardView.swift,scan_codebase.py,Swift struct parser match
DeveloperDiagnosticsHubView,struct,OpenIntelligence/Features/Diagnostics/Hub/DeveloperDiagnosticsHubView.swift,10-277,View,Low,Yes,code_verified,exact,OpenIntelligence/Features/Diagnostics/Hub/DeveloperDiagnosticsHubView.swift,scan_codebase.py,Swift struct parser match
BackendHealthDiagnosticsView,struct,OpenIntelligence/Features/Diagnostics/Monitoring/BackendHealthDiagnosticsView.swift,11-174,View,Low,Yes,code_verified,exact,OpenIntelligence/Features/Diagnostics/Monitoring/BackendHealthDiagnosticsView.swift,scan_codebase.py,Swift struct parser match
LiveSystemMonitorWrapper,struct,OpenIntelligence/Features/Diagnostics/Monitoring/LiveSystemMonitorWrapper.swift,13-290,View,Low,Yes,code_verified,exact,OpenIntelligence/Features/Diagnostics/Monitoring/LiveSystemMonitorWrapper.swift,scan_codebase.py,Swift struct parser match
ChunkInspectorView,struct,OpenIntelligence/Features/Diagnostics/Validation/ChunkInspectorView.swift,10-370,View,Low,Yes,code_verified,exact,OpenIntelligence/Features/Diagnostics/Validation/ChunkInspectorView.swift,scan_codebase.py,Swift struct parser match
InspectionMode,enum,OpenIntelligence/Features/Diagnostics/Validation/ChunkInspectorView.swift,25-29,Unknown,Low,Yes,code_verified,exact,OpenIntelligence/Features/Diagnostics/Validation/ChunkInspectorView.swift,scan_codebase.py,Swift enum parser match
ChunkSortOrder,enum,OpenIntelligence/Features/Diagnostics/Validation/ChunkInspectorView.swift,31-37,Unknown,Low,Yes,code_verified,exact,OpenIntelligence/Features/Diagnostics/Validation/ChunkInspectorView.swift,scan_codebase.py,Swift enum parser match
ChunkRowView,struct,OpenIntelligence/Features/Diagnostics/Validation/ChunkInspectorView.swift,374-441,View,Low,Yes,code_verified,exact,OpenIntelligence/Features/Diagnostics/Validation/ChunkInspectorView.swift,scan_codebase.py,Swift struct parser match
ChunkDetailSheet,struct,OpenIntelligence/Features/Diagnostics/Validation/ChunkInspectorView.swift,445-633,View,Low,Yes,code_verified,exact,OpenIntelligence/Features/Diagnostics/Validation/ChunkInspectorView.swift,scan_codebase.py,Swift struct parser match
ChunkInspectionResult,struct,OpenIntelligence/Features/Diagnostics/Validation/ChunkInspectorView.swift,637-653,Model,Low,Yes,code_verified,exact,OpenIntelligence/Features/Diagnostics/Validation/ChunkInspectorView.swift,scan_codebase.py,Swift struct parser match
CorpusVerificationResult,struct,OpenIntelligence/Features/Diagnostics/Validation/ChunkInspectorView.swift,655-660,Unknown,Low,Yes,code_verified,exact,OpenIntelligence/Features/Diagnostics/Validation/ChunkInspectorView.swift,scan_codebase.py,Swift struct parser match
ContainerScopingSelfTestsView,struct,OpenIntelligence/Features/Diagnostics/Validation/ContainerScopingSelfTestsView.swift,11-312,View,Low,Yes,code_verified,exact,OpenIntelligence/Features/Diagnostics/Validation/ContainerScopingSelfTestsView.swift,scan_codebase.py,Swift struct parser match
ScopingTestResult,struct,OpenIntelligence/Features/Diagnostics/Validation/ContainerScopingSelfTestsView.swift,316-341,Model,Low,Yes,code_verified,exact,OpenIntelligence/Features/Diagnostics/Validation/ContainerScopingSelfTestsView.swift,scan_codebase.py,Swift struct parser match
Status,enum,OpenIntelligence/Features/Diagnostics/Validation/ContainerScopingSelfTestsView.swift,317-319,Unknown,Low,Yes,code_verified,exact,OpenIntelligence/Features/Diagnostics/Validation/ContainerScopingSelfTestsView.swift,scan_codebase.py,Swift enum parser match
CoreValidationView,struct,OpenIntelligence/Features/Diagnostics/Validation/CoreValidationView.swift,11-384,View,High,Yes,code_verified,exact,OpenIntelligence/Features/Diagnostics/Validation/CoreValidationView.swift,scan_codebase.py,Swift struct parser match
ModernStatusCard,struct,OpenIntelligence/Features/Diagnostics/Validation/CoreValidationView.swift,388-439,View,Low,Yes,code_verified,exact,OpenIntelligence/Features/Diagnostics/Validation/CoreValidationView.swift,scan_codebase.py,Swift struct parser match
EmbeddingStatusCard,struct,OpenIntelligence/Features/Diagnostics/Validation/CoreValidationView.swift,441-512,View,Low,Yes,code_verified,exact,OpenIntelligence/Features/Diagnostics/Validation/CoreValidationView.swift,scan_codebase.py,Swift struct parser match
EmbeddingTelemetryList,struct,OpenIntelligence/Features/Diagnostics/Validation/CoreValidationView.swift,514-553,View,Low,Yes,code_verified,exact,OpenIntelligence/Features/Diagnostics/Validation/CoreValidationView.swift,scan_codebase.py,Swift struct parser match
StatusPill,struct,OpenIntelligence/Features/Diagnostics/Validation/CoreValidationView.swift,555-574,View,Low,Yes,code_verified,exact,OpenIntelligence/Features/Diagnostics/Validation/CoreValidationView.swift,scan_codebase.py,Swift struct parser match
ModernTestResultCard,struct,OpenIntelligence/Features/Diagnostics/Validation/CoreValidationView.swift,576-622,View,Low,Yes,code_verified,exact,OpenIntelligence/Features/Diagnostics/Validation/CoreValidationView.swift,scan_codebase.py,Swift struct parser match
ModernTestInfoSection,struct,OpenIntelligence/Features/Diagnostics/Validation/CoreValidationView.swift,624-670,View,Low,Yes,code_verified,exact,OpenIntelligence/Features/Diagnostics/Validation/CoreValidationView.swift,scan_codebase.py,Swift struct parser match
ModernTestInfoItem,struct,OpenIntelligence/Features/Diagnostics/Validation/CoreValidationView.swift,672-695,View,Low,Yes,code_verified,exact,OpenIntelligence/Features/Diagnostics/Validation/CoreValidationView.swift,scan_codebase.py,Swift struct parser match
StatusCard,struct,OpenIntelligence/Features/Diagnostics/Validation/CoreValidationView.swift,699-707,View,Low,Yes,code_verified,exact,OpenIntelligence/Features/Diagnostics/Validation/CoreValidationView.swift,scan_codebase.py,Swift struct parser match
TestResultRow,struct,OpenIntelligence/Features/Diagnostics/Validation/CoreValidationView.swift,709-715,View,Low,Yes,code_verified,exact,OpenIntelligence/Features/Diagnostics/Validation/CoreValidationView.swift,scan_codebase.py,Swift struct parser match
TestInfoSection,struct,OpenIntelligence/Features/Diagnostics/Validation/CoreValidationView.swift,717-721,View,Low,Yes,code_verified,exact,OpenIntelligence/Features/Diagnostics/Validation/CoreValidationView.swift,scan_codebase.py,Swift struct parser match
TestInfoItem,struct,OpenIntelligence/Features/Diagnostics/Validation/CoreValidationView.swift,723-730,View,Low,Yes,code_verified,exact,OpenIntelligence/Features/Diagnostics/Validation/CoreValidationView.swift,scan_codebase.py,Swift struct parser match
TestResult,struct,OpenIntelligence/Features/Diagnostics/Validation/CoreValidationView.swift,734-740,View,Low,Yes,code_verified,exact,OpenIntelligence/Features/Diagnostics/Validation/CoreValidationView.swift,scan_codebase.py,Swift struct parser match
TestStatus,enum,OpenIntelligence/Features/Diagnostics/Validation/CoreValidationView.swift,742-778,View,Low,Yes,code_verified,exact,OpenIntelligence/Features/Diagnostics/Validation/CoreValidationView.swift,scan_codebase.py,Swift enum parser match
PCCRouteEvaluator,class,OpenIntelligence/Features/Diagnostics/Validation/PCCRouteEvaluator.swift,14-48,Unknown,Medium,Yes,code_verified,exact,OpenIntelligence/Features/Diagnostics/Validation/PCCRouteEvaluator.swift,scan_codebase.py,Swift class parser match
RAGAccuracyView,struct,OpenIntelligence/Features/Diagnostics/Validation/RAGAccuracyView.swift,13-491,View,Low,Yes,code_verified,exact,OpenIntelligence/Features/Diagnostics/Validation/RAGAccuracyView.swift,scan_codebase.py,Swift struct parser match
EmbeddingSanityResult,struct,OpenIntelligence/Features/Diagnostics/Validation/RAGAccuracyView.swift,495-499,Unknown,Low,Yes,code_verified,exact,OpenIntelligence/Features/Diagnostics/Validation/RAGAccuracyView.swift,scan_codebase.py,Swift struct parser match
RAGPipelineAuditView,struct,OpenIntelligence/Features/Diagnostics/Validation/RAGPipelineAuditView.swift,10-314,View,Low,Yes,code_verified,exact,OpenIntelligence/Features/Diagnostics/Validation/RAGPipelineAuditView.swift,scan_codebase.py,Swift struct parser match
ContainerPillBadgeStyle,enum,OpenIntelligence/Features/Documents/Components/ContainerPicker.swift,10-36,Unknown,Low,Yes,code_verified,exact,OpenIntelligence/Features/Documents/Components/ContainerPicker.swift,scan_codebase.py,Swift enum parser match
ContainerPickerStrip,struct,OpenIntelligence/Features/Documents/Components/ContainerPicker.swift,38-119,View,Low,Yes,code_verified,exact,OpenIntelligence/Features/Documents/Components/ContainerPicker.swift,scan_codebase.py,Swift struct parser match
ContainerPill,struct,OpenIntelligence/Features/Documents/Components/ContainerPicker.swift,121-265,View,Low,Yes,code_verified,exact,OpenIntelligence/Features/Documents/Components/ContainerPicker.swift,scan_codebase.py,Swift struct parser match
ModernDocumentCard,struct,OpenIntelligence/Features/Documents/Components/DocumentCard.swift,10-174,View,Low,Yes,code_verified,exact,OpenIntelligence/Features/Documents/Components/DocumentCard.swift,scan_codebase.py,Swift struct parser match
DeleteMode,enum,OpenIntelligence/Features/Documents/Components/DocumentCard.swift,17-20,Unknown,Low,Yes,code_verified,exact,OpenIntelligence/Features/Documents/Components/DocumentCard.swift,scan_codebase.py,Swift enum parser match
ContentTagsRow,struct,OpenIntelligence/Features/Documents/Components/DocumentCard.swift,179-232,View,Low,Yes,code_verified,exact,OpenIntelligence/Features/Documents/Components/DocumentCard.swift,scan_codebase.py,Swift struct parser match
DocumentPicker,struct,OpenIntelligence/Features/Documents/Components/DocumentPicker.swift,12-113,Unknown,Low,Yes,code_verified,exact,OpenIntelligence/Features/Documents/Components/DocumentPicker.swift,scan_codebase.py,Swift struct parser match
Coordinator,class,OpenIntelligence/Features/Documents/Components/DocumentPicker.swift,79-112,Service,High,Yes,code_verified,exact,OpenIntelligence/Features/Documents/Components/DocumentPicker.swift,scan_codebase.py,Swift class parser match
DocumentPicker,struct,OpenIntelligence/Features/Documents/Components/DocumentPicker.swift,118-132,View,Low,Yes,code_verified,exact,OpenIntelligence/Features/Documents/Components/DocumentPicker.swift,scan_codebase.py,Swift struct parser match
DocumentQuotaBanner,struct,OpenIntelligence/Features/Documents/Components/DocumentQuotaBanner.swift,10-112,View,Low,Yes,code_verified,exact,OpenIntelligence/Features/Documents/Components/DocumentQuotaBanner.swift,scan_codebase.py,Swift struct parser match
DocumentRow,struct,OpenIntelligence/Features/Documents/Components/DocumentRow.swift,10-40,View,Low,Yes,code_verified,exact,OpenIntelligence/Features/Documents/Components/DocumentRow.swift,scan_codebase.py,Swift struct parser match
DocumentRow,extension,OpenIntelligence/Features/Documents/Components/DocumentRow.swift,42-101,Extension,Low,Yes,code_verified,exact,OpenIntelligence/Features/Documents/Components/DocumentRow.swift,scan_codebase.py,Swift extension parser match
EmptyDocumentsView,struct,OpenIntelligence/Features/Documents/Components/EmptyDocumentsView.swift,10-156,View,Low,Yes,code_verified,exact,OpenIntelligence/Features/Documents/Components/EmptyDocumentsView.swift,scan_codebase.py,Swift struct parser match
DocumentFeatureRow,struct,OpenIntelligence/Features/Documents/Components/EmptyDocumentsView.swift,158-188,View,Low,Yes,code_verified,exact,OpenIntelligence/Features/Documents/Components/EmptyDocumentsView.swift,scan_codebase.py,Swift struct parser match
ProcessingSummaryView,struct,OpenIntelligence/Features/Documents/Components/ProcessingSummaryView.swift,10-118,View,Low,Yes,code_verified,exact,OpenIntelligence/Features/Documents/Components/ProcessingSummaryView.swift,scan_codebase.py,Swift struct parser match
View,extension,OpenIntelligence/Features/Documents/Components/ProcessingSummaryView.swift,120-128,Extension,Low,Yes,code_verified,exact,OpenIntelligence/Features/Documents/Components/ProcessingSummaryView.swift,scan_codebase.py,Swift extension parser match
InfoSection,struct,OpenIntelligence/Features/Documents/Components/ProcessingSummaryView.swift,130-154,View,Low,Yes,code_verified,exact,OpenIntelligence/Features/Documents/Components/ProcessingSummaryView.swift,scan_codebase.py,Swift struct parser match
DetailInfoRow,struct,OpenIntelligence/Features/Documents/Components/ProcessingSummaryView.swift,158-174,View,Low,Yes,code_verified,exact,OpenIntelligence/Features/Documents/Components/ProcessingSummaryView.swift,scan_codebase.py,Swift struct parser match
StatsFooter,struct,OpenIntelligence/Features/Documents/Components/StatsFooter.swift,10-41,View,Low,Yes,code_verified,exact,OpenIntelligence/Features/Documents/Components/StatsFooter.swift,scan_codebase.py,Swift struct parser match
AutoIntelligenceBadge,struct,OpenIntelligence/Features/Documents/Components/StatsFooter.swift,44-69,View,Low,Yes,code_verified,exact,OpenIntelligence/Features/Documents/Components/StatsFooter.swift,scan_codebase.py,Swift struct parser match
DocumentDetailsView,struct,OpenIntelligence/Features/Documents/Details/DocumentDetailsView.swift,10-549,View,Low,Yes,code_verified,exact,OpenIntelligence/Features/Documents/Details/DocumentDetailsView.swift,scan_codebase.py,Swift struct parser match
DetailRow,struct,OpenIntelligence/Features/Documents/Details/DocumentDetailsView.swift,551-574,View,Low,Yes,code_verified,exact,OpenIntelligence/Features/Documents/Details/DocumentDetailsView.swift,scan_codebase.py,Swift struct parser match
DocumentDetailCardView,struct,OpenIntelligence/Features/Documents/Details/DocumentDetailsView.swift,578-625,View,Low,Yes,code_verified,exact,OpenIntelligence/Features/Documents/Details/DocumentDetailsView.swift,scan_codebase.py,Swift struct parser match
QuickStatView,struct,OpenIntelligence/Features/Documents/Details/DocumentDetailsView.swift,627-647,View,Low,Yes,code_verified,exact,OpenIntelligence/Features/Documents/Details/DocumentDetailsView.swift,scan_codebase.py,Swift struct parser match
VectorMetricRow,struct,OpenIntelligence/Features/Documents/Details/DocumentDetailsView.swift,649-676,View,Low,Yes,code_verified,exact,OpenIntelligence/Features/Documents/Details/DocumentDetailsView.swift,scan_codebase.py,Swift struct parser match
ContentMetricRow,struct,OpenIntelligence/Features/Documents/Details/DocumentDetailsView.swift,678-704,View,Low,Yes,code_verified,exact,OpenIntelligence/Features/Documents/Details/DocumentDetailsView.swift,scan_codebase.py,Swift struct parser match
ChunkMetricRow,struct,OpenIntelligence/Features/Documents/Details/DocumentDetailsView.swift,706-739,View,Low,Yes,code_verified,exact,OpenIntelligence/Features/Documents/Details/DocumentDetailsView.swift,scan_codebase.py,Swift struct parser match
PerformanceRow,struct,OpenIntelligence/Features/Documents/Details/DocumentDetailsView.swift,741-771,View,Low,Yes,code_verified,exact,OpenIntelligence/Features/Documents/Details/DocumentDetailsView.swift,scan_codebase.py,Swift struct parser match
TechnicalRow,struct,OpenIntelligence/Features/Documents/Details/DocumentDetailsView.swift,773-789,View,Low,Yes,code_verified,exact,OpenIntelligence/Features/Documents/Details/DocumentDetailsView.swift,scan_codebase.py,Swift struct parser match
ContentTagPill,struct,OpenIntelligence/Features/Documents/Details/DocumentDetailsView.swift,793-841,View,Low,Yes,code_verified,exact,OpenIntelligence/Features/Documents/Details/DocumentDetailsView.swift,scan_codebase.py,Swift struct parser match
FlowLayout,struct,OpenIntelligence/Features/Documents/Details/DocumentDetailsView.swift,847-909,View,Low,Yes,code_verified,exact,OpenIntelligence/Features/Documents/Details/DocumentDetailsView.swift,scan_codebase.py,Swift struct parser match
Placement,struct,OpenIntelligence/Features/Documents/Details/DocumentDetailsView.swift,865-869,Unknown,Low,Yes,code_verified,exact,OpenIntelligence/Features/Documents/Details/DocumentDetailsView.swift,scan_codebase.py,Swift struct parser match
FlowResult,struct,OpenIntelligence/Features/Documents/Details/DocumentDetailsView.swift,871-874,Unknown,Low,Yes,code_verified,exact,OpenIntelligence/Features/Documents/Details/DocumentDetailsView.swift,scan_codebase.py,Swift struct parser match
CachedDocsView,struct,OpenIntelligence/Features/Documents/Library/CachedDocsView.swift,14-240,View,Low,Yes,code_verified,exact,OpenIntelligence/Features/Documents/Library/CachedDocsView.swift,scan_codebase.py,Swift struct parser match
CachedDocRow,struct,OpenIntelligence/Features/Documents/Library/CachedDocsView.swift,244-313,View,Low,Yes,code_verified,exact,OpenIntelligence/Features/Documents/Library/CachedDocsView.swift,scan_codebase.py,Swift struct parser match
DocPreviewSheet,struct,OpenIntelligence/Features/Documents/Library/CachedDocsView.swift,317-378,View,Low,Yes,code_verified,exact,OpenIntelligence/Features/Documents/Library/CachedDocsView.swift,scan_codebase.py,Swift struct parser match
DocumentLibraryView,struct,OpenIntelligence/Features/Documents/Library/DocumentLibraryView.swift,12-1545,View,High,Yes,code_verified,exact,OpenIntelligence/Features/Documents/Library/DocumentLibraryView.swift,scan_codebase.py,Swift struct parser match
DocumentActionChip,struct,OpenIntelligence/Features/Documents/Library/DocumentLibraryView.swift,1547-1579,View,Low,Yes,code_verified,exact,OpenIntelligence/Features/Documents/Library/DocumentLibraryView.swift,scan_codebase.py,Swift struct parser match
DocumentUtilityChipLabel,struct,OpenIntelligence/Features/Documents/Library/DocumentLibraryView.swift,1581-1613,View,Low,Yes,code_verified,exact,OpenIntelligence/Features/Documents/Library/DocumentLibraryView.swift,scan_codebase.py,Swift struct parser match
DocumentImportReview,struct,OpenIntelligence/Features/Documents/Library/DocumentLibraryView.swift,1615-1664,View,Low,Yes,code_verified,exact,OpenIntelligence/Features/Documents/Library/DocumentLibraryView.swift,scan_codebase.py,Swift struct parser match
DocumentImportReadiness,enum,OpenIntelligence/Features/Documents/Library/DocumentLibraryView.swift,1666-1693,Unknown,Low,Yes,code_verified,exact,OpenIntelligence/Features/Documents/Library/DocumentLibraryView.swift,scan_codebase.py,Swift enum parser match
PreviewBillingService,class,OpenIntelligence/Features/Documents/Library/DocumentLibraryView.swift,1709-1723,Service,High,Yes,code_verified,exact,OpenIntelligence/Features/Documents/Library/DocumentLibraryView.swift,scan_codebase.py,Swift class parser match
SampleDocumentDescriptor,struct,OpenIntelligence/Features/Documents/Library/SampleDocumentManager.swift,4-8,Unknown,Low,Yes,code_verified,exact,OpenIntelligence/Features/Documents/Library/SampleDocumentManager.swift,scan_codebase.py,Swift struct parser match
SampleDocumentManager,class,OpenIntelligence/Features/Documents/Library/SampleDocumentManager.swift,12-96,Service,High,Yes,code_verified,exact,OpenIntelligence/Features/Documents/Library/SampleDocumentManager.swift,scan_codebase.py,Swift class parser match
SemanticSearchView,struct,OpenIntelligence/Features/Documents/Search/SemanticSearchView.swift,3-230,View,Low,Yes,code_verified,exact,OpenIntelligence/Features/Documents/Search/SemanticSearchView.swift,scan_codebase.py,Swift struct parser match
SemanticResultCard,struct,OpenIntelligence/Features/Documents/Search/SemanticSearchView.swift,232-298,View,Low,Yes,code_verified,exact,OpenIntelligence/Features/Documents/Search/SemanticSearchView.swift,scan_codebase.py,Swift struct parser match
StatusBanner,struct,OpenIntelligence/Features/Documents/Search/SemanticSearchView.swift,300-321,View,Low,Yes,code_verified,exact,OpenIntelligence/Features/Documents/Search/SemanticSearchView.swift,scan_codebase.py,Swift struct parser match
LibraryColorPalette,enum,OpenIntelligence/Features/Documents/Settings/ColorPicker.swift,18-78,Unknown,Low,Yes,code_verified,exact,OpenIntelligence/Features/Documents/Settings/ColorPicker.swift,scan_codebase.py,Swift enum parser match
LibraryColorPicker,struct,OpenIntelligence/Features/Documents/Settings/ColorPicker.swift,82-194,View,Low,Yes,code_verified,exact,OpenIntelligence/Features/Documents/Settings/ColorPicker.swift,scan_codebase.py,Swift struct parser match
ColorPickerButton,struct,OpenIntelligence/Features/Documents/Settings/ColorPicker.swift,289-336,View,Low,Yes,code_verified,exact,OpenIntelligence/Features/Documents/Settings/ColorPicker.swift,scan_codebase.py,Swift struct parser match
AccentColorPicker,struct,OpenIntelligence/Features/Documents/Settings/ColorPicker.swift,340-438,View,Low,Yes,code_verified,exact,OpenIntelligence/Features/Documents/Settings/ColorPicker.swift,scan_codebase.py,Swift struct parser match
AccentColorSettingsRow,struct,OpenIntelligence/Features/Documents/Settings/ColorPicker.swift,442-492,View,Low,Yes,code_verified,exact,OpenIntelligence/Features/Documents/Settings/ColorPicker.swift,scan_codebase.py,Swift struct parser match
Color,extension,OpenIntelligence/Features/Documents/Settings/ColorPicker.swift,496-504,Extension,Low,Yes,code_verified,exact,OpenIntelligence/Features/Documents/Settings/ColorPicker.swift,scan_codebase.py,Swift extension parser match
ContainerSettingsSheet,extension,OpenIntelligence/Features/Documents/Settings/ContainerSettingsSheet+Sections.swift,13-1504,Extension,Low,Yes,code_verified,exact,OpenIntelligence/Features/Documents/Settings/ContainerSettingsSheet+Sections.swift,scan_codebase.py,Swift extension parser match
RetrievalStyle,enum,OpenIntelligence/Features/Documents/Settings/ContainerSettingsSheet+Sections.swift,631-633,Unknown,Low,Yes,code_verified,exact,OpenIntelligence/Features/Documents/Settings/ContainerSettingsSheet+Sections.swift,scan_codebase.py,Swift enum parser match
ChunkingPreview,struct,OpenIntelligence/Features/Documents/Settings/ContainerSettingsSheet+Sections.swift,1508-1620,View,Low,Yes,code_verified,exact,OpenIntelligence/Features/Documents/Settings/ContainerSettingsSheet+Sections.swift,scan_codebase.py,Swift struct parser match
Date,extension,OpenIntelligence/Features/Documents/Settings/ContainerSettingsSheet+Sections.swift,1624-1630,Extension,Low,Yes,code_verified,exact,OpenIntelligence/Features/Documents/Settings/ContainerSettingsSheet+Sections.swift,scan_codebase.py,Swift extension parser match
ContainerSettingsSheet,struct,OpenIntelligence/Features/Documents/Settings/ContainerSettingsSheet.swift,12-752,View,Low,Yes,code_verified,exact,OpenIntelligence/Features/Documents/Settings/ContainerSettingsSheet.swift,scan_codebase.py,Swift struct parser match
EmbeddingProviderOption,struct,OpenIntelligence/Features/Documents/Settings/ContainerSettingsSheet.swift,756-767,Model,Low,Yes,code_verified,exact,OpenIntelligence/Features/Documents/Settings/ContainerSettingsSheet.swift,scan_codebase.py,Swift struct parser match
DimensionOption,struct,OpenIntelligence/Features/Documents/Settings/ContainerSettingsSheet.swift,769-778,Model,Low,Yes,code_verified,exact,OpenIntelligence/Features/Documents/Settings/ContainerSettingsSheet.swift,scan_codebase.py,Swift struct parser match
VectorDBOptionDescriptor,struct,OpenIntelligence/Features/Documents/Settings/ContainerSettingsSheet.swift,780-788,Model,Low,Yes,code_verified,exact,OpenIntelligence/Features/Documents/Settings/ContainerSettingsSheet.swift,scan_codebase.py,Swift struct parser match
ProviderAvailabilityAlert,struct,OpenIntelligence/Features/Documents/Settings/ContainerSettingsSheet.swift,790-797,Model,Low,Yes,code_verified,exact,OpenIntelligence/Features/Documents/Settings/ContainerSettingsSheet.swift,scan_codebase.py,Swift struct parser match
LibraryThemePreset,struct,OpenIntelligence/Features/Documents/Settings/ContainerSettingsSheet.swift,799-810,Model,Low,Yes,code_verified,exact,OpenIntelligence/Features/Documents/Settings/ContainerSettingsSheet.swift,scan_codebase.py,Swift struct parser match
ReembedContext,struct,OpenIntelligence/Features/Documents/Settings/ContainerSettingsSheet.swift,812-818,Model,Low,Yes,code_verified,exact,OpenIntelligence/Features/Documents/Settings/ContainerSettingsSheet.swift,scan_codebase.py,Swift struct parser match
SelectableOptionCard,struct,OpenIntelligence/Features/Documents/Settings/ContainerSettingsSheet.swift,820-948,View,Low,Yes,code_verified,exact,OpenIntelligence/Features/Documents/Settings/ContainerSettingsSheet.swift,scan_codebase.py,Swift struct parser match
Pill,struct,OpenIntelligence/Features/Documents/Settings/ContainerSettingsSheet.swift,933-947,View,Low,Yes,code_verified,exact,OpenIntelligence/Features/Documents/Settings/ContainerSettingsSheet.swift,scan_codebase.py,Swift struct parser match
OptionMetric,struct,OpenIntelligence/Features/Documents/Settings/ContainerSettingsSheet.swift,950-955,Model,Low,Yes,code_verified,exact,OpenIntelligence/Features/Documents/Settings/ContainerSettingsSheet.swift,scan_codebase.py,Swift struct parser match
SettingHelpCallout,struct,OpenIntelligence/Features/Documents/Settings/ContainerSettingsSheet.swift,957-997,View,Low,Yes,code_verified,exact,OpenIntelligence/Features/Documents/Settings/ContainerSettingsSheet.swift,scan_codebase.py,Swift struct parser match
AutoIntelligencePanel,struct,OpenIntelligence/Features/Documents/Settings/ContainerSettingsSheet.swift,999-1170,View,Low,Yes,code_verified,exact,OpenIntelligence/Features/Documents/Settings/ContainerSettingsSheet.swift,scan_codebase.py,Swift struct parser match
InsightLine,struct,OpenIntelligence/Features/Documents/Settings/ContainerSettingsSheet.swift,1172-1198,View,Low,Yes,code_verified,exact,OpenIntelligence/Features/Documents/Settings/ContainerSettingsSheet.swift,scan_codebase.py,Swift struct parser match
DocumentContextSummary,struct,OpenIntelligence/Features/Documents/Settings/ContainerSettingsSheet.swift,1200-1226,View,Low,Yes,code_verified,exact,OpenIntelligence/Features/Documents/Settings/ContainerSettingsSheet.swift,scan_codebase.py,Swift struct parser match
DocumentProfileRow,struct,OpenIntelligence/Features/Documents/Settings/ContainerSettingsSheet.swift,1228-1260,View,Low,Yes,code_verified,exact,OpenIntelligence/Features/Documents/Settings/ContainerSettingsSheet.swift,scan_codebase.py,Swift struct parser match
TopicChip,struct,OpenIntelligence/Features/Documents/Settings/ContainerSettingsSheet.swift,1262-1276,View,Low,Yes,code_verified,exact,OpenIntelligence/Features/Documents/Settings/ContainerSettingsSheet.swift,scan_codebase.py,Swift struct parser match
ReembedStatusBanner,struct,OpenIntelligence/Features/Documents/Settings/ContainerSettingsSheet.swift,1308-1344,View,Low,Yes,code_verified,exact,OpenIntelligence/Features/Documents/Settings/ContainerSettingsSheet.swift,scan_codebase.py,Swift struct parser match
SFSymbolPicker,struct,OpenIntelligence/Features/Documents/Settings/SFSymbolPicker.swift,10-349,View,Low,Yes,code_verified,exact,OpenIntelligence/Features/Documents/Settings/SFSymbolPicker.swift,scan_codebase.py,Swift struct parser match
SymbolCategory,enum,OpenIntelligence/Features/Documents/Settings/SFSymbolPicker.swift,25-132,Unknown,Low,Yes,code_verified,exact,OpenIntelligence/Features/Documents/Settings/SFSymbolPicker.swift,scan_codebase.py,Swift enum parser match
SFSymbolPickerButton,struct,OpenIntelligence/Features/Documents/Settings/SFSymbolPicker.swift,353-400,View,Low,Yes,code_verified,exact,OpenIntelligence/Features/Documents/Settings/SFSymbolPicker.swift,scan_codebase.py,Swift struct parser match
OnboardingChecklistLauncher,struct,OpenIntelligence/Features/Onboarding/OnboardingChecklistLauncher.swift,5-63,View,Low,Yes,code_verified,exact,OpenIntelligence/Features/Onboarding/OnboardingChecklistLauncher.swift,scan_codebase.py,Swift struct parser match
PipelineLogEntry,struct,OpenIntelligence/Features/Onboarding/OnboardingChecklistView.swift,20-26,Model,Low,Yes,code_verified,exact,OpenIntelligence/Features/Onboarding/OnboardingChecklistView.swift,scan_codebase.py,Swift struct parser match
OnboardingChecklistView,struct,OpenIntelligence/Features/Onboarding/OnboardingChecklistView.swift,33-851,View,Low,Yes,code_verified,exact,OpenIntelligence/Features/Onboarding/OnboardingChecklistView.swift,scan_codebase.py,Swift struct parser match
MetricsSnapshot,struct,OpenIntelligence/Features/Onboarding/OnboardingChecklistView.swift,586-622,Unknown,Low,Yes,code_verified,exact,OpenIntelligence/Features/Onboarding/OnboardingChecklistView.swift,scan_codebase.py,Swift struct parser match
PipelinePhase,enum,OpenIntelligence/Features/Onboarding/OnboardingChecklistView.swift,771-774,Unknown,Low,Yes,code_verified,exact,OpenIntelligence/Features/Onboarding/OnboardingChecklistView.swift,scan_codebase.py,Swift enum parser match
PipelineLogRow,struct,OpenIntelligence/Features/Onboarding/OnboardingChecklistView.swift,855-889,View,Low,Yes,code_verified,exact,OpenIntelligence/Features/Onboarding/OnboardingChecklistView.swift,scan_codebase.py,Swift struct parser match
UseCaseCard,struct,OpenIntelligence/Features/Onboarding/OnboardingChecklistView.swift,893-918,View,Low,Yes,code_verified,exact,OpenIntelligence/Features/Onboarding/OnboardingChecklistView.swift,scan_codebase.py,Swift struct parser match
ExampleQuestionPill,struct,OpenIntelligence/Features/Onboarding/OnboardingChecklistView.swift,922-939,View,Low,Yes,code_verified,exact,OpenIntelligence/Features/Onboarding/OnboardingChecklistView.swift,scan_codebase.py,Swift struct parser match
SplashBackdrop,struct,OpenIntelligence/Features/Onboarding/OnboardingChecklistView.swift,943-960,View,Low,Yes,code_verified,exact,OpenIntelligence/Features/Onboarding/OnboardingChecklistView.swift,scan_codebase.py,Swift struct parser match
OnboardingStateStore,class,OpenIntelligence/Features/Onboarding/OnboardingStateStore.swift,6-129,ViewModel,High,Yes,code_verified,exact,OpenIntelligence/Features/Onboarding/OnboardingStateStore.swift,scan_codebase.py,Swift class parser match
Keys,enum,OpenIntelligence/Features/Onboarding/OnboardingStateStore.swift,7-14,Unknown,Low,Yes,code_verified,exact,OpenIntelligence/Features/Onboarding/OnboardingStateStore.swift,scan_codebase.py,Swift enum parser match
OpenIntelligenceLinks,enum,OpenIntelligence/Features/Settings/AboutView.swift,3-283,View,Low,Yes,code_verified,exact,OpenIntelligence/Features/Settings/AboutView.swift,scan_codebase.py,Swift enum parser match
FeatureRow,struct,OpenIntelligence/Features/Settings/Components/FeatureRow.swift,11-33,View,Low,Yes,code_verified,exact,OpenIntelligence/Features/Settings/Components/FeatureRow.swift,scan_codebase.py,Swift struct parser match
InfoRow,struct,OpenIntelligence/Features/Settings/Components/InfoRow.swift,11-33,View,Low,Yes,code_verified,exact,OpenIntelligence/Features/Settings/Components/InfoRow.swift,scan_codebase.py,Swift struct parser match
ModelConfigurationSheet,struct,OpenIntelligence/Features/Settings/Components/ModelConfigurationSheet.swift,12-440,View,Low,Yes,code_verified,exact,OpenIntelligence/Features/Settings/Components/ModelConfigurationSheet.swift,scan_codebase.py,Swift struct parser match
InferencePreset,enum,OpenIntelligence/Features/Settings/Components/ModelConfigurationSheet.swift,444-482,Model,Low,Yes,code_verified,exact,OpenIntelligence/Features/Settings/Components/ModelConfigurationSheet.swift,scan_codebase.py,Swift enum parser match
PresetCard,struct,OpenIntelligence/Features/Settings/Components/ModelConfigurationSheet.swift,486-522,View,Low,Yes,code_verified,exact,OpenIntelligence/Features/Settings/Components/ModelConfigurationSheet.swift,scan_codebase.py,Swift struct parser match
SystemPromptEditorSheet,struct,OpenIntelligence/Features/Settings/Components/ModelConfigurationSheet.swift,526-580,View,Low,Yes,code_verified,exact,OpenIntelligence/Features/Settings/Components/ModelConfigurationSheet.swift,scan_codebase.py,Swift struct parser match
SystemPromptTemplate,enum,OpenIntelligence/Features/Settings/Components/ModelConfigurationSheet.swift,582-605,Model,Low,Yes,code_verified,exact,OpenIntelligence/Features/Settings/Components/ModelConfigurationSheet.swift,scan_codebase.py,Swift enum parser match
ModelInfoCard,struct,OpenIntelligence/Features/Settings/Components/ModelInfoCard.swift,12-145,View,Low,Yes,code_verified,exact,OpenIntelligence/Features/Settings/Components/ModelInfoCard.swift,scan_codebase.py,Swift struct parser match
ModelPipelineRow,struct,OpenIntelligence/Features/Settings/Components/ModelPipelineRow.swift,11-90,View,Low,Yes,code_verified,exact,OpenIntelligence/Features/Settings/Components/ModelPipelineRow.swift,scan_codebase.py,Swift struct parser match
ModelPipelineStage,struct,OpenIntelligence/Features/Settings/Components/ModelPipelineStage.swift,11-74,Model,Low,Yes,code_verified,exact,OpenIntelligence/Features/Settings/Components/ModelPipelineStage.swift,scan_codebase.py,Swift struct parser match
Role,enum,OpenIntelligence/Features/Settings/Components/ModelPipelineStage.swift,12-49,Unknown,Low,Yes,code_verified,exact,OpenIntelligence/Features/Settings/Components/ModelPipelineStage.swift,scan_codebase.py,Swift enum parser match
Status,enum,OpenIntelligence/Features/Settings/Components/ModelPipelineStage.swift,51-57,Unknown,Low,Yes,code_verified,exact,OpenIntelligence/Features/Settings/Components/ModelPipelineStage.swift,scan_codebase.py,Swift enum parser match
ModelSelectorSheet,struct,OpenIntelligence/Features/Settings/Components/ModelSelectorSheet.swift,10-219,View,Low,Yes,code_verified,exact,OpenIntelligence/Features/Settings/Components/ModelSelectorSheet.swift,scan_codebase.py,Swift struct parser match
SettingsView,struct,OpenIntelligence/Features/Settings/SettingsView.swift,15-2555,View,High,Yes,code_verified,exact,OpenIntelligence/Features/Settings/SettingsView.swift,scan_codebase.py,Swift struct parser match
FeatureItem,struct,OpenIntelligence/Features/Settings/SettingsView.swift,1709-1725,Model,Low,Yes,code_verified,exact,OpenIntelligence/Features/Settings/SettingsView.swift,scan_codebase.py,Swift struct parser match
Bundle,extension,OpenIntelligence/Features/Settings/SettingsView.swift,2559-2563,Extension,Low,Yes,code_verified,exact,OpenIntelligence/Features/Settings/SettingsView.swift,scan_codebase.py,Swift extension parser match
LiveTelemetryStatsView,struct,OpenIntelligence/Features/Telemetry/Dashboard/LiveTelemetryStatsView.swift,11-305,View,Low,Yes,code_verified,exact,OpenIntelligence/Features/Telemetry/Dashboard/LiveTelemetryStatsView.swift,scan_codebase.py,Swift struct parser match
TelemetryMetricRow,struct,OpenIntelligence/Features/Telemetry/Dashboard/LiveTelemetryStatsView.swift,307-339,View,Low,Yes,code_verified,exact,OpenIntelligence/Features/Telemetry/Dashboard/LiveTelemetryStatsView.swift,scan_codebase.py,Swift struct parser match
TelemetryPipelineMetrics,struct,OpenIntelligence/Features/Telemetry/Dashboard/LiveTelemetryStatsView.swift,341-357,Unknown,Low,Yes,code_verified,exact,OpenIntelligence/Features/Telemetry/Dashboard/LiveTelemetryStatsView.swift,scan_codebase.py,Swift struct parser match
DeviceComponentLayout,enum,OpenIntelligence/Features/Telemetry/Dashboard/MotherboardHUDView.swift,29-231,Unknown,Low,Yes,code_verified,exact,OpenIntelligence/Features/Telemetry/Dashboard/MotherboardHUDView.swift,scan_codebase.py,Swift enum parser match
KeyboardHeightObserver,class,OpenIntelligence/Features/Telemetry/Dashboard/MotherboardHUDView.swift,237-275,ViewModel,High,Yes,code_verified,exact,OpenIntelligence/Features/Telemetry/Dashboard/MotherboardHUDView.swift,scan_codebase.py,Swift class parser match
KeyboardHeightObserver,class,OpenIntelligence/Features/Telemetry/Dashboard/MotherboardHUDView.swift,278-281,ViewModel,High,Yes,code_verified,exact,OpenIntelligence/Features/Telemetry/Dashboard/MotherboardHUDView.swift,scan_codebase.py,Swift class parser match
HardwareXRayOverlay,struct,OpenIntelligence/Features/Telemetry/Dashboard/MotherboardHUDView.swift,289-477,View,Low,Yes,code_verified,exact,OpenIntelligence/Features/Telemetry/Dashboard/MotherboardHUDView.swift,scan_codebase.py,Swift struct parser match
GlowingSoCBorder,struct,OpenIntelligence/Features/Telemetry/Dashboard/MotherboardHUDView.swift,488-551,View,Low,Yes,code_verified,exact,OpenIntelligence/Features/Telemetry/Dashboard/MotherboardHUDView.swift,scan_codebase.py,Swift struct parser match
GlowingTapticBorder,struct,OpenIntelligence/Features/Telemetry/Dashboard/MotherboardHUDView.swift,557-599,View,Low,Yes,code_verified,exact,OpenIntelligence/Features/Telemetry/Dashboard/MotherboardHUDView.swift,scan_codebase.py,Swift struct parser match
FloatingTapticIndicator,struct,OpenIntelligence/Features/Telemetry/Dashboard/MotherboardHUDView.swift,605-638,View,Low,Yes,code_verified,exact,OpenIntelligence/Features/Telemetry/Dashboard/MotherboardHUDView.swift,scan_codebase.py,Swift struct parser match
SiliconLegend,struct,OpenIntelligence/Features/Telemetry/Dashboard/MotherboardHUDView.swift,645-755,View,Low,Yes,code_verified,exact,OpenIntelligence/Features/Telemetry/Dashboard/MotherboardHUDView.swift,scan_codebase.py,Swift struct parser match
TelemetryDashboardView,struct,OpenIntelligence/Features/Telemetry/Dashboard/TelemetryDashboardView.swift,3-90,View,Low,Yes,code_verified,exact,OpenIntelligence/Features/Telemetry/Dashboard/TelemetryDashboardView.swift,scan_codebase.py,Swift struct parser match
EmptyTelemetryView,struct,OpenIntelligence/Features/Telemetry/Dashboard/TelemetryDashboardView.swift,94-138,View,Low,Yes,code_verified,exact,OpenIntelligence/Features/Telemetry/Dashboard/TelemetryDashboardView.swift,scan_codebase.py,Swift struct parser match
ModernTelemetryCard,struct,OpenIntelligence/Features/Telemetry/Dashboard/TelemetryDashboardView.swift,140-238,View,Low,Yes,code_verified,exact,OpenIntelligence/Features/Telemetry/Dashboard/TelemetryDashboardView.swift,scan_codebase.py,Swift struct parser match
TelemetryRow,struct,OpenIntelligence/Features/Telemetry/Dashboard/TelemetryDashboardView.swift,241-246,View,Low,Yes,code_verified,exact,OpenIntelligence/Features/Telemetry/Dashboard/TelemetryDashboardView.swift,scan_codebase.py,Swift struct parser match
NLChunkingDiagnosticsView,struct,OpenIntelligence/Features/Telemetry/Diagnostics/NLChunkingDiagnosticsView.swift,11-175,View,Low,Yes,code_verified,exact,OpenIntelligence/Features/Telemetry/Diagnostics/NLChunkingDiagnosticsView.swift,scan_codebase.py,Swift struct parser match
AdaptiveVisualizationsView,struct,OpenIntelligence/Features/Telemetry/Visualizations/AdaptiveVisualizationsView.swift,14-847,View,Low,Yes,code_verified,exact,OpenIntelligence/Features/Telemetry/Visualizations/AdaptiveVisualizationsView.swift,scan_codebase.py,Swift struct parser match
AtlasProjectionMethod,enum,OpenIntelligence/Features/Telemetry/Visualizations/AdaptiveVisualizationsView.swift,36-56,Unknown,Low,Yes,code_verified,exact,OpenIntelligence/Features/Telemetry/Visualizations/AdaptiveVisualizationsView.swift,scan_codebase.py,Swift enum parser match
AtlasBackgroundStyle,enum,OpenIntelligence/Features/Telemetry/Visualizations/AdaptiveVisualizationsView.swift,58-90,Unknown,Low,Yes,code_verified,exact,OpenIntelligence/Features/Telemetry/Visualizations/AdaptiveVisualizationsView.swift,scan_codebase.py,Swift enum parser match
AtlasMode,enum,OpenIntelligence/Features/Telemetry/Visualizations/AdaptiveVisualizationsView.swift,96-100,Unknown,Low,Yes,code_verified,exact,OpenIntelligence/Features/Telemetry/Visualizations/AdaptiveVisualizationsView.swift,scan_codebase.py,Swift enum parser match
QuickMetric,struct,OpenIntelligence/Features/Telemetry/Visualizations/AdaptiveVisualizationsView.swift,851-879,View,Low,Yes,code_verified,exact,OpenIntelligence/Features/Telemetry/Visualizations/AdaptiveVisualizationsView.swift,scan_codebase.py,Swift struct parser match
InsightCard,struct,OpenIntelligence/Features/Telemetry/Visualizations/AdaptiveVisualizationsView.swift,881-938,View,Low,Yes,code_verified,exact,OpenIntelligence/Features/Telemetry/Visualizations/AdaptiveVisualizationsView.swift,scan_codebase.py,Swift struct parser match
RecommendedViewCard,struct,OpenIntelligence/Features/Telemetry/Visualizations/AdaptiveVisualizationsView.swift,940-1023,View,Low,Yes,code_verified,exact,OpenIntelligence/Features/Telemetry/Visualizations/AdaptiveVisualizationsView.swift,scan_codebase.py,Swift struct parser match
StatTile,struct,OpenIntelligence/Features/Telemetry/Visualizations/AdaptiveVisualizationsView.swift,1025-1052,View,Low,Yes,code_verified,exact,OpenIntelligence/Features/Telemetry/Visualizations/AdaptiveVisualizationsView.swift,scan_codebase.py,Swift struct parser match
TopicCloudView,struct,OpenIntelligence/Features/Telemetry/Visualizations/AdaptiveVisualizationsView.swift,1056-1118,View,Low,Yes,code_verified,exact,OpenIntelligence/Features/Telemetry/Visualizations/AdaptiveVisualizationsView.swift,scan_codebase.py,Swift struct parser match
ContentBreakdownView,struct,OpenIntelligence/Features/Telemetry/Visualizations/AdaptiveVisualizationsView.swift,1120-1176,View,Low,Yes,code_verified,exact,OpenIntelligence/Features/Telemetry/Visualizations/AdaptiveVisualizationsView.swift,scan_codebase.py,Swift struct parser match
ClusterOverviewView,struct,OpenIntelligence/Features/Telemetry/Visualizations/AdaptiveVisualizationsView.swift,1178-1240,View,Low,Yes,code_verified,exact,OpenIntelligence/Features/Telemetry/Visualizations/AdaptiveVisualizationsView.swift,scan_codebase.py,Swift struct parser match
RetrievalFlowView,struct,OpenIntelligence/Features/Telemetry/Visualizations/AdaptiveVisualizationsView.swift,1242-1332,View,Low,Yes,code_verified,exact,OpenIntelligence/Features/Telemetry/Visualizations/AdaptiveVisualizationsView.swift,scan_codebase.py,Swift struct parser match
DocumentRelationshipView,struct,OpenIntelligence/Features/Telemetry/Visualizations/AdaptiveVisualizationsView.swift,1334-1359,View,Low,Yes,code_verified,exact,OpenIntelligence/Features/Telemetry/Visualizations/AdaptiveVisualizationsView.swift,scan_codebase.py,Swift struct parser match
SimilarityHeatmapPreview,struct,OpenIntelligence/Features/Telemetry/Visualizations/AdaptiveVisualizationsView.swift,1361-1410,View,Low,Yes,code_verified,exact,OpenIntelligence/Features/Telemetry/Visualizations/AdaptiveVisualizationsView.swift,scan_codebase.py,Swift struct parser match
LibraryTimelineView,struct,OpenIntelligence/Features/Telemetry/Visualizations/AdaptiveVisualizationsView.swift,1412-1503,View,Low,Yes,code_verified,exact,OpenIntelligence/Features/Telemetry/Visualizations/AdaptiveVisualizationsView.swift,scan_codebase.py,Swift struct parser match
AtlasStatPill,struct,OpenIntelligence/Features/Telemetry/Visualizations/AdaptiveVisualizationsView.swift,1507-1535,View,Low,Yes,code_verified,exact,OpenIntelligence/Features/Telemetry/Visualizations/AdaptiveVisualizationsView.swift,scan_codebase.py,Swift struct parser match
AtlasToggleChip,struct,OpenIntelligence/Features/Telemetry/Visualizations/AdaptiveVisualizationsView.swift,1537-1562,View,Low,Yes,code_verified,exact,OpenIntelligence/Features/Telemetry/Visualizations/AdaptiveVisualizationsView.swift,scan_codebase.py,Swift struct parser match
CompactInsightCard,struct,OpenIntelligence/Features/Telemetry/Visualizations/AdaptiveVisualizationsView.swift,1564-1614,View,Low,Yes,code_verified,exact,OpenIntelligence/Features/Telemetry/Visualizations/AdaptiveVisualizationsView.swift,scan_codebase.py,Swift struct parser match
Fullscreen3DAtlasView,struct,OpenIntelligence/Features/Telemetry/Visualizations/AdaptiveVisualizationsView.swift,1618-2803,View,Low,Yes,code_verified,exact,OpenIntelligence/Features/Telemetry/Visualizations/AdaptiveVisualizationsView.swift,scan_codebase.py,Swift struct parser match
CompactAtlasSceneView,struct,OpenIntelligence/Features/Telemetry/Visualizations/AdaptiveVisualizationsView.swift,2809-3960,View,Low,Yes,code_verified,exact,OpenIntelligence/Features/Telemetry/Visualizations/AdaptiveVisualizationsView.swift,scan_codebase.py,Swift struct parser match
TopicColorItem,struct,OpenIntelligence/Features/Telemetry/Visualizations/AdaptiveVisualizationsView.swift,2970-2974,Model,Low,Yes,code_verified,exact,OpenIntelligence/Features/Telemetry/Visualizations/AdaptiveVisualizationsView.swift,scan_codebase.py,Swift struct parser match
EmbeddingInsight,struct,OpenIntelligence/Features/Telemetry/Visualizations/Embedding3DView.swift,15-21,Model,Low,Yes,code_verified,exact,OpenIntelligence/Features/Telemetry/Visualizations/Embedding3DView.swift,scan_codebase.py,Swift struct parser match
PointAnnotationLabel,struct,OpenIntelligence/Features/Telemetry/Visualizations/Embedding3DView.swift,24-36,Model,Low,Yes,code_verified,exact,OpenIntelligence/Features/Telemetry/Visualizations/Embedding3DView.swift,scan_codebase.py,Swift struct parser match
SCNVector3,extension,OpenIntelligence/Features/Telemetry/Visualizations/Embedding3DView.swift,42-50,Extension,Low,Yes,code_verified,exact,OpenIntelligence/Features/Telemetry/Visualizations/Embedding3DView.swift,scan_codebase.py,Swift extension parser match
SCNVector4,extension,OpenIntelligence/Features/Telemetry/Visualizations/Embedding3DView.swift,52-60,Extension,Low,Yes,code_verified,exact,OpenIntelligence/Features/Telemetry/Visualizations/Embedding3DView.swift,scan_codebase.py,Swift extension parser match
EmbeddingSceneBackgroundStyle,enum,OpenIntelligence/Features/Telemetry/Visualizations/Embedding3DView.swift,79-228,Model,Low,Yes,code_verified,exact,OpenIntelligence/Features/Telemetry/Visualizations/Embedding3DView.swift,scan_codebase.py,Swift enum parser match
GradientSpec,struct,OpenIntelligence/Features/Telemetry/Visualizations/Embedding3DView.swift,223-227,Unknown,Low,Yes,code_verified,exact,OpenIntelligence/Features/Telemetry/Visualizations/Embedding3DView.swift,scan_codebase.py,Swift struct parser match
VizLegendItem,struct,OpenIntelligence/Features/Telemetry/Visualizations/Embedding3DView.swift,232-238,Model,Low,Yes,code_verified,exact,OpenIntelligence/Features/Telemetry/Visualizations/Embedding3DView.swift,scan_codebase.py,Swift struct parser match
EmbeddingSpaceRenderer,struct,OpenIntelligence/Features/Telemetry/Visualizations/Embedding3DView.swift,240-3286,View,Low,Yes,code_verified,exact,OpenIntelligence/Features/Telemetry/Visualizations/Embedding3DView.swift,scan_codebase.py,Swift struct parser match
SpatialStats,struct,OpenIntelligence/Features/Telemetry/Visualizations/Embedding3DView.swift,732-742,Unknown,Low,Yes,code_verified,exact,OpenIntelligence/Features/Telemetry/Visualizations/Embedding3DView.swift,scan_codebase.py,Swift struct parser match
SpatialStatMini,struct,OpenIntelligence/Features/Telemetry/Visualizations/Embedding3DView.swift,915-942,View,Low,Yes,code_verified,exact,OpenIntelligence/Features/Telemetry/Visualizations/Embedding3DView.swift,scan_codebase.py,Swift struct parser match
AxisDistributionBar,struct,OpenIntelligence/Features/Telemetry/Visualizations/Embedding3DView.swift,944-977,View,Low,Yes,code_verified,exact,OpenIntelligence/Features/Telemetry/Visualizations/Embedding3DView.swift,scan_codebase.py,Swift struct parser match
ControlToggleButton,struct,OpenIntelligence/Features/Telemetry/Visualizations/Embedding3DView.swift,2158-2182,View,Low,Yes,code_verified,exact,OpenIntelligence/Features/Telemetry/Visualizations/Embedding3DView.swift,scan_codebase.py,Swift struct parser match
EmbeddingStatMini,struct,OpenIntelligence/Features/Telemetry/Visualizations/Embedding3DView.swift,2186-2220,View,Low,Yes,code_verified,exact,OpenIntelligence/Features/Telemetry/Visualizations/Embedding3DView.swift,scan_codebase.py,Swift struct parser match
ProjectionDetailRow,struct,OpenIntelligence/Features/Telemetry/Visualizations/Embedding3DView.swift,2222-2242,View,Low,Yes,code_verified,exact,OpenIntelligence/Features/Telemetry/Visualizations/Embedding3DView.swift,scan_codebase.py,Swift struct parser match
DistributionBar,struct,OpenIntelligence/Features/Telemetry/Visualizations/Embedding3DView.swift,2244-2262,View,Low,Yes,code_verified,exact,OpenIntelligence/Features/Telemetry/Visualizations/Embedding3DView.swift,scan_codebase.py,Swift struct parser match
VectorSpaceIndicator,struct,OpenIntelligence/Features/Telemetry/Visualizations/Embedding3DView.swift,2264-2331,View,Low,Yes,code_verified,exact,OpenIntelligence/Features/Telemetry/Visualizations/Embedding3DView.swift,scan_codebase.py,Swift struct parser match
LegendChipsView,struct,OpenIntelligence/Features/Telemetry/Visualizations/Embedding3DView.swift,2352-2388,View,Low,Yes,code_verified,exact,OpenIntelligence/Features/Telemetry/Visualizations/Embedding3DView.swift,scan_codebase.py,Swift struct parser match
LegendChip,struct,OpenIntelligence/Features/Telemetry/Visualizations/Embedding3DView.swift,2390-2420,View,Low,Yes,code_verified,exact,OpenIntelligence/Features/Telemetry/Visualizations/Embedding3DView.swift,scan_codebase.py,Swift struct parser match
AnnotationPopoverLayer,struct,OpenIntelligence/Features/Telemetry/Visualizations/Embedding3DView.swift,2422-2456,View,Low,Yes,code_verified,exact,OpenIntelligence/Features/Telemetry/Visualizations/Embedding3DView.swift,scan_codebase.py,Swift struct parser match
AnnotationBubble,struct,OpenIntelligence/Features/Telemetry/Visualizations/Embedding3DView.swift,2458-2499,View,Low,Yes,code_verified,exact,OpenIntelligence/Features/Telemetry/Visualizations/Embedding3DView.swift,scan_codebase.py,Swift struct parser match
InsightCard,struct,OpenIntelligence/Features/Telemetry/Visualizations/Embedding3DView.swift,2501-2526,View,Low,Yes,code_verified,exact,OpenIntelligence/Features/Telemetry/Visualizations/Embedding3DView.swift,scan_codebase.py,Swift struct parser match
AnnotationCandidate,struct,OpenIntelligence/Features/Telemetry/Visualizations/Embedding3DView.swift,2657-2668,View,Low,Yes,code_verified,exact,OpenIntelligence/Features/Telemetry/Visualizations/Embedding3DView.swift,scan_codebase.py,Swift struct parser match
Embedding3DSceneView,struct,OpenIntelligence/Features/Telemetry/Visualizations/Embedding3DView.swift,3290-3356,View,Low,Yes,code_verified,exact,OpenIntelligence/Features/Telemetry/Visualizations/Embedding3DView.swift,scan_codebase.py,Swift struct parser match
SceneOptions,struct,OpenIntelligence/Features/Telemetry/Visualizations/Embedding3DView.swift,3291-3301,Unknown,Low,Yes,code_verified,exact,OpenIntelligence/Features/Telemetry/Visualizations/Embedding3DView.swift,scan_codebase.py,Swift struct parser match
AxisLabels,struct,OpenIntelligence/Features/Telemetry/Visualizations/Embedding3DView.swift,3304-3317,Unknown,Low,Yes,code_verified,exact,OpenIntelligence/Features/Telemetry/Visualizations/Embedding3DView.swift,scan_codebase.py,Swift struct parser match
AnnotationData,struct,OpenIntelligence/Features/Telemetry/Visualizations/Embedding3DView.swift,3319-3328,Model,Low,Yes,code_verified,exact,OpenIntelligence/Features/Telemetry/Visualizations/Embedding3DView.swift,scan_codebase.py,Swift struct parser match
TappedPointInfo,struct,OpenIntelligence/Features/Telemetry/Visualizations/Embedding3DView.swift,3331-3335,Model,Low,Yes,code_verified,exact,OpenIntelligence/Features/Telemetry/Visualizations/Embedding3DView.swift,scan_codebase.py,Swift struct parser match
SceneViewContainer,struct,OpenIntelligence/Features/Telemetry/Visualizations/Embedding3DView.swift,3359-3491,Unknown,Low,Yes,code_verified,exact,OpenIntelligence/Features/Telemetry/Visualizations/Embedding3DView.swift,scan_codebase.py,Swift struct parser match
Coordinator,class,OpenIntelligence/Features/Telemetry/Visualizations/Embedding3DView.swift,3400-3490,Service,High,Yes,code_verified,exact,OpenIntelligence/Features/Telemetry/Visualizations/Embedding3DView.swift,scan_codebase.py,Swift class parser match
SceneViewContainer,struct,OpenIntelligence/Features/Telemetry/Visualizations/Embedding3DView.swift,3493-3618,Unknown,Low,Yes,code_verified,exact,OpenIntelligence/Features/Telemetry/Visualizations/Embedding3DView.swift,scan_codebase.py,Swift struct parser match
Coordinator,class,OpenIntelligence/Features/Telemetry/Visualizations/Embedding3DView.swift,3534-3617,Service,High,Yes,code_verified,exact,OpenIntelligence/Features/Telemetry/Visualizations/Embedding3DView.swift,scan_codebase.py,Swift class parser match
AxisDirection,enum,OpenIntelligence/Features/Telemetry/Visualizations/Embedding3DView.swift,4645-4645,Unknown,Low,Yes,code_verified,exact,OpenIntelligence/Features/Telemetry/Visualizations/Embedding3DView.swift,scan_codebase.py,Swift enum parser match
EmbeddingColorPalette,enum,OpenIntelligence/Features/Telemetry/Visualizations/Embedding3DView.swift,4750-4800,Unknown,Low,Yes,code_verified,exact,OpenIntelligence/Features/Telemetry/Visualizations/Embedding3DView.swift,scan_codebase.py,Swift enum parser match
EmbeddingSpaceRenderer,struct,OpenIntelligence/Features/Telemetry/Visualizations/Embedding3DView.swift,4806-4859,View,Low,Yes,code_verified,exact,OpenIntelligence/Features/Telemetry/Visualizations/Embedding3DView.swift,scan_codebase.py,Swift struct parser match
VisualizationsView,struct,OpenIntelligence/Features/Telemetry/Visualizations/VisualizationsView.swift,18-274,View,Low,Yes,code_verified,exact,OpenIntelligence/Features/Telemetry/Visualizations/VisualizationsView.swift,scan_codebase.py,Swift struct parser match
DashboardTab,enum,OpenIntelligence/Features/Telemetry/Visualizations/VisualizationsView.swift,46-68,Model,Low,Yes,code_verified,exact,OpenIntelligence/Features/Telemetry/Visualizations/VisualizationsView.swift,scan_codebase.py,Swift enum parser match
EmptyVisualizationsView,struct,OpenIntelligence/Features/Telemetry/Visualizations/VisualizationsView.swift,278-337,View,Low,Yes,code_verified,exact,OpenIntelligence/Features/Telemetry/Visualizations/VisualizationsView.swift,scan_codebase.py,Swift struct parser match
EmbeddingSpaceView,struct,OpenIntelligence/Features/Telemetry/Visualizations/VisualizationsView.swift,341-443,View,Low,Yes,code_verified,exact,OpenIntelligence/Features/Telemetry/Visualizations/VisualizationsView.swift,scan_codebase.py,Swift struct parser match
ProjectionMethod,enum,OpenIntelligence/Features/Telemetry/Visualizations/VisualizationsView.swift,349-355,Model,Low,Yes,code_verified,exact,OpenIntelligence/Features/Telemetry/Visualizations/VisualizationsView.swift,scan_codebase.py,Swift enum parser match
EmbeddingLegendCard,struct,OpenIntelligence/Features/Telemetry/Visualizations/VisualizationsView.swift,445-495,View,Low,Yes,code_verified,exact,OpenIntelligence/Features/Telemetry/Visualizations/VisualizationsView.swift,scan_codebase.py,Swift struct parser match
AxisRow,struct,OpenIntelligence/Features/Telemetry/Visualizations/VisualizationsView.swift,472-494,View,Low,Yes,code_verified,exact,OpenIntelligence/Features/Telemetry/Visualizations/VisualizationsView.swift,scan_codebase.py,Swift struct parser match
EmbeddingSpacePlaceholder,struct,OpenIntelligence/Features/Telemetry/Visualizations/VisualizationsView.swift,497-589,View,Low,Yes,code_verified,exact,OpenIntelligence/Features/Telemetry/Visualizations/VisualizationsView.swift,scan_codebase.py,Swift struct parser match
ChunkDistributionView,struct,OpenIntelligence/Features/Telemetry/Visualizations/VisualizationsView.swift,593-676,View,Low,Yes,code_verified,exact,OpenIntelligence/Features/Telemetry/Visualizations/VisualizationsView.swift,scan_codebase.py,Swift struct parser match
AdvancedCorpusStatsView,struct,OpenIntelligence/Features/Telemetry/Visualizations/VisualizationsView.swift,680-1039,View,Low,Yes,code_verified,exact,OpenIntelligence/Features/Telemetry/Visualizations/VisualizationsView.swift,scan_codebase.py,Swift struct parser match
CorpusQuickStat,struct,OpenIntelligence/Features/Telemetry/Visualizations/VisualizationsView.swift,1043-1068,View,Low,Yes,code_verified,exact,OpenIntelligence/Features/Telemetry/Visualizations/VisualizationsView.swift,scan_codebase.py,Swift struct parser match
NerdStatRow,struct,OpenIntelligence/Features/Telemetry/Visualizations/VisualizationsView.swift,1070-1089,View,Low,Yes,code_verified,exact,OpenIntelligence/Features/Telemetry/Visualizations/VisualizationsView.swift,scan_codebase.py,Swift struct parser match
QualityIndicatorRow,struct,OpenIntelligence/Features/Telemetry/Visualizations/VisualizationsView.swift,1091-1130,View,Low,Yes,code_verified,exact,OpenIntelligence/Features/Telemetry/Visualizations/VisualizationsView.swift,scan_codebase.py,Swift struct parser match
QueryAnalyticsView,struct,OpenIntelligence/Features/Telemetry/Visualizations/VisualizationsView.swift,1134-1158,View,Low,Yes,code_verified,exact,OpenIntelligence/Features/Telemetry/Visualizations/VisualizationsView.swift,scan_codebase.py,Swift struct parser match
EmptyAnalyticsView,struct,OpenIntelligence/Features/Telemetry/Visualizations/VisualizationsView.swift,1160-1182,View,Low,Yes,code_verified,exact,OpenIntelligence/Features/Telemetry/Visualizations/VisualizationsView.swift,scan_codebase.py,Swift struct parser match
QueryStatsGrid,struct,OpenIntelligence/Features/Telemetry/Visualizations/VisualizationsView.swift,1184-1215,View,Low,Yes,code_verified,exact,OpenIntelligence/Features/Telemetry/Visualizations/VisualizationsView.swift,scan_codebase.py,Swift struct parser match
RecentQueriesList,struct,OpenIntelligence/Features/Telemetry/Visualizations/VisualizationsView.swift,1217-1237,View,Low,Yes,code_verified,exact,OpenIntelligence/Features/Telemetry/Visualizations/VisualizationsView.swift,scan_codebase.py,Swift struct parser match
QueryEventCard,struct,OpenIntelligence/Features/Telemetry/Visualizations/VisualizationsView.swift,1239-1285,View,Low,Yes,code_verified,exact,OpenIntelligence/Features/Telemetry/Visualizations/VisualizationsView.swift,scan_codebase.py,Swift struct parser match
RetrievalPatternsView,struct,OpenIntelligence/Features/Telemetry/Visualizations/VisualizationsView.swift,1287-1641,View,Low,Yes,code_verified,exact,OpenIntelligence/Features/Telemetry/Visualizations/VisualizationsView.swift,scan_codebase.py,Swift struct parser match
MutableAccumulator,struct,OpenIntelligence/Features/Telemetry/Visualizations/VisualizationsView.swift,1508-1515,Unknown,Low,Yes,code_verified,exact,OpenIntelligence/Features/Telemetry/Visualizations/VisualizationsView.swift,scan_codebase.py,Swift struct parser match
ChunkHitStat,struct,OpenIntelligence/Features/Telemetry/Visualizations/VisualizationsView.swift,1622-1633,Model,Low,Yes,code_verified,exact,OpenIntelligence/Features/Telemetry/Visualizations/VisualizationsView.swift,scan_codebase.py,Swift struct parser match
DocumentHitStat,struct,OpenIntelligence/Features/Telemetry/Visualizations/VisualizationsView.swift,1635-1640,Model,Low,Yes,code_verified,exact,OpenIntelligence/Features/Telemetry/Visualizations/VisualizationsView.swift,scan_codebase.py,Swift struct parser match
DashboardSectionCard,struct,OpenIntelligence/Features/Telemetry/Visualizations/VisualizationsView.swift,1643-1692,Unknown,Low,Yes,code_verified,exact,OpenIntelligence/Features/Telemetry/Visualizations/VisualizationsView.swift,scan_codebase.py,Swift struct parser match
PerformanceMetricsView,struct,OpenIntelligence/Features/Telemetry/Visualizations/VisualizationsView.swift,1696-1716,View,Low,Yes,code_verified,exact,OpenIntelligence/Features/Telemetry/Visualizations/VisualizationsView.swift,scan_codebase.py,Swift struct parser match
PipelineStagesCard,struct,OpenIntelligence/Features/Telemetry/Visualizations/VisualizationsView.swift,1718-1756,View,Low,Yes,code_verified,exact,OpenIntelligence/Features/Telemetry/Visualizations/VisualizationsView.swift,scan_codebase.py,Swift struct parser match
StageMetricRow,struct,OpenIntelligence/Features/Telemetry/Visualizations/VisualizationsView.swift,1758-1780,View,Low,Yes,code_verified,exact,OpenIntelligence/Features/Telemetry/Visualizations/VisualizationsView.swift,scan_codebase.py,Swift struct parser match
SystemMetricsGrid,struct,OpenIntelligence/Features/Telemetry/Visualizations/VisualizationsView.swift,1782-1818,View,Low,Yes,code_verified,exact,OpenIntelligence/Features/Telemetry/Visualizations/VisualizationsView.swift,scan_codebase.py,Swift struct parser match
StatCard,struct,OpenIntelligence/Features/Telemetry/Visualizations/VisualizationsView.swift,1822-1859,View,Low,Yes,code_verified,exact,OpenIntelligence/Features/Telemetry/Visualizations/VisualizationsView.swift,scan_codebase.py,Swift struct parser match
EmbeddingInfoSheet,struct,OpenIntelligence/Features/Telemetry/Visualizations/VisualizationsView.swift,1863-1956,View,Low,Yes,code_verified,exact,OpenIntelligence/Features/Telemetry/Visualizations/VisualizationsView.swift,scan_codebase.py,Swift struct parser match
VisualizationInfoSection,struct,OpenIntelligence/Features/Telemetry/Visualizations/VisualizationsView.swift,1958-1976,Unknown,Low,Yes,code_verified,exact,OpenIntelligence/Features/Telemetry/Visualizations/VisualizationsView.swift,scan_codebase.py,Swift struct parser match
SimilarityHeatmapView,struct,OpenIntelligence/Features/Telemetry/Visualizations/VisualizationsView.swift,1980-2302,View,Low,Yes,code_verified,exact,OpenIntelligence/Features/Telemetry/Visualizations/VisualizationsView.swift,scan_codebase.py,Swift struct parser match
HeatmapChunkDescriptor,struct,OpenIntelligence/Features/Telemetry/Visualizations/VisualizationsView.swift,2294-2301,Unknown,Low,Yes,code_verified,exact,OpenIntelligence/Features/Telemetry/Visualizations/VisualizationsView.swift,scan_codebase.py,Swift struct parser match
PipelineTimelineView,struct,OpenIntelligence/Features/Telemetry/Visualizations/VisualizationsView.swift,2304-2485,View,Low,Yes,code_verified,exact,OpenIntelligence/Features/Telemetry/Visualizations/VisualizationsView.swift,scan_codebase.py,Swift struct parser match
Stage,struct,OpenIntelligence/Features/Telemetry/Visualizations/VisualizationsView.swift,2307-2313,Model,Low,Yes,code_verified,exact,OpenIntelligence/Features/Telemetry/Visualizations/VisualizationsView.swift,scan_codebase.py,Swift struct parser match
StageChip,struct,OpenIntelligence/Features/Telemetry/Visualizations/VisualizationsView.swift,2409-2447,View,Low,Yes,code_verified,exact,OpenIntelligence/Features/Telemetry/Visualizations/VisualizationsView.swift,scan_codebase.py,Swift struct parser match
ActivityRow,struct,OpenIntelligence/Features/Telemetry/Visualizations/VisualizationsView.swift,2449-2484,View,Low,Yes,code_verified,exact,OpenIntelligence/Features/Telemetry/Visualizations/VisualizationsView.swift,scan_codebase.py,Swift struct parser match
SemanticClusteringView,struct,OpenIntelligence/Features/Telemetry/Visualizations/VisualizationsView.swift,2487-2948,View,Low,Yes,code_verified,exact,OpenIntelligence/Features/Telemetry/Visualizations/VisualizationsView.swift,scan_codebase.py,Swift struct parser match
MetricPill,struct,OpenIntelligence/Features/Telemetry/Visualizations/VisualizationsView.swift,2689-2718,View,Low,Yes,code_verified,exact,OpenIntelligence/Features/Telemetry/Visualizations/VisualizationsView.swift,scan_codebase.py,Swift struct parser match
ClusterSignature,struct,OpenIntelligence/Features/Telemetry/Visualizations/VisualizationsView.swift,2910-2920,Unknown,Low,Yes,code_verified,exact,OpenIntelligence/Features/Telemetry/Visualizations/VisualizationsView.swift,scan_codebase.py,Swift struct parser match
ClusteringInfoCard,struct,OpenIntelligence/Features/Telemetry/Visualizations/VisualizationsView.swift,2952-2978,View,Low,Yes,code_verified,exact,OpenIntelligence/Features/Telemetry/Visualizations/VisualizationsView.swift,scan_codebase.py,Swift struct parser match
ClusterPreviewCard,struct,OpenIntelligence/Features/Telemetry/Visualizations/VisualizationsView.swift,2981-3061,View,Low,Yes,code_verified,exact,OpenIntelligence/Features/Telemetry/Visualizations/VisualizationsView.swift,scan_codebase.py,Swift struct parser match
VisualizationMath,enum,OpenIntelligence/Features/Telemetry/Visualizations/VisualizationsView.swift,3065-3074,Unknown,Low,Yes,code_verified,exact,OpenIntelligence/Features/Telemetry/Visualizations/VisualizationsView.swift,scan_codebase.py,Swift enum parser match
VisualizationChunkSampler,enum,OpenIntelligence/Features/Telemetry/Visualizations/VisualizationsView.swift,3076-3120,Unknown,Low,Yes,code_verified,exact,OpenIntelligence/Features/Telemetry/Visualizations/VisualizationsView.swift,scan_codebase.py,Swift enum parser match
SplitMix64,struct,OpenIntelligence/Features/Telemetry/Visualizations/VisualizationsView.swift,3122-3136,Unknown,Low,Yes,code_verified,exact,OpenIntelligence/Features/Telemetry/Visualizations/VisualizationsView.swift,scan_codebase.py,Swift struct parser match
FTS5StorageView,struct,OpenIntelligence/Features/Telemetry/Visualizations/VisualizationsView.swift,3141-3599,View,Low,Yes,code_verified,exact,OpenIntelligence/Features/Telemetry/Visualizations/VisualizationsView.swift,scan_codebase.py,Swift struct parser match
FTS5StatCard,struct,OpenIntelligence/Features/Telemetry/Visualizations/VisualizationsView.swift,3602-3634,View,Low,Yes,code_verified,exact,OpenIntelligence/Features/Telemetry/Visualizations/VisualizationsView.swift,scan_codebase.py,Swift struct parser match
StatusBadge,struct,OpenIntelligence/Features/Telemetry/Visualizations/VisualizationsView.swift,3637-3655,View,Low,Yes,code_verified,exact,OpenIntelligence/Features/Telemetry/Visualizations/VisualizationsView.swift,scan_codebase.py,Swift struct parser match
StoreKitTestHarness,enum,OpenIntelligence/Resources/StoreKit/StoreKitTestHarness.swift,6-12,Unknown,Low,Yes,code_verified,exact,OpenIntelligence/Resources/StoreKit/StoreKitTestHarness.swift,scan_codebase.py,Swift enum parser match
OIAvailabilityState,enum,OpenIntelligence/SDK/OpenIntelligenceEngine.swift,7-14,Model,Low,Yes,code_verified,exact,OpenIntelligence/SDK/OpenIntelligenceEngine.swift,scan_codebase.py,Swift enum parser match
OIExecutionContext,enum,OpenIntelligence/SDK/OpenIntelligenceEngine.swift,16-21,Model,Low,Yes,code_verified,exact,OpenIntelligence/SDK/OpenIntelligenceEngine.swift,scan_codebase.py,Swift enum parser match
OIQueryQualityMode,enum,OpenIntelligence/SDK/OpenIntelligenceEngine.swift,23-62,Model,Low,Yes,code_verified,exact,OpenIntelligence/SDK/OpenIntelligenceEngine.swift,scan_codebase.py,Swift enum parser match
OIEngineConfiguration,struct,OpenIntelligence/SDK/OpenIntelligenceEngine.swift,64-78,Model,Low,Yes,code_verified,exact,OpenIntelligence/SDK/OpenIntelligenceEngine.swift,scan_codebase.py,Swift struct parser match
OILibrary,struct,OpenIntelligence/SDK/OpenIntelligenceEngine.swift,80-97,Model,Low,Yes,code_verified,exact,OpenIntelligence/SDK/OpenIntelligenceEngine.swift,scan_codebase.py,Swift struct parser match
OIDocument,struct,OpenIntelligence/SDK/OpenIntelligenceEngine.swift,99-122,Model,Low,Yes,code_verified,exact,OpenIntelligence/SDK/OpenIntelligenceEngine.swift,scan_codebase.py,Swift struct parser match
OIIngestRequest,struct,OpenIntelligence/SDK/OpenIntelligenceEngine.swift,124-132,Model,Low,Yes,code_verified,exact,OpenIntelligence/SDK/OpenIntelligenceEngine.swift,scan_codebase.py,Swift struct parser match
OIIngestResult,struct,OpenIntelligence/SDK/OpenIntelligenceEngine.swift,134-157,Model,Low,Yes,code_verified,exact,OpenIntelligence/SDK/OpenIntelligenceEngine.swift,scan_codebase.py,Swift struct parser match
OIQueryRequest,struct,OpenIntelligence/SDK/OpenIntelligenceEngine.swift,159-176,Model,Low,Yes,code_verified,exact,OpenIntelligence/SDK/OpenIntelligenceEngine.swift,scan_codebase.py,Swift struct parser match
OIQueryStreamEvent,struct,OpenIntelligence/SDK/OpenIntelligenceEngine.swift,178-186,Model,Low,Yes,code_verified,exact,OpenIntelligence/SDK/OpenIntelligenceEngine.swift,scan_codebase.py,Swift struct parser match
OIQueryProgressEvent,struct,OpenIntelligence/SDK/OpenIntelligenceEngine.swift,190-225,Model,Low,Yes,code_verified,exact,OpenIntelligence/SDK/OpenIntelligenceEngine.swift,scan_codebase.py,Swift struct parser match
OIQueryDiagnostics,struct,OpenIntelligence/SDK/OpenIntelligenceEngine.swift,229-274,Model,Low,Yes,code_verified,exact,OpenIntelligence/SDK/OpenIntelligenceEngine.swift,scan_codebase.py,Swift struct parser match
OICitation,struct,OpenIntelligence/SDK/OpenIntelligenceEngine.swift,276-286,Model,Low,Yes,code_verified,exact,OpenIntelligence/SDK/OpenIntelligenceEngine.swift,scan_codebase.py,Swift struct parser match
OIQueryResult,struct,OpenIntelligence/SDK/OpenIntelligenceEngine.swift,288-320,Model,Low,Yes,code_verified,exact,OpenIntelligence/SDK/OpenIntelligenceEngine.swift,scan_codebase.py,Swift struct parser match
OpenIntelligenceEngineError,enum,OpenIntelligence/SDK/OpenIntelligenceEngine.swift,322-347,Model,Low,Yes,code_verified,exact,OpenIntelligence/SDK/OpenIntelligenceEngine.swift,scan_codebase.py,Swift enum parser match
OIEngine,class,OpenIntelligence/SDK/OpenIntelligenceEngine.swift,350-909,Service,High,Yes,code_verified,exact,OpenIntelligence/SDK/OpenIntelligenceEngine.swift,scan_codebase.py,Swift class parser match
FoundationModelDynamicProfile,enum,OpenIntelligence/Services/AIPlatform/AppleFoundationModels/FoundationModelDynamicProfileRegistry.swift,14-44,Model,Low,Yes,code_verified,exact,OpenIntelligence/Services/AIPlatform/AppleFoundationModels/FoundationModelDynamicProfileRegistry.swift,scan_codebase.py,Swift enum parser match
FoundationModelDynamicProfileRegistry,class,OpenIntelligence/Services/AIPlatform/AppleFoundationModels/FoundationModelDynamicProfileRegistry.swift,47-62,Model,Medium,Yes,code_verified,exact,OpenIntelligence/Services/AIPlatform/AppleFoundationModels/FoundationModelDynamicProfileRegistry.swift,scan_codebase.py,Swift class parser match
FoundationModelErrorMapper,struct,OpenIntelligence/Services/AIPlatform/AppleFoundationModels/FoundationModelErrorMapper.swift,14-118,Model,Low,Yes,code_verified,exact,OpenIntelligence/Services/AIPlatform/AppleFoundationModels/FoundationModelErrorMapper.swift,scan_codebase.py,Swift struct parser match
MappedResult,enum,OpenIntelligence/Services/AIPlatform/AppleFoundationModels/FoundationModelErrorMapper.swift,16-19,Model,Low,Yes,code_verified,exact,OpenIntelligence/Services/AIPlatform/AppleFoundationModels/FoundationModelErrorMapper.swift,scan_codebase.py,Swift enum parser match
FoundationModelPromptCompiler,struct,OpenIntelligence/Services/AIPlatform/AppleFoundationModels/FoundationModelPromptCompiler.swift,14-146,Model,Low,Yes,code_verified,exact,OpenIntelligence/Services/AIPlatform/AppleFoundationModels/FoundationModelPromptCompiler.swift,scan_codebase.py,Swift struct parser match
PCCReasoningLevel,enum,OpenIntelligence/Services/AIPlatform/AppleFoundationModels/FoundationModelRoute.swift,12-17,Model,Low,Yes,code_verified,exact,OpenIntelligence/Services/AIPlatform/AppleFoundationModels/FoundationModelRoute.swift,scan_codebase.py,Swift enum parser match
AppleFoundationModelRoute,enum,OpenIntelligence/Services/AIPlatform/AppleFoundationModels/FoundationModelRoute.swift,20-25,Model,Low,Yes,code_verified,exact,OpenIntelligence/Services/AIPlatform/AppleFoundationModels/FoundationModelRoute.swift,scan_codebase.py,Swift enum parser match
FoundationModelRoutePolicy,struct,OpenIntelligence/Services/AIPlatform/AppleFoundationModels/FoundationModelRoutePolicy.swift,14-102,Service,High,Yes,code_verified,exact,OpenIntelligence/Services/AIPlatform/AppleFoundationModels/FoundationModelRoutePolicy.swift,scan_codebase.py,Swift struct parser match
QueryType,enum,OpenIntelligence/Services/AIPlatform/AppleFoundationModels/FoundationModelRoutePolicy.swift,16-21,Model,Low,Yes,code_verified,exact,OpenIntelligence/Services/AIPlatform/AppleFoundationModels/FoundationModelRoutePolicy.swift,scan_codebase.py,Swift enum parser match
FoundationModelSessionFactory,struct,OpenIntelligence/Services/AIPlatform/AppleFoundationModels/FoundationModelSessionFactory.swift,14-113,Service,High,Yes,code_verified,exact,OpenIntelligence/Services/AIPlatform/AppleFoundationModels/FoundationModelSessionFactory.swift,scan_codebase.py,Swift struct parser match
SessionResult,struct,OpenIntelligence/Services/AIPlatform/AppleFoundationModels/FoundationModelSessionFactory.swift,16-21,Model,Low,Yes,code_verified,exact,OpenIntelligence/Services/AIPlatform/AppleFoundationModels/FoundationModelSessionFactory.swift,scan_codebase.py,Swift struct parser match
FoundationModelStructuredGenerator,struct,OpenIntelligence/Services/AIPlatform/AppleFoundationModels/FoundationModelStructuredGenerator.swift,14-202,Model,Low,Yes,code_verified,exact,OpenIntelligence/Services/AIPlatform/AppleFoundationModels/FoundationModelStructuredGenerator.swift,scan_codebase.py,Swift struct parser match
FoundationModelTokenBudget,struct,OpenIntelligence/Services/AIPlatform/AppleFoundationModels/FoundationModelTokenBudget.swift,17-102,Service,High,Yes,code_verified,exact,OpenIntelligence/Services/AIPlatform/AppleFoundationModels/FoundationModelTokenBudget.swift,scan_codebase.py,Swift struct parser match
SearchDocumentsTool,struct,OpenIntelligence/Services/AIPlatform/AppleFoundationModels/FoundationModelToolRegistry.swift,20-59,Model,Low,Yes,code_verified,exact,OpenIntelligence/Services/AIPlatform/AppleFoundationModels/FoundationModelToolRegistry.swift,scan_codebase.py,Swift struct parser match
Arguments,struct,OpenIntelligence/Services/AIPlatform/AppleFoundationModels/FoundationModelToolRegistry.swift,28-46,Model,Low,Yes,code_verified,exact,OpenIntelligence/Services/AIPlatform/AppleFoundationModels/FoundationModelToolRegistry.swift,scan_codebase.py,Swift struct parser match
ListDocumentsTool,struct,OpenIntelligence/Services/AIPlatform/AppleFoundationModels/FoundationModelToolRegistry.swift,63-82,Model,Low,Yes,code_verified,exact,OpenIntelligence/Services/AIPlatform/AppleFoundationModels/FoundationModelToolRegistry.swift,scan_codebase.py,Swift struct parser match
Arguments,struct,OpenIntelligence/Services/AIPlatform/AppleFoundationModels/FoundationModelToolRegistry.swift,71-73,Model,Low,Yes,code_verified,exact,OpenIntelligence/Services/AIPlatform/AppleFoundationModels/FoundationModelToolRegistry.swift,scan_codebase.py,Swift struct parser match
GetDocumentSummaryTool,struct,OpenIntelligence/Services/AIPlatform/AppleFoundationModels/FoundationModelToolRegistry.swift,86-109,Model,Low,Yes,code_verified,exact,OpenIntelligence/Services/AIPlatform/AppleFoundationModels/FoundationModelToolRegistry.swift,scan_codebase.py,Swift struct parser match
Arguments,struct,OpenIntelligence/Services/AIPlatform/AppleFoundationModels/FoundationModelToolRegistry.swift,94-100,Model,Low,Yes,code_verified,exact,OpenIntelligence/Services/AIPlatform/AppleFoundationModels/FoundationModelToolRegistry.swift,scan_codebase.py,Swift struct parser match
CountPatternTool,struct,OpenIntelligence/Services/AIPlatform/AppleFoundationModels/FoundationModelToolRegistry.swift,116-136,Model,Low,Yes,code_verified,exact,OpenIntelligence/Services/AIPlatform/AppleFoundationModels/FoundationModelToolRegistry.swift,scan_codebase.py,Swift struct parser match
SearchExactPatternTool,struct,OpenIntelligence/Services/AIPlatform/AppleFoundationModels/FoundationModelToolRegistry.swift,150-179,Model,Low,Yes,code_verified,exact,OpenIntelligence/Services/AIPlatform/AppleFoundationModels/FoundationModelToolRegistry.swift,scan_codebase.py,Swift struct parser match
Arguments,struct,OpenIntelligence/Services/AIPlatform/AppleFoundationModels/FoundationModelToolRegistry.swift,161-170,Model,Low,Yes,code_verified,exact,OpenIntelligence/Services/AIPlatform/AppleFoundationModels/FoundationModelToolRegistry.swift,scan_codebase.py,Swift struct parser match
GetCorpusStatsTool,struct,OpenIntelligence/Services/AIPlatform/AppleFoundationModels/FoundationModelToolRegistry.swift,185-210,Model,Low,Yes,code_verified,exact,OpenIntelligence/Services/AIPlatform/AppleFoundationModels/FoundationModelToolRegistry.swift,scan_codebase.py,Swift struct parser match
Arguments,struct,OpenIntelligence/Services/AIPlatform/AppleFoundationModels/FoundationModelToolRegistry.swift,199-201,Model,Low,Yes,code_verified,exact,OpenIntelligence/Services/AIPlatform/AppleFoundationModels/FoundationModelToolRegistry.swift,scan_codebase.py,Swift struct parser match
FindRelatedDocumentsTool,struct,OpenIntelligence/Services/AIPlatform/AppleFoundationModels/FoundationModelToolRegistry.swift,214-247,Model,Low,Yes,code_verified,exact,OpenIntelligence/Services/AIPlatform/AppleFoundationModels/FoundationModelToolRegistry.swift,scan_codebase.py,Swift struct parser match
Arguments,struct,OpenIntelligence/Services/AIPlatform/AppleFoundationModels/FoundationModelToolRegistry.swift,225-235,Model,Low,Yes,code_verified,exact,OpenIntelligence/Services/AIPlatform/AppleFoundationModels/FoundationModelToolRegistry.swift,scan_codebase.py,Swift struct parser match
CompareDocumentsTool,struct,OpenIntelligence/Services/AIPlatform/AppleFoundationModels/FoundationModelToolRegistry.swift,251-282,Model,Low,Yes,code_verified,exact,OpenIntelligence/Services/AIPlatform/AppleFoundationModels/FoundationModelToolRegistry.swift,scan_codebase.py,Swift struct parser match
Arguments,struct,OpenIntelligence/Services/AIPlatform/AppleFoundationModels/FoundationModelToolRegistry.swift,261-270,Model,Low,Yes,code_verified,exact,OpenIntelligence/Services/AIPlatform/AppleFoundationModels/FoundationModelToolRegistry.swift,scan_codebase.py,Swift struct parser match
RetrieveCorpusEvidenceTool,struct,OpenIntelligence/Services/AIPlatform/AppleFoundationModels/FoundationModelToolRegistry.swift,288-340,Model,Low,Yes,code_verified,exact,OpenIntelligence/Services/AIPlatform/AppleFoundationModels/FoundationModelToolRegistry.swift,scan_codebase.py,Swift struct parser match
Arguments,struct,OpenIntelligence/Services/AIPlatform/AppleFoundationModels/FoundationModelToolRegistry.swift,302-314,Model,Low,Yes,code_verified,exact,OpenIntelligence/Services/AIPlatform/AppleFoundationModels/FoundationModelToolRegistry.swift,scan_codebase.py,Swift struct parser match
InspectDocumentTool,struct,OpenIntelligence/Services/AIPlatform/AppleFoundationModels/FoundationModelToolRegistry.swift,344-363,Model,Low,Yes,code_verified,exact,OpenIntelligence/Services/AIPlatform/AppleFoundationModels/FoundationModelToolRegistry.swift,scan_codebase.py,Swift struct parser match
Arguments,struct,OpenIntelligence/Services/AIPlatform/AppleFoundationModels/FoundationModelToolRegistry.swift,351-354,Model,Low,Yes,code_verified,exact,OpenIntelligence/Services/AIPlatform/AppleFoundationModels/FoundationModelToolRegistry.swift,scan_codebase.py,Swift struct parser match
CompareTopicAcrossDocumentsTool,struct,OpenIntelligence/Services/AIPlatform/AppleFoundationModels/FoundationModelToolRegistry.swift,367-392,Model,Low,Yes,code_verified,exact,OpenIntelligence/Services/AIPlatform/AppleFoundationModels/FoundationModelToolRegistry.swift,scan_codebase.py,Swift struct parser match
Arguments,struct,OpenIntelligence/Services/AIPlatform/AppleFoundationModels/FoundationModelToolRegistry.swift,374-380,Model,Low,Yes,code_verified,exact,OpenIntelligence/Services/AIPlatform/AppleFoundationModels/FoundationModelToolRegistry.swift,scan_codebase.py,Swift struct parser match
GetLibraryOverviewTool,struct,OpenIntelligence/Services/AIPlatform/AppleFoundationModels/FoundationModelToolRegistry.swift,396-417,Model,Low,Yes,code_verified,exact,OpenIntelligence/Services/AIPlatform/AppleFoundationModels/FoundationModelToolRegistry.swift,scan_codebase.py,Swift struct parser match
Arguments,struct,OpenIntelligence/Services/AIPlatform/AppleFoundationModels/FoundationModelToolRegistry.swift,403-405,Model,Low,Yes,code_verified,exact,OpenIntelligence/Services/AIPlatform/AppleFoundationModels/FoundationModelToolRegistry.swift,scan_codebase.py,Swift struct parser match
FoundationModelToolRegistry,struct,OpenIntelligence/Services/AIPlatform/AppleFoundationModels/FoundationModelToolRegistry.swift,420-447,Model,Low,Yes,code_verified,exact,OpenIntelligence/Services/AIPlatform/AppleFoundationModels/FoundationModelToolRegistry.swift,scan_codebase.py,Swift struct parser match
FoundationModelTranscriptStore,struct,OpenIntelligence/Services/AIPlatform/AppleFoundationModels/FoundationModelTranscriptStore.swift,14-76,ViewModel,High,Yes,code_verified,exact,OpenIntelligence/Services/AIPlatform/AppleFoundationModels/FoundationModelTranscriptStore.swift,scan_codebase.py,Swift struct parser match
CoreAIEmbeddingBackend,class,OpenIntelligence/Services/AIPlatform/CoreAI/CoreAIEmbeddingBackend.swift,10-19,Model,Medium,Yes,code_verified,exact,OpenIntelligence/Services/AIPlatform/CoreAI/CoreAIEmbeddingBackend.swift,scan_codebase.py,Swift class parser match
CoreAIExecutionBackendProtocol,protocol,OpenIntelligence/Services/AIPlatform/CoreAI/CoreAIExecutionBackend.swift,10-12,Unknown,Medium,Yes,code_verified,exact,OpenIntelligence/Services/AIPlatform/CoreAI/CoreAIExecutionBackend.swift,scan_codebase.py,Swift protocol parser match
CoreAIExecutionBackend,class,OpenIntelligence/Services/AIPlatform/CoreAI/CoreAIExecutionBackend.swift,14-23,Unknown,Medium,Yes,code_verified,exact,OpenIntelligence/Services/AIPlatform/CoreAI/CoreAIExecutionBackend.swift,scan_codebase.py,Swift class parser match
CoreAIModelConfig,struct,OpenIntelligence/Services/AIPlatform/CoreAI/CoreAIModelRegistry.swift,10-14,Model,Low,Yes,code_verified,exact,OpenIntelligence/Services/AIPlatform/CoreAI/CoreAIModelRegistry.swift,scan_codebase.py,Swift struct parser match
CoreAIModelType,enum,OpenIntelligence/Services/AIPlatform/CoreAI/CoreAIModelRegistry.swift,16-20,Model,Low,Yes,code_verified,exact,OpenIntelligence/Services/AIPlatform/CoreAI/CoreAIModelRegistry.swift,scan_codebase.py,Swift enum parser match
CoreAIModelRegistry,class,OpenIntelligence/Services/AIPlatform/CoreAI/CoreAIModelRegistry.swift,22-36,Unknown,Medium,Yes,code_verified,exact,OpenIntelligence/Services/AIPlatform/CoreAI/CoreAIModelRegistry.swift,scan_codebase.py,Swift class parser match
ThinkingStep,struct,OpenIntelligence/Services/Agentic/AgenticOrchestrator.swift,13-47,Model,Low,Yes,code_verified,exact,OpenIntelligence/Services/Agentic/AgenticOrchestrator.swift,scan_codebase.py,Swift struct parser match
StepType,enum,OpenIntelligence/Services/Agentic/AgenticOrchestrator.swift,24-46,Model,Low,Yes,code_verified,exact,OpenIntelligence/Services/Agentic/AgenticOrchestrator.swift,scan_codebase.py,Swift enum parser match
AgenticConfig,struct,OpenIntelligence/Services/Agentic/AgenticOrchestrator.swift,77-132,Model,Low,Yes,code_verified,exact,OpenIntelligence/Services/Agentic/AgenticOrchestrator.swift,scan_codebase.py,Swift struct parser match
AgenticResult,struct,OpenIntelligence/Services/Agentic/AgenticOrchestrator.swift,135-149,Model,Low,Yes,code_verified,exact,OpenIntelligence/Services/Agentic/AgenticOrchestrator.swift,scan_codebase.py,Swift struct parser match
AgenticOrchestrator,class,OpenIntelligence/Services/Agentic/AgenticOrchestrator.swift,154-3534,Service,High,Yes,code_verified,exact,OpenIntelligence/Services/Agentic/AgenticOrchestrator.swift,scan_codebase.py,Swift class parser match
ResearchAction,enum,OpenIntelligence/Services/Agentic/AgenticOrchestrator.swift,2483-2487,Unknown,Low,Yes,code_verified,exact,OpenIntelligence/Services/Agentic/AgenticOrchestrator.swift,scan_codebase.py,Swift enum parser match
SelfRAGVerification,struct,OpenIntelligence/Services/Agentic/AgenticOrchestrator.swift,2903-2918,Model,Low,Yes,code_verified,exact,OpenIntelligence/Services/Agentic/AgenticOrchestrator.swift,scan_codebase.py,Swift struct parser match
AgenticError,enum,OpenIntelligence/Services/Agentic/AgenticOrchestrator.swift,3538-3556,Unknown,Low,Yes,code_verified,exact,OpenIntelligence/Services/Agentic/AgenticOrchestrator.swift,scan_codebase.py,Swift enum parser match
ReasoningChainConfig,struct,OpenIntelligence/Services/Agentic/AgenticOrchestrator.swift,3562-3608,Model,Low,Yes,code_verified,exact,OpenIntelligence/Services/Agentic/AgenticOrchestrator.swift,scan_codebase.py,Swift struct parser match
MultiChainConfig,struct,OpenIntelligence/Services/Agentic/AgenticOrchestrator.swift,3614-3647,Model,Low,Yes,code_verified,exact,OpenIntelligence/Services/Agentic/AgenticOrchestrator.swift,scan_codebase.py,Swift struct parser match
MultiChainResult,struct,OpenIntelligence/Services/Agentic/AgenticOrchestrator.swift,3650-3666,Model,Low,Yes,code_verified,exact,OpenIntelligence/Services/Agentic/AgenticOrchestrator.swift,scan_codebase.py,Swift struct parser match
ClusterInsight,struct,OpenIntelligence/Services/Agentic/AgenticOrchestrator.swift,3658-3665,Model,Low,Yes,code_verified,exact,OpenIntelligence/Services/Agentic/AgenticOrchestrator.swift,scan_codebase.py,Swift struct parser match
DocumentCluster,struct,OpenIntelligence/Services/Agentic/AgenticOrchestrator.swift,3669-3673,Unknown,Low,Yes,code_verified,exact,OpenIntelligence/Services/Agentic/AgenticOrchestrator.swift,scan_codebase.py,Swift struct parser match
DocumentSemanticProfile,struct,OpenIntelligence/Services/Agentic/AgenticOrchestrator.swift,3675-3680,Unknown,Low,Yes,code_verified,exact,OpenIntelligence/Services/Agentic/AgenticOrchestrator.swift,scan_codebase.py,Swift struct parser match
ReasoningChainResult,struct,OpenIntelligence/Services/Agentic/AgenticOrchestrator.swift,3683-3690,Model,Low,Yes,code_verified,exact,OpenIntelligence/Services/Agentic/AgenticOrchestrator.swift,scan_codebase.py,Swift struct parser match
AgenticOrchestrator,extension,OpenIntelligence/Services/Agentic/AgenticOrchestrator.swift,3692-6710,Service,High,Yes,code_verified,exact,OpenIntelligence/Services/Agentic/AgenticOrchestrator.swift,scan_codebase.py,Swift extension parser match
UnlimitedResult,struct,OpenIntelligence/Services/Agentic/AgenticOrchestrator.swift,4502-4518,Model,Low,Yes,code_verified,exact,OpenIntelligence/Services/Agentic/AgenticOrchestrator.swift,scan_codebase.py,Swift struct parser match
TerminationReason,enum,OpenIntelligence/Services/Agentic/AgenticOrchestrator.swift,4510-4517,Model,Low,Yes,code_verified,exact,OpenIntelligence/Services/Agentic/AgenticOrchestrator.swift,scan_codebase.py,Swift enum parser match
ScoredFact,struct,OpenIntelligence/Services/Agentic/AgenticOrchestrator.swift,4531-4545,Unknown,Low,Yes,code_verified,exact,OpenIntelligence/Services/Agentic/AgenticOrchestrator.swift,scan_codebase.py,Swift struct parser match
EvidenceKind,enum,OpenIntelligence/Services/Agentic/AgenticOrchestrator.swift,4539-4544,Unknown,Low,Yes,code_verified,exact,OpenIntelligence/Services/Agentic/AgenticOrchestrator.swift,scan_codebase.py,Swift enum parser match
SubQuestion,struct,OpenIntelligence/Services/Agentic/AgenticOrchestrator.swift,4548-4552,Unknown,Low,Yes,code_verified,exact,OpenIntelligence/Services/Agentic/AgenticOrchestrator.swift,scan_codebase.py,Swift struct parser match
FactBank,struct,OpenIntelligence/Services/Agentic/AgenticOrchestrator.swift,4557-4942,Unknown,Low,Yes,code_verified,exact,OpenIntelligence/Services/Agentic/AgenticOrchestrator.swift,scan_codebase.py,Swift struct parser match
Update,struct,OpenIntelligence/Services/Agentic/AgenticOrchestrator.swift,4558-4563,Unknown,Low,Yes,code_verified,exact,OpenIntelligence/Services/Agentic/AgenticOrchestrator.swift,scan_codebase.py,Swift struct parser match
RAGService,extension,OpenIntelligence/Services/Agentic/AgenticOrchestrator.swift,6714-6898,Service,High,Yes,code_verified,exact,OpenIntelligence/Services/Agentic/AgenticOrchestrator.swift,scan_codebase.py,Swift extension parser match
ConversationMemory,struct,OpenIntelligence/Services/Agentic/ConversationMemoryService.swift,28-63,Model,Low,Yes,code_verified,exact,OpenIntelligence/Services/Agentic/ConversationMemoryService.swift,scan_codebase.py,Swift struct parser match
MemoryTurn,struct,OpenIntelligence/Services/Agentic/ConversationMemoryService.swift,66-115,Model,Low,Yes,code_verified,exact,OpenIntelligence/Services/Agentic/ConversationMemoryService.swift,scan_codebase.py,Swift struct parser match
ConversationMemoryConfig,struct,OpenIntelligence/Services/Agentic/ConversationMemoryService.swift,118-149,Model,Low,Yes,code_verified,exact,OpenIntelligence/Services/Agentic/ConversationMemoryService.swift,scan_codebase.py,Swift struct parser match
ConversationMemoryService,class,OpenIntelligence/Services/Agentic/ConversationMemoryService.swift,170-713,Service,High,Yes,code_verified,exact,OpenIntelligence/Services/Agentic/ConversationMemoryService.swift,scan_codebase.py,Swift class parser match
ConversationMemoryServiceUnavailable,class,OpenIntelligence/Services/Agentic/ConversationMemoryService.swift,719-727,Unknown,Medium,Yes,code_verified,exact,OpenIntelligence/Services/Agentic/ConversationMemoryService.swift,scan_codebase.py,Swift class parser match
OIDocumentEntity,struct,OpenIntelligence/Services/Agentic/Entities/OIDocumentEntity.swift,12-27,Model,High,Yes,code_verified,exact,OpenIntelligence/Services/Agentic/Entities/OIDocumentEntity.swift,scan_codebase.py,Swift struct parser match
OIDocumentEntityQuery,struct,OpenIntelligence/Services/Agentic/Entities/OIEntityQueries.swift,12-42,Unknown,Low,Yes,code_verified,exact,OpenIntelligence/Services/Agentic/Entities/OIEntityQueries.swift,scan_codebase.py,Swift struct parser match
OILibraryEntityQuery,struct,OpenIntelligence/Services/Agentic/Entities/OIEntityQueries.swift,45-75,Unknown,Low,Yes,code_verified,exact,OpenIntelligence/Services/Agentic/Entities/OIEntityQueries.swift,scan_codebase.py,Swift struct parser match
OILibraryEntity,struct,OpenIntelligence/Services/Agentic/Entities/OILibraryEntity.swift,12-27,Model,High,Yes,code_verified,exact,OpenIntelligence/Services/Agentic/Entities/OILibraryEntity.swift,scan_codebase.py,Swift struct parser match
DocumentImportStatusSnapshot,struct,OpenIntelligence/Services/Agentic/RAGAppIntents.swift,15-21,Model,Low,Yes,code_verified,exact,OpenIntelligence/Services/Agentic/RAGAppIntents.swift,scan_codebase.py,Swift struct parser match
QueryDocumentsIntent,struct,OpenIntelligence/Services/Agentic/RAGAppIntents.swift,28-131,AppIntent,High,Yes,code_verified,exact,OpenIntelligence/Services/Agentic/RAGAppIntents.swift,scan_codebase.py,Swift struct parser match
AddDocumentIntent,struct,OpenIntelligence/Services/Agentic/RAGAppIntents.swift,138-155,AppIntent,High,Yes,code_verified,exact,OpenIntelligence/Services/Agentic/RAGAppIntents.swift,scan_codebase.py,Swift struct parser match
ListDocumentsIntent,struct,OpenIntelligence/Services/Agentic/RAGAppIntents.swift,162-198,AppIntent,High,Yes,code_verified,exact,OpenIntelligence/Services/Agentic/RAGAppIntents.swift,scan_codebase.py,Swift struct parser match
DocumentImportStatusIntent,struct,OpenIntelligence/Services/Agentic/RAGAppIntents.swift,204-260,AppIntent,High,Yes,code_verified,exact,OpenIntelligence/Services/Agentic/RAGAppIntents.swift,scan_codebase.py,Swift struct parser match
RAGAppShortcutsProvider,struct,OpenIntelligence/Services/Agentic/RAGAppIntents.swift,266-370,Unknown,Low,Yes,code_verified,exact,OpenIntelligence/Services/Agentic/RAGAppIntents.swift,scan_codebase.py,Swift struct parser match
GetEmbeddingProviderIntent,struct,OpenIntelligence/Services/Agentic/RAGAppIntents.swift,377-425,AppIntent,High,Yes,code_verified,exact,OpenIntelligence/Services/Agentic/RAGAppIntents.swift,scan_codebase.py,Swift struct parser match
EmbeddingProviderSnippetView,struct,OpenIntelligence/Services/Agentic/RAGAppIntents.swift,430-467,View,Low,Yes,code_verified,exact,OpenIntelligence/Services/Agentic/RAGAppIntents.swift,scan_codebase.py,Swift struct parser match
RAGResponseSnippetView,struct,OpenIntelligence/Services/Agentic/RAGAppIntents.swift,472-513,View,Low,Yes,code_verified,exact,OpenIntelligence/Services/Agentic/RAGAppIntents.swift,scan_codebase.py,Swift struct parser match
DocumentListSnippetView,struct,OpenIntelligence/Services/Agentic/RAGAppIntents.swift,516-546,View,Low,Yes,code_verified,exact,OpenIntelligence/Services/Agentic/RAGAppIntents.swift,scan_codebase.py,Swift struct parser match
DocumentImportStatusSnippetView,struct,OpenIntelligence/Services/Agentic/RAGAppIntents.swift,549-587,View,Low,Yes,code_verified,exact,OpenIntelligence/Services/Agentic/RAGAppIntents.swift,scan_codebase.py,Swift struct parser match
ErrorSnippetView,struct,OpenIntelligence/Services/Agentic/RAGAppIntents.swift,590-605,View,Low,Yes,code_verified,exact,OpenIntelligence/Services/Agentic/RAGAppIntents.swift,scan_codebase.py,Swift struct parser match
AskDocumentIntent,struct,OpenIntelligence/Services/Agentic/RAGAppIntents.swift,610-653,View,Low,Yes,code_verified,exact,OpenIntelligence/Services/Agentic/RAGAppIntents.swift,scan_codebase.py,Swift struct parser match
SummarizeDocumentIntent,struct,OpenIntelligence/Services/Agentic/RAGAppIntents.swift,656-696,AppIntent,High,Yes,code_verified,exact,OpenIntelligence/Services/Agentic/RAGAppIntents.swift,scan_codebase.py,Swift struct parser match
CompareDocumentsIntent,struct,OpenIntelligence/Services/Agentic/RAGAppIntents.swift,699-744,AppIntent,High,Yes,code_verified,exact,OpenIntelligence/Services/Agentic/RAGAppIntents.swift,scan_codebase.py,Swift struct parser match
SearchLibraryIntent,struct,OpenIntelligence/Services/Agentic/RAGAppIntents.swift,747-788,AppIntent,High,Yes,code_verified,exact,OpenIntelligence/Services/Agentic/RAGAppIntents.swift,scan_codebase.py,Swift struct parser match
ResponseTransformService,class,OpenIntelligence/Services/Agentic/ResponseTransformService.swift,28-312,Service,High,Yes,code_verified,exact,OpenIntelligence/Services/Agentic/ResponseTransformService.swift,scan_codebase.py,Swift class parser match
ScreenAwarenessSnippetView,struct,OpenIntelligence/Services/Agentic/ScreenAwarenessIntents.swift,11-30,View,Low,Yes,code_verified,exact,OpenIntelligence/Services/Agentic/ScreenAwarenessIntents.swift,scan_codebase.py,Swift struct parser match
IngestDocumentIntent,struct,OpenIntelligence/Services/Agentic/ScreenAwarenessIntents.swift,35-78,AppIntent,High,Yes,code_verified,exact,OpenIntelligence/Services/Agentic/ScreenAwarenessIntents.swift,scan_codebase.py,Swift struct parser match
IngestURLIntent,struct,OpenIntelligence/Services/Agentic/ScreenAwarenessIntents.swift,83-115,AppIntent,High,Yes,code_verified,exact,OpenIntelligence/Services/Agentic/ScreenAwarenessIntents.swift,scan_codebase.py,Swift struct parser match
ToolCallCounter,actor,OpenIntelligence/Services/Agentic/ToolCallCounter.swift,14-28,Unknown,Medium,Yes,code_verified,exact,OpenIntelligence/Services/Agentic/ToolCallCounter.swift,scan_codebase.py,Swift actor parser match
AnalyzeImageIntent,struct,OpenIntelligence/Services/Agentic/VisualIntelligenceIntents.swift,22-133,AppIntent,High,Yes,code_verified,exact,OpenIntelligence/Services/Agentic/VisualIntelligenceIntents.swift,scan_codebase.py,Swift struct parser match
IngestFromCameraIntent,struct,OpenIntelligence/Services/Agentic/VisualIntelligenceIntents.swift,139-154,AppIntent,High,Yes,code_verified,exact,OpenIntelligence/Services/Agentic/VisualIntelligenceIntents.swift,scan_codebase.py,Swift struct parser match
VisualSearchIntent,struct,OpenIntelligence/Services/Agentic/VisualIntelligenceIntents.swift,160-235,AppIntent,High,Yes,code_verified,exact,OpenIntelligence/Services/Agentic/VisualIntelligenceIntents.swift,scan_codebase.py,Swift struct parser match
VisualAnalysisSnippetView,struct,OpenIntelligence/Services/Agentic/VisualIntelligenceIntents.swift,242-276,View,Low,Yes,code_verified,exact,OpenIntelligence/Services/Agentic/VisualIntelligenceIntents.swift,scan_codebase.py,Swift struct parser match
WritingToolsService,class,OpenIntelligence/Services/Agentic/WritingToolsService.swift,30-278,Service,High,Yes,code_verified,exact,OpenIntelligence/Services/Agentic/WritingToolsService.swift,scan_codebase.py,Swift class parser match
WritingToolsService,class,OpenIntelligence/Services/Agentic/WritingToolsService.swift,284-318,Service,High,Yes,code_verified,exact,OpenIntelligence/Services/Agentic/WritingToolsService.swift,scan_codebase.py,Swift class parser match
RewriteTone,enum,OpenIntelligence/Services/Agentic/WritingToolsService.swift,324-329,Unknown,Low,Yes,code_verified,exact,OpenIntelligence/Services/Agentic/WritingToolsService.swift,scan_codebase.py,Swift enum parser match
SummaryStyle,enum,OpenIntelligence/Services/Agentic/WritingToolsService.swift,331-335,Unknown,Low,Yes,code_verified,exact,OpenIntelligence/Services/Agentic/WritingToolsService.swift,scan_codebase.py,Swift enum parser match
WritingToolsError,enum,OpenIntelligence/Services/Agentic/WritingToolsService.swift,337-349,Unknown,Low,Yes,code_verified,exact,OpenIntelligence/Services/Agentic/WritingToolsService.swift,scan_codebase.py,Swift enum parser match
BillingError,struct,OpenIntelligence/Services/Billing/BillingError.swift,4-37,Unknown,Low,Yes,code_verified,exact,OpenIntelligence/Services/Billing/BillingError.swift,scan_codebase.py,Swift struct parser match
Reason,enum,OpenIntelligence/Services/Billing/BillingError.swift,5-11,Unknown,Low,Yes,code_verified,exact,OpenIntelligence/Services/Billing/BillingError.swift,scan_codebase.py,Swift enum parser match
BillingError,extension,OpenIntelligence/Services/Billing/BillingError.swift,41-164,Extension,Low,Yes,code_verified,exact,OpenIntelligence/Services/Billing/BillingError.swift,scan_codebase.py,Swift extension parser match
BillingEvent,enum,OpenIntelligence/Services/Billing/BillingEvent.swift,6-13,Model,Low,Yes,code_verified,exact,OpenIntelligence/Services/Billing/BillingEvent.swift,scan_codebase.py,Swift enum parser match
BillingProduct,enum,OpenIntelligence/Services/Billing/BillingProduct.swift,5-54,Unknown,Low,Yes,code_verified,exact,OpenIntelligence/Services/Billing/BillingProduct.swift,scan_codebase.py,Swift enum parser match
Kind,enum,OpenIntelligence/Services/Billing/BillingProduct.swift,11-15,Unknown,Low,Yes,code_verified,exact,OpenIntelligence/Services/Billing/BillingProduct.swift,scan_codebase.py,Swift enum parser match
BillingService,protocol,OpenIntelligence/Services/Billing/BillingService.swift,6-17,Service,High,Yes,code_verified,exact,OpenIntelligence/Services/Billing/BillingService.swift,scan_codebase.py,Swift protocol parser match
DocumentPackEntry,struct,OpenIntelligence/Services/Billing/EntitlementStore.swift,6-21,Model,Low,Yes,code_verified,exact,OpenIntelligence/Services/Billing/EntitlementStore.swift,scan_codebase.py,Swift struct parser match
LocalModelAccessState,enum,OpenIntelligence/Services/Billing/EntitlementStore.swift,23-26,Model,Low,Yes,code_verified,exact,OpenIntelligence/Services/Billing/EntitlementStore.swift,scan_codebase.py,Swift enum parser match
EntitlementStore,class,OpenIntelligence/Services/Billing/EntitlementStore.swift,30-614,ViewModel,High,Yes,code_verified,exact,OpenIntelligence/Services/Billing/EntitlementStore.swift,scan_codebase.py,Swift class parser match
Keys,enum,OpenIntelligence/Services/Billing/EntitlementStore.swift,100-105,Unknown,Low,Yes,code_verified,exact,OpenIntelligence/Services/Billing/EntitlementStore.swift,scan_codebase.py,Swift enum parser match
DebugKeys,enum,OpenIntelligence/Services/Billing/EntitlementStore.swift,431-435,Unknown,Low,Yes,code_verified,exact,OpenIntelligence/Services/Billing/EntitlementStore.swift,scan_codebase.py,Swift enum parser match
MaximumModeQuotaState,struct,OpenIntelligence/Services/Billing/MaximumModeQuotaStore.swift,3-11,Model,Low,Yes,code_verified,exact,OpenIntelligence/Services/Billing/MaximumModeQuotaStore.swift,scan_codebase.py,Swift struct parser match
MaximumModeQuotaStore,class,OpenIntelligence/Services/Billing/MaximumModeQuotaStore.swift,13-70,ViewModel,High,Yes,code_verified,exact,OpenIntelligence/Services/Billing/MaximumModeQuotaStore.swift,scan_codebase.py,Swift class parser match
Keys,enum,OpenIntelligence/Services/Billing/MaximumModeQuotaStore.swift,17-20,Unknown,Low,Yes,code_verified,exact,OpenIntelligence/Services/Billing/MaximumModeQuotaStore.swift,scan_codebase.py,Swift enum parser match
MaximumModeAccessPolicy,enum,OpenIntelligence/Services/Billing/MonetizationPolicy.swift,3-20,Service,High,Yes,code_verified,exact,OpenIntelligence/Services/Billing/MonetizationPolicy.swift,scan_codebase.py,Swift enum parser match
LegacyProtectionState,enum,OpenIntelligence/Services/Billing/MonetizationPolicy.swift,22-39,Model,Low,Yes,code_verified,exact,OpenIntelligence/Services/Billing/MonetizationPolicy.swift,scan_codebase.py,Swift enum parser match
EntitlementSnapshot,struct,OpenIntelligence/Services/Billing/MonetizationPolicy.swift,41-52,Model,Low,Yes,code_verified,exact,OpenIntelligence/Services/Billing/MonetizationPolicy.swift,scan_codebase.py,Swift struct parser match
MaximumModeExecutionDecision,enum,OpenIntelligence/Services/Billing/MonetizationPolicy.swift,54-58,Model,Low,Yes,code_verified,exact,OpenIntelligence/Services/Billing/MonetizationPolicy.swift,scan_codebase.py,Swift enum parser match
StoreKitTimeoutError,struct,OpenIntelligence/Services/Billing/StoreKitBillingService.swift,5-5,Unknown,Low,Yes,code_verified,exact,OpenIntelligence/Services/Billing/StoreKitBillingService.swift,scan_codebase.py,Swift struct parser match
StoreKitBillingService,class,OpenIntelligence/Services/Billing/StoreKitBillingService.swift,9-415,Service,High,Yes,code_verified,exact,OpenIntelligence/Services/Billing/StoreKitBillingService.swift,scan_codebase.py,Swift class parser match
DocumentSummaryError,enum,OpenIntelligence/Services/Document/Analysis/DocumentSummaryService.swift,22-34,Unknown,Low,Yes,code_verified,exact,OpenIntelligence/Services/Document/Analysis/DocumentSummaryService.swift,scan_codebase.py,Swift enum parser match
DocumentSummaryService,actor,OpenIntelligence/Services/Document/Analysis/DocumentSummaryService.swift,38-404,Service,High,Yes,code_verified,exact,OpenIntelligence/Services/Document/Analysis/DocumentSummaryService.swift,scan_codebase.py,Swift actor parser match
SummaryConfig,struct,OpenIntelligence/Services/Document/Analysis/DocumentSummaryService.swift,48-75,Model,Low,Yes,code_verified,exact,OpenIntelligence/Services/Document/Analysis/DocumentSummaryService.swift,scan_codebase.py,Swift struct parser match
DocumentChunk,extension,OpenIntelligence/Services/Document/Analysis/DocumentSummaryService.swift,408-418,Extension,Low,Yes,code_verified,exact,OpenIntelligence/Services/Document/Analysis/DocumentSummaryService.swift,scan_codebase.py,Swift extension parser match
EntityIndexService,actor,OpenIntelligence/Services/Document/Analysis/EntityIndexService.swift,44-407,Service,High,Yes,code_verified,exact,OpenIntelligence/Services/Document/Analysis/EntityIndexService.swift,scan_codebase.py,Swift actor parser match
EntityIndexSnapshotData,struct,OpenIntelligence/Services/Document/Analysis/EntityIndexService.swift,412-417,Model,Low,Yes,code_verified,exact,OpenIntelligence/Services/Document/Analysis/EntityIndexService.swift,scan_codebase.py,Swift struct parser match
EntityIndexSnapshotData,extension,OpenIntelligence/Services/Document/Analysis/EntityIndexService.swift,419-439,Extension,Low,Yes,code_verified,exact,OpenIntelligence/Services/Document/Analysis/EntityIndexService.swift,scan_codebase.py,Swift extension parser match
CodingKeys,enum,OpenIntelligence/Services/Document/Analysis/EntityIndexService.swift,436-438,Unknown,Low,Yes,code_verified,exact,OpenIntelligence/Services/Document/Analysis/EntityIndexService.swift,scan_codebase.py,Swift enum parser match
EntityIndexStatistics,struct,OpenIntelligence/Services/Document/Analysis/EntityIndexService.swift,442-448,Unknown,Low,Yes,code_verified,exact,OpenIntelligence/Services/Document/Analysis/EntityIndexService.swift,scan_codebase.py,Swift struct parser match
SpatialTextElement,struct,OpenIntelligence/Services/Document/Analysis/SpatialDocumentAnalyzer.swift,27-50,Model,Low,Yes,code_verified,exact,OpenIntelligence/Services/Document/Analysis/SpatialDocumentAnalyzer.swift,scan_codebase.py,Swift struct parser match
FontSizeCategory,enum,OpenIntelligence/Services/Document/Analysis/SpatialDocumentAnalyzer.swift,43-49,Model,Low,Yes,code_verified,exact,OpenIntelligence/Services/Document/Analysis/SpatialDocumentAnalyzer.swift,scan_codebase.py,Swift enum parser match
DocumentHierarchyElement,struct,OpenIntelligence/Services/Document/Analysis/SpatialDocumentAnalyzer.swift,53-284,Model,Low,Yes,code_verified,exact,OpenIntelligence/Services/Document/Analysis/SpatialDocumentAnalyzer.swift,scan_codebase.py,Swift struct parser match
SpecificationBlock,struct,OpenIntelligence/Services/Document/Analysis/SpecificationDetector.swift,23-32,Model,Low,Yes,code_verified,exact,OpenIntelligence/Services/Document/Analysis/SpecificationDetector.swift,scan_codebase.py,Swift struct parser match
SpecificationDetector,enum,OpenIntelligence/Services/Document/Analysis/SpecificationDetector.swift,37-272,Model,Low,Yes,code_verified,exact,OpenIntelligence/Services/Document/Analysis/SpecificationDetector.swift,scan_codebase.py,Swift enum parser match
SpeechAnalysisResult,struct,OpenIntelligence/Services/Document/Analysis/SpeechAnalyzerService.swift,22-34,Model,Low,Yes,code_verified,exact,OpenIntelligence/Services/Document/Analysis/SpeechAnalyzerService.swift,scan_codebase.py,Swift struct parser match
AnalyzedUtterance,struct,OpenIntelligence/Services/Document/Analysis/SpeechAnalyzerService.swift,37-43,Model,Low,Yes,code_verified,exact,OpenIntelligence/Services/Document/Analysis/SpeechAnalyzerService.swift,scan_codebase.py,Swift struct parser match
SpeechAnalysisError,enum,OpenIntelligence/Services/Document/Analysis/SpeechAnalyzerService.swift,46-64,Unknown,Low,Yes,code_verified,exact,OpenIntelligence/Services/Document/Analysis/SpeechAnalyzerService.swift,scan_codebase.py,Swift enum parser match
SpeechAnalyzerService,class,OpenIntelligence/Services/Document/Analysis/SpeechAnalyzerService.swift,69-266,ViewModel,High,Yes,code_verified,exact,OpenIntelligence/Services/Document/Analysis/SpeechAnalyzerService.swift,scan_codebase.py,Swift class parser match
SpeechAnalyzerService,extension,OpenIntelligence/Services/Document/Analysis/SpeechAnalyzerService.swift,270-308,Service,Medium,Yes,code_verified,exact,OpenIntelligence/Services/Document/Analysis/SpeechAnalyzerService.swift,scan_codebase.py,Swift extension parser match
ContentTaggingError,enum,OpenIntelligence/Services/Document/Chunking/ContentTaggingService.swift,19-28,Unknown,Low,Yes,code_verified,exact,OpenIntelligence/Services/Document/Chunking/ContentTaggingService.swift,scan_codebase.py,Swift enum parser match
ContentTags,struct,OpenIntelligence/Services/Document/Chunking/ContentTaggingService.swift,34-77,Model,Low,Yes,code_verified,exact,OpenIntelligence/Services/Document/Chunking/ContentTaggingService.swift,scan_codebase.py,Swift struct parser match
ContentTaggingService,class,OpenIntelligence/Services/Document/Chunking/ContentTaggingService.swift,83-348,Service,High,Yes,code_verified,exact,OpenIntelligence/Services/Document/Chunking/ContentTaggingService.swift,scan_codebase.py,Swift class parser match
ContentTags,struct,OpenIntelligence/Services/Document/Chunking/ContentTaggingService.swift,355-364,Model,Low,Yes,code_verified,exact,OpenIntelligence/Services/Document/Chunking/ContentTaggingService.swift,scan_codebase.py,Swift struct parser match
ContentTaggingService,class,OpenIntelligence/Services/Document/Chunking/ContentTaggingService.swift,368-379,Service,High,Yes,code_verified,exact,OpenIntelligence/Services/Document/Chunking/ContentTaggingService.swift,scan_codebase.py,Swift class parser match
PageComplexity,enum,OpenIntelligence/Services/Document/Chunking/PageComplexityAnalyzer.swift,53-99,Model,Low,Yes,code_verified,exact,OpenIntelligence/Services/Document/Chunking/PageComplexityAnalyzer.swift,scan_codebase.py,Swift enum parser match
PageComplexityAnalysis,struct,OpenIntelligence/Services/Document/Chunking/PageComplexityAnalyzer.swift,102-154,Model,Low,Yes,code_verified,exact,OpenIntelligence/Services/Document/Chunking/PageComplexityAnalyzer.swift,scan_codebase.py,Swift struct parser match
PageComplexityAnalyzer,class,OpenIntelligence/Services/Document/Chunking/PageComplexityAnalyzer.swift,160-872,Unknown,Medium,Yes,code_verified,exact,OpenIntelligence/Services/Document/Chunking/PageComplexityAnalyzer.swift,scan_codebase.py,Swift class parser match
Character,extension,OpenIntelligence/Services/Document/Chunking/PageComplexityAnalyzer.swift,876-881,Extension,Low,Yes,code_verified,exact,OpenIntelligence/Services/Document/Chunking/PageComplexityAnalyzer.swift,scan_codebase.py,Swift extension parser match
SemanticChunker,class,OpenIntelligence/Services/Document/Chunking/SemanticChunker.swift,34-1036,Service,High,Yes,code_verified,exact,OpenIntelligence/Services/Document/Chunking/SemanticChunker.swift,scan_codebase.py,Swift class parser match
ChunkingDiagnostics,struct,OpenIntelligence/Services/Document/Chunking/SemanticChunker.swift,38-49,Unknown,Low,Yes,code_verified,exact,OpenIntelligence/Services/Document/Chunking/SemanticChunker.swift,scan_codebase.py,Swift struct parser match
ChunkingConfig,struct,OpenIntelligence/Services/Document/Chunking/SemanticChunker.swift,127-247,Model,Low,Yes,code_verified,exact,OpenIntelligence/Services/Document/Chunking/SemanticChunker.swift,scan_codebase.py,Swift struct parser match
EnhancedChunk,struct,OpenIntelligence/Services/Document/Chunking/SemanticChunker.swift,249-286,Unknown,Low,Yes,code_verified,exact,OpenIntelligence/Services/Document/Chunking/SemanticChunker.swift,scan_codebase.py,Swift struct parser match
ChunkMetadata,struct,OpenIntelligence/Services/Document/Chunking/SemanticChunker.swift,256-285,Unknown,Low,Yes,code_verified,exact,OpenIntelligence/Services/Document/Chunking/SemanticChunker.swift,scan_codebase.py,Swift struct parser match
DetectedSection,struct,OpenIntelligence/Services/Document/Chunking/SemanticChunker.swift,724-728,Unknown,Low,Yes,code_verified,exact,OpenIntelligence/Services/Document/Chunking/SemanticChunker.swift,scan_codebase.py,Swift struct parser match
TableBlock,struct,OpenIntelligence/Services/Document/Chunking/SemanticChunker.swift,735-738,Unknown,Low,Yes,code_verified,exact,OpenIntelligence/Services/Document/Chunking/SemanticChunker.swift,scan_codebase.py,Swift struct parser match
DocumentContentType,enum,OpenIntelligence/Services/Document/Classification/CoreMLDocumentClassifier.swift,20-116,Model,Low,Yes,code_verified,exact,OpenIntelligence/Services/Document/Classification/CoreMLDocumentClassifier.swift,scan_codebase.py,Swift enum parser match
ProcessingHints,struct,OpenIntelligence/Services/Document/Classification/CoreMLDocumentClassifier.swift,119-135,Model,Low,Yes,code_verified,exact,OpenIntelligence/Services/Document/Classification/CoreMLDocumentClassifier.swift,scan_codebase.py,Swift struct parser match
OCRAccuracy,enum,OpenIntelligence/Services/Document/Classification/CoreMLDocumentClassifier.swift,120-123,Model,Low,Yes,code_verified,exact,OpenIntelligence/Services/Document/Classification/CoreMLDocumentClassifier.swift,scan_codebase.py,Swift enum parser match
ChunkingPreset,enum,OpenIntelligence/Services/Document/Classification/CoreMLDocumentClassifier.swift,125-129,Model,Low,Yes,code_verified,exact,OpenIntelligence/Services/Document/Classification/CoreMLDocumentClassifier.swift,scan_codebase.py,Swift enum parser match
DocumentClassificationResult,struct,OpenIntelligence/Services/Document/Classification/CoreMLDocumentClassifier.swift,138-146,Model,Low,Yes,code_verified,exact,OpenIntelligence/Services/Document/Classification/CoreMLDocumentClassifier.swift,scan_codebase.py,Swift struct parser match
CoreMLDocumentClassifier,actor,OpenIntelligence/Services/Document/Classification/CoreMLDocumentClassifier.swift,152-446,Unknown,Medium,Yes,code_verified,exact,OpenIntelligence/Services/Document/Classification/CoreMLDocumentClassifier.swift,scan_codebase.py,Swift actor parser match
ClassifierError,enum,OpenIntelligence/Services/Document/Classification/CoreMLDocumentClassifier.swift,442-445,Unknown,Low,Yes,code_verified,exact,OpenIntelligence/Services/Document/Classification/CoreMLDocumentClassifier.swift,scan_codebase.py,Swift enum parser match
DocumentRegionType,enum,OpenIntelligence/Services/Document/Classification/CoreMLRegionDetector.swift,21-58,Model,Low,Yes,code_verified,exact,OpenIntelligence/Services/Document/Classification/CoreMLRegionDetector.swift,scan_codebase.py,Swift enum parser match
DocumentDetectedRegion,struct,OpenIntelligence/Services/Document/Classification/CoreMLRegionDetector.swift,61-84,Model,Low,Yes,code_verified,exact,OpenIntelligence/Services/Document/Classification/CoreMLRegionDetector.swift,scan_codebase.py,Swift struct parser match
RegionDetectionResult,struct,OpenIntelligence/Services/Document/Classification/CoreMLRegionDetector.swift,87-120,Model,Low,Yes,code_verified,exact,OpenIntelligence/Services/Document/Classification/CoreMLRegionDetector.swift,scan_codebase.py,Swift struct parser match
CoreMLRegionDetector,actor,OpenIntelligence/Services/Document/Classification/CoreMLRegionDetector.swift,127-602,Unknown,Medium,Yes,code_verified,exact,OpenIntelligence/Services/Document/Classification/CoreMLRegionDetector.swift,scan_codebase.py,Swift actor parser match
DetectorError,enum,OpenIntelligence/Services/Document/Classification/CoreMLRegionDetector.swift,598-601,Unknown,Low,Yes,code_verified,exact,OpenIntelligence/Services/Document/Classification/CoreMLRegionDetector.swift,scan_codebase.py,Swift enum parser match
AnalyzedImage,struct,OpenIntelligence/Services/Document/Classification/ImageUnderstandingService.swift,27-38,Model,Low,Yes,code_verified,exact,OpenIntelligence/Services/Document/Classification/ImageUnderstandingService.swift,scan_codebase.py,Swift struct parser match
ImageClassification,struct,OpenIntelligence/Services/Document/Classification/ImageUnderstandingService.swift,41-44,Model,Low,Yes,code_verified,exact,OpenIntelligence/Services/Document/Classification/ImageUnderstandingService.swift,scan_codebase.py,Swift struct parser match
ImageContentType,enum,OpenIntelligence/Services/Document/Classification/ImageUnderstandingService.swift,47-82,Model,Low,Yes,code_verified,exact,OpenIntelligence/Services/Document/Classification/ImageUnderstandingService.swift,scan_codebase.py,Swift enum parser match
VisualContentMetadata,struct,OpenIntelligence/Services/Document/Classification/ImageUnderstandingService.swift,85-103,Model,Low,Yes,code_verified,exact,OpenIntelligence/Services/Document/Classification/ImageUnderstandingService.swift,scan_codebase.py,Swift struct parser match
ColumnLayout,enum,OpenIntelligence/Services/Document/Classification/ImageUnderstandingService.swift,105-110,Model,Low,Yes,code_verified,exact,OpenIntelligence/Services/Document/Classification/ImageUnderstandingService.swift,scan_codebase.py,Swift enum parser match
ImageUnderstandingService,class,OpenIntelligence/Services/Document/Classification/ImageUnderstandingService.swift,116-981,Service,High,Yes,code_verified,exact,OpenIntelligence/Services/Document/Classification/ImageUnderstandingService.swift,scan_codebase.py,Swift class parser match
StandaloneImageAnalysis,struct,OpenIntelligence/Services/Document/Classification/ImageUnderstandingService.swift,986-1003,Model,Low,Yes,code_verified,exact,OpenIntelligence/Services/Document/Classification/ImageUnderstandingService.swift,scan_codebase.py,Swift struct parser match
EnhancedImageAnalysis,struct,OpenIntelligence/Services/Document/Classification/ImageUnderstandingService.swift,1008-1022,Unknown,Low,Yes,code_verified,exact,OpenIntelligence/Services/Document/Classification/ImageUnderstandingService.swift,scan_codebase.py,Swift struct parser match
ImageDescriptionService,class,OpenIntelligence/Services/Document/Classification/ImageUnderstandingService.swift,1029-1105,Service,High,Yes,code_verified,exact,OpenIntelligence/Services/Document/Classification/ImageUnderstandingService.swift,scan_codebase.py,Swift class parser match
DetectedObject,struct,OpenIntelligence/Services/Document/Classification/YOLODetectionService.swift,20-30,Model,Low,Yes,code_verified,exact,OpenIntelligence/Services/Document/Classification/YOLODetectionService.swift,scan_codebase.py,Swift struct parser match
YOLODetectionService,actor,OpenIntelligence/Services/Document/Classification/YOLODetectionService.swift,36-255,Service,High,Yes,code_verified,exact,OpenIntelligence/Services/Document/Classification/YOLODetectionService.swift,scan_codebase.py,Swift actor parser match
YOLODetectionService,extension,OpenIntelligence/Services/Document/Classification/YOLODetectionService.swift,259-308,Service,Medium,Yes,code_verified,exact,OpenIntelligence/Services/Document/Classification/YOLODetectionService.swift,scan_codebase.py,Swift extension parser match
OCRConfiguration,enum,OpenIntelligence/Services/Document/Config/OCRConfiguration.swift,42-1040,Unknown,Low,Yes,code_verified,exact,OpenIntelligence/Services/Document/Config/OCRConfiguration.swift,scan_codebase.py,Swift enum parser match
TextNormalizationProfile,enum,OpenIntelligence/Services/Document/Config/OCRConfiguration.swift,44-47,Unknown,Low,Yes,code_verified,exact,OpenIntelligence/Services/Document/Config/OCRConfiguration.swift,scan_codebase.py,Swift enum parser match
AdaptivePreprocessor,enum,OpenIntelligence/Services/Document/Config/OCRConfiguration.swift,1056-1225,Unknown,Low,Yes,code_verified,exact,OpenIntelligence/Services/Document/Config/OCRConfiguration.swift,scan_codebase.py,Swift enum parser match
Strategy,struct,OpenIntelligence/Services/Document/Config/OCRConfiguration.swift,1059-1070,Model,Low,Yes,code_verified,exact,OpenIntelligence/Services/Document/Config/OCRConfiguration.swift,scan_codebase.py,Swift struct parser match
ConfidenceVerifier,enum,OpenIntelligence/Services/Document/Config/OCRConfiguration.swift,1240-1396,Unknown,Low,Yes,code_verified,exact,OpenIntelligence/Services/Document/Config/OCRConfiguration.swift,scan_codebase.py,Swift enum parser match
ObservationAnalysis,struct,OpenIntelligence/Services/Document/Config/OCRConfiguration.swift,1243-1256,Model,Low,Yes,code_verified,exact,OpenIntelligence/Services/Document/Config/OCRConfiguration.swift,scan_codebase.py,Swift struct parser match
UncertainNumber,struct,OpenIntelligence/Services/Document/Config/OCRConfiguration.swift,1259-1263,Model,Low,Yes,code_verified,exact,OpenIntelligence/Services/Document/Config/OCRConfiguration.swift,scan_codebase.py,Swift struct parser match
AsyncVisionSemaphore,actor,OpenIntelligence/Services/Document/Config/VisionOCRThrottle.swift,118-155,Unknown,Medium,Yes,code_verified,exact,OpenIntelligence/Services/Document/Config/VisionOCRThrottle.swift,scan_codebase.py,Swift actor parser match
VisionOCRThrottle,enum,OpenIntelligence/Services/Document/Config/VisionOCRThrottle.swift,178-308,Unknown,Low,Yes,code_verified,exact,OpenIntelligence/Services/Document/Config/VisionOCRThrottle.swift,scan_codebase.py,Swift enum parser match
TranscriptionResult,struct,OpenIntelligence/Services/Document/Extraction/AudioTranscriptionService.swift,16-30,Model,Low,Yes,code_verified,exact,OpenIntelligence/Services/Document/Extraction/AudioTranscriptionService.swift,scan_codebase.py,Swift struct parser match
TranscriptionSegment,struct,OpenIntelligence/Services/Document/Extraction/AudioTranscriptionService.swift,33-38,Model,Low,Yes,code_verified,exact,OpenIntelligence/Services/Document/Extraction/AudioTranscriptionService.swift,scan_codebase.py,Swift struct parser match
TranscriptionError,enum,OpenIntelligence/Services/Document/Extraction/AudioTranscriptionService.swift,41-65,Unknown,Low,Yes,code_verified,exact,OpenIntelligence/Services/Document/Extraction/AudioTranscriptionService.swift,scan_codebase.py,Swift enum parser match
AudioTranscriptionService,class,OpenIntelligence/Services/Document/Extraction/AudioTranscriptionService.swift,69-403,ViewModel,High,Yes,code_verified,exact,OpenIntelligence/Services/Document/Extraction/AudioTranscriptionService.swift,scan_codebase.py,Swift class parser match
AudioTranscriptionService,extension,OpenIntelligence/Services/Document/Extraction/AudioTranscriptionService.swift,407-431,Service,Medium,Yes,code_verified,exact,OpenIntelligence/Services/Document/Extraction/AudioTranscriptionService.swift,scan_codebase.py,Swift extension parser match
GazetteerEntity,struct,OpenIntelligence/Services/Document/Extraction/GazetteerService.swift,14-18,Model,Low,Yes,code_verified,exact,OpenIntelligence/Services/Document/Extraction/GazetteerService.swift,scan_codebase.py,Swift struct parser match
GazetteerService,actor,OpenIntelligence/Services/Document/Extraction/GazetteerService.swift,22-285,Service,High,Yes,code_verified,exact,OpenIntelligence/Services/Document/Extraction/GazetteerService.swift,scan_codebase.py,Swift actor parser match
DetectedLanguage,struct,OpenIntelligence/Services/Document/Extraction/LanguageDetectionService.swift,13-35,Model,Low,Yes,code_verified,exact,OpenIntelligence/Services/Document/Extraction/LanguageDetectionService.swift,scan_codebase.py,Swift struct parser match
DocumentLanguageProfile,struct,OpenIntelligence/Services/Document/Extraction/LanguageDetectionService.swift,38-50,Model,Low,Yes,code_verified,exact,OpenIntelligence/Services/Document/Extraction/LanguageDetectionService.swift,scan_codebase.py,Swift struct parser match
LanguageDetectionService,class,OpenIntelligence/Services/Document/Extraction/LanguageDetectionService.swift,54-243,Service,High,Yes,code_verified,exact,OpenIntelligence/Services/Document/Extraction/LanguageDetectionService.swift,scan_codebase.py,Swift class parser match
TranslationResult,struct,OpenIntelligence/Services/Document/Extraction/TranslationService.swift,16-22,Model,Low,Yes,code_verified,exact,OpenIntelligence/Services/Document/Extraction/TranslationService.swift,scan_codebase.py,Swift struct parser match
TranslationConfig,struct,OpenIntelligence/Services/Document/Extraction/TranslationService.swift,25-35,Model,Low,Yes,code_verified,exact,OpenIntelligence/Services/Document/Extraction/TranslationService.swift,scan_codebase.py,Swift struct parser match
TranslationService,class,OpenIntelligence/Services/Document/Extraction/TranslationService.swift,40-287,ViewModel,High,Yes,code_verified,exact,OpenIntelligence/Services/Document/Extraction/TranslationService.swift,scan_codebase.py,Swift class parser match
DocumentProcessor,extension,OpenIntelligence/Services/Document/Processing/DocumentProcessor+DocumentIngestionEngine.swift,3-34,Service,High,Yes,code_verified,exact,OpenIntelligence/Services/Document/Processing/DocumentProcessor+DocumentIngestionEngine.swift,scan_codebase.py,Swift extension parser match
DocumentProcessor,class,OpenIntelligence/Services/Document/Processing/DocumentProcessor.swift,25-9036,Service,High,Yes,code_verified,exact,OpenIntelligence/Services/Document/Processing/DocumentProcessor.swift,scan_codebase.py,Swift class parser match
ProcessedChunk,struct,OpenIntelligence/Services/Document/Processing/DocumentProcessor.swift,26-46,Model,Low,Yes,code_verified,exact,OpenIntelligence/Services/Document/Processing/DocumentProcessor.swift,scan_codebase.py,Swift struct parser match
StructuredTablePayload,struct,OpenIntelligence/Services/Document/Processing/DocumentProcessor.swift,48-94,Model,Low,Yes,code_verified,exact,OpenIntelligence/Services/Document/Processing/DocumentProcessor.swift,scan_codebase.py,Swift struct parser match
ChunkingOverride,struct,OpenIntelligence/Services/Document/Processing/DocumentProcessor.swift,296-300,Model,Low,Yes,code_verified,exact,OpenIntelligence/Services/Document/Processing/DocumentProcessor.swift,scan_codebase.py,Swift struct parser match
StructuredExtractionResult,struct,OpenIntelligence/Services/Document/Processing/DocumentProcessor.swift,305-310,Unknown,Low,Yes,code_verified,exact,OpenIntelligence/Services/Document/Processing/DocumentProcessor.swift,scan_codebase.py,Swift struct parser match
StructuredElementWrapper,struct,OpenIntelligence/Services/Document/Processing/DocumentProcessor.swift,314-349,Model,Low,Yes,code_verified,exact,OpenIntelligence/Services/Document/Processing/DocumentProcessor.swift,scan_codebase.py,Swift struct parser match
RegionCropRescuePayload,struct,OpenIntelligence/Services/Document/Processing/DocumentProcessor.swift,351-371,Model,Low,Yes,code_verified,exact,OpenIntelligence/Services/Document/Processing/DocumentProcessor.swift,scan_codebase.py,Swift struct parser match
ExtractionProgress,struct,OpenIntelligence/Services/Document/Processing/DocumentProcessor.swift,376-390,Model,Low,Yes,code_verified,exact,OpenIntelligence/Services/Document/Processing/DocumentProcessor.swift,scan_codebase.py,Swift struct parser match
PageInfo,struct,OpenIntelligence/Services/Document/Processing/DocumentProcessor.swift,1030-1042,Model,Low,Yes,code_verified,exact,OpenIntelligence/Services/Document/Processing/DocumentProcessor.swift,scan_codebase.py,Swift struct parser match
PageExtractionResult,struct,OpenIntelligence/Services/Document/Processing/DocumentProcessor.swift,3297-3304,Model,Low,Yes,code_verified,exact,OpenIntelligence/Services/Document/Processing/DocumentProcessor.swift,scan_codebase.py,Swift struct parser match
PageData,struct,OpenIntelligence/Services/Document/Processing/DocumentProcessor.swift,3309-3319,Model,Low,Yes,code_verified,exact,OpenIntelligence/Services/Document/Processing/DocumentProcessor.swift,scan_codebase.py,Swift struct parser match
PageRenderData,struct,OpenIntelligence/Services/Document/Processing/DocumentProcessor.swift,3923-3930,Model,Low,Yes,code_verified,exact,OpenIntelligence/Services/Document/Processing/DocumentProcessor.swift,scan_codebase.py,Swift struct parser match
PageParseResult,struct,OpenIntelligence/Services/Document/Processing/DocumentProcessor.swift,3933-3943,Model,Low,Yes,code_verified,exact,OpenIntelligence/Services/Document/Processing/DocumentProcessor.swift,scan_codebase.py,Swift struct parser match
SpatialLine,struct,OpenIntelligence/Services/Document/Processing/DocumentProcessor.swift,7487-7492,Unknown,Low,Yes,code_verified,exact,OpenIntelligence/Services/Document/Processing/DocumentProcessor.swift,scan_codebase.py,Swift struct parser match
OCRReadingBlock,struct,OpenIntelligence/Services/Document/Processing/DocumentProcessor.swift,7636-7640,Unknown,Low,Yes,code_verified,exact,OpenIntelligence/Services/Document/Processing/DocumentProcessor.swift,scan_codebase.py,Swift struct parser match
DetectedTable,struct,OpenIntelligence/Services/Document/Processing/DocumentProcessor.swift,7901-7926,Model,Low,Yes,code_verified,exact,OpenIntelligence/Services/Document/Processing/DocumentProcessor.swift,scan_codebase.py,Swift struct parser match
DocumentProcessingError,enum,OpenIntelligence/Services/Document/Processing/DocumentProcessor.swift,9040-9097,Unknown,Low,Yes,code_verified,exact,OpenIntelligence/Services/Document/Processing/DocumentProcessor.swift,scan_codebase.py,Swift enum parser match
ZIPArchive,class,OpenIntelligence/Services/Document/Processing/DocumentProcessor.swift,9103-9277,Unknown,Medium,Yes,code_verified,exact,OpenIntelligence/Services/Document/Processing/DocumentProcessor.swift,scan_codebase.py,Swift class parser match
CentralDirectoryEntry,struct,OpenIntelligence/Services/Document/Processing/DocumentProcessor.swift,9108-9113,Unknown,Low,Yes,code_verified,exact,OpenIntelligence/Services/Document/Processing/DocumentProcessor.swift,scan_codebase.py,Swift struct parser match
IntelligentProcessingResult,struct,OpenIntelligence/Services/Document/Processing/IntelligentDocumentProcessor.swift,25-30,Model,Low,Yes,code_verified,exact,OpenIntelligence/Services/Document/Processing/IntelligentDocumentProcessor.swift,scan_codebase.py,Swift struct parser match
StructuredDocumentContent,struct,OpenIntelligence/Services/Document/Processing/IntelligentDocumentProcessor.swift,33-39,Model,Low,Yes,code_verified,exact,OpenIntelligence/Services/Document/Processing/IntelligentDocumentProcessor.swift,scan_codebase.py,Swift struct parser match
ExtractedTextBlock,struct,OpenIntelligence/Services/Document/Processing/IntelligentDocumentProcessor.swift,41-49,Model,Low,Yes,code_verified,exact,OpenIntelligence/Services/Document/Processing/IntelligentDocumentProcessor.swift,scan_codebase.py,Swift struct parser match
ExtractedTable,struct,OpenIntelligence/Services/Document/Processing/IntelligentDocumentProcessor.swift,51-58,Model,Low,Yes,code_verified,exact,OpenIntelligence/Services/Document/Processing/IntelligentDocumentProcessor.swift,scan_codebase.py,Swift struct parser match
ExtractedFigure,struct,OpenIntelligence/Services/Document/Processing/IntelligentDocumentProcessor.swift,60-67,Model,Low,Yes,code_verified,exact,OpenIntelligence/Services/Document/Processing/IntelligentDocumentProcessor.swift,scan_codebase.py,Swift struct parser match
ExtractedList,struct,OpenIntelligence/Services/Document/Processing/IntelligentDocumentProcessor.swift,69-75,Model,Low,Yes,code_verified,exact,OpenIntelligence/Services/Document/Processing/IntelligentDocumentProcessor.swift,scan_codebase.py,Swift struct parser match
DocumentStructureMetadata,struct,OpenIntelligence/Services/Document/Processing/IntelligentDocumentProcessor.swift,77-86,Model,Low,Yes,code_verified,exact,OpenIntelligence/Services/Document/Processing/IntelligentDocumentProcessor.swift,scan_codebase.py,Swift struct parser match
IntelligentProcessingMetrics,struct,OpenIntelligence/Services/Document/Processing/IntelligentDocumentProcessor.swift,88-95,Model,Low,Yes,code_verified,exact,OpenIntelligence/Services/Document/Processing/IntelligentDocumentProcessor.swift,scan_codebase.py,Swift struct parser match
RegionRescueResult,struct,OpenIntelligence/Services/Document/Processing/IntelligentDocumentProcessor.swift,97-105,Model,Low,Yes,code_verified,exact,OpenIntelligence/Services/Document/Processing/IntelligentDocumentProcessor.swift,scan_codebase.py,Swift struct parser match
IntelligentDocumentProcessor,actor,OpenIntelligence/Services/Document/Processing/IntelligentDocumentProcessor.swift,111-1056,Unknown,Medium,Yes,code_verified,exact,OpenIntelligence/Services/Document/Processing/IntelligentDocumentProcessor.swift,scan_codebase.py,Swift actor parser match
ProcessingOptions,struct,OpenIntelligence/Services/Document/Processing/IntelligentDocumentProcessor.swift,1025-1055,Model,Low,Yes,code_verified,exact,OpenIntelligence/Services/Document/Processing/IntelligentDocumentProcessor.swift,scan_codebase.py,Swift struct parser match
IntelligentProcessingResult,extension,OpenIntelligence/Services/Document/Processing/IntelligentDocumentProcessor.swift,1060-1094,Extension,Low,Yes,code_verified,exact,OpenIntelligence/Services/Document/Processing/IntelligentDocumentProcessor.swift,scan_codebase.py,Swift extension parser match
TextBlock,struct,OpenIntelligence/Services/Document/Processing/LayoutAwareExtractor.swift,21-39,Model,Low,Yes,code_verified,exact,OpenIntelligence/Services/Document/Processing/LayoutAwareExtractor.swift,scan_codebase.py,Swift struct parser match
DetectedColumn,struct,OpenIntelligence/Services/Document/Processing/LayoutAwareExtractor.swift,44-53,Model,Low,Yes,code_verified,exact,OpenIntelligence/Services/Document/Processing/LayoutAwareExtractor.swift,scan_codebase.py,Swift struct parser match
LayoutAnalysisResult,struct,OpenIntelligence/Services/Document/Processing/LayoutAwareExtractor.swift,57-69,Model,Low,Yes,code_verified,exact,OpenIntelligence/Services/Document/Processing/LayoutAwareExtractor.swift,scan_codebase.py,Swift struct parser match
TableRegion,struct,OpenIntelligence/Services/Document/Processing/LayoutAwareExtractor.swift,72-79,Model,Low,Yes,code_verified,exact,OpenIntelligence/Services/Document/Processing/LayoutAwareExtractor.swift,scan_codebase.py,Swift struct parser match
LayoutAwareExtractor,actor,OpenIntelligence/Services/Document/Processing/LayoutAwareExtractor.swift,84-775,Service,High,Yes,code_verified,exact,OpenIntelligence/Services/Document/Processing/LayoutAwareExtractor.swift,scan_codebase.py,Swift actor parser match
ReadingElement,struct,OpenIntelligence/Services/Document/Processing/LayoutAwareExtractor.swift,105-109,Model,Low,Yes,code_verified,exact,OpenIntelligence/Services/Document/Processing/LayoutAwareExtractor.swift,scan_codebase.py,Swift struct parser match
LayoutAwareExtractor,extension,OpenIntelligence/Services/Document/Processing/LayoutAwareExtractor.swift,779-815,Service,High,Yes,code_verified,exact,OpenIntelligence/Services/Document/Processing/LayoutAwareExtractor.swift,scan_codebase.py,Swift extension parser match
StreamingXMLProcessor,class,OpenIntelligence/Services/Document/Processing/StreamingXMLProcessor.swift,24-779,Unknown,Medium,Yes,code_verified,exact,OpenIntelligence/Services/Document/Processing/StreamingXMLProcessor.swift,scan_codebase.py,Swift class parser match
StreamingXMLChunk,struct,OpenIntelligence/Services/Document/Processing/StreamingXMLProcessor.swift,65-69,Unknown,Low,Yes,code_verified,exact,OpenIntelligence/Services/Document/Processing/StreamingXMLProcessor.swift,scan_codebase.py,Swift struct parser match
HealthRecordAggregate,struct,OpenIntelligence/Services/Document/Processing/StreamingXMLProcessor.swift,152-254,Unknown,Low,Yes,code_verified,exact,OpenIntelligence/Services/Document/Processing/StreamingXMLProcessor.swift,scan_codebase.py,Swift struct parser match
YearlyAggregate,struct,OpenIntelligence/Services/Document/Processing/StreamingXMLProcessor.swift,169-174,Unknown,Low,Yes,code_verified,exact,OpenIntelligence/Services/Document/Processing/StreamingXMLProcessor.swift,scan_codebase.py,Swift struct parser match
WorkoutAggregate,struct,OpenIntelligence/Services/Document/Processing/StreamingXMLProcessor.swift,256-310,Unknown,Low,Yes,code_verified,exact,OpenIntelligence/Services/Document/Processing/StreamingXMLProcessor.swift,scan_codebase.py,Swift struct parser match
YearlyWorkout,struct,OpenIntelligence/Services/Document/Processing/StreamingXMLProcessor.swift,268-273,Unknown,Low,Yes,code_verified,exact,OpenIntelligence/Services/Document/Processing/StreamingXMLProcessor.swift,scan_codebase.py,Swift struct parser match
StructuredElement,enum,OpenIntelligence/Services/Document/Processing/StructuredDocumentParser.swift,42-83,Model,Low,Yes,code_verified,exact,OpenIntelligence/Services/Document/Processing/StructuredDocumentParser.swift,scan_codebase.py,Swift enum parser match
DetectedEntity,struct,OpenIntelligence/Services/Document/Processing/StructuredDocumentParser.swift,87-116,Model,Low,Yes,code_verified,exact,OpenIntelligence/Services/Document/Processing/StructuredDocumentParser.swift,scan_codebase.py,Swift struct parser match
EntityType,enum,OpenIntelligence/Services/Document/Processing/StructuredDocumentParser.swift,88-97,Model,Low,Yes,code_verified,exact,OpenIntelligence/Services/Document/Processing/StructuredDocumentParser.swift,scan_codebase.py,Swift enum parser match
TableCellAlignment,enum,OpenIntelligence/Services/Document/Processing/StructuredDocumentParser.swift,119-124,Model,Low,Yes,code_verified,exact,OpenIntelligence/Services/Document/Processing/StructuredDocumentParser.swift,scan_codebase.py,Swift enum parser match
TableData,struct,OpenIntelligence/Services/Document/Processing/StructuredDocumentParser.swift,127-478,Model,Low,Yes,code_verified,exact,OpenIntelligence/Services/Document/Processing/StructuredDocumentParser.swift,scan_codebase.py,Swift struct parser match
StructuredPageContent,struct,OpenIntelligence/Services/Document/Processing/StructuredDocumentParser.swift,481-505,Model,Low,Yes,code_verified,exact,OpenIntelligence/Services/Document/Processing/StructuredDocumentParser.swift,scan_codebase.py,Swift struct parser match
StructuredDocumentParser,actor,OpenIntelligence/Services/Document/Processing/StructuredDocumentParser.swift,509-1706,Unknown,Medium,Yes,code_verified,exact,OpenIntelligence/Services/Document/Processing/StructuredDocumentParser.swift,scan_codebase.py,Swift actor parser match
OCRFallbackReadingBlock,struct,OpenIntelligence/Services/Document/Processing/StructuredDocumentParser.swift,513-517,Model,Low,Yes,code_verified,exact,OpenIntelligence/Services/Document/Processing/StructuredDocumentParser.swift,scan_codebase.py,Swift struct parser match
StructuredDocumentSnapshot,struct,OpenIntelligence/Services/Document/Processing/StructuredDocumentParser.swift,519-526,Model,Low,Yes,code_verified,exact,OpenIntelligence/Services/Document/Processing/StructuredDocumentParser.swift,scan_codebase.py,Swift struct parser match
CellContentType,enum,OpenIntelligence/Services/Document/Processing/StructuredDocumentParser.swift,1160-1165,Unknown,Low,Yes,code_verified,exact,OpenIntelligence/Services/Document/Processing/StructuredDocumentParser.swift,scan_codebase.py,Swift enum parser match
StructuredParsingError,enum,OpenIntelligence/Services/Document/Processing/StructuredDocumentParser.swift,1710-1725,Unknown,Low,Yes,code_verified,exact,OpenIntelligence/Services/Document/Processing/StructuredDocumentParser.swift,scan_codebase.py,Swift enum parser match
ChunkMetadata,extension,OpenIntelligence/Services/Document/Processing/StructuredDocumentParser.swift,1729-1752,Extension,Low,Yes,code_verified,exact,OpenIntelligence/Services/Document/Processing/StructuredDocumentParser.swift,scan_codebase.py,Swift extension parser match
VisualCaptioningService,actor,OpenIntelligence/Services/Document/Processing/VisualCaptioningService.swift,19-70,Service,High,Yes,code_verified,exact,OpenIntelligence/Services/Document/Processing/VisualCaptioningService.swift,scan_codebase.py,Swift actor parser match
LibraryIntelligenceCenter,actor,OpenIntelligence/Services/Embedding/AdaptiveEmbeddingOptimizer.swift,14-786,Unknown,Medium,Yes,code_verified,exact,OpenIntelligence/Services/Embedding/AdaptiveEmbeddingOptimizer.swift,scan_codebase.py,Swift actor parser match
CorpusSignals,struct,OpenIntelligence/Services/Embedding/AdaptiveEmbeddingOptimizer.swift,18-30,Model,Low,Yes,code_verified,exact,OpenIntelligence/Services/Embedding/AdaptiveEmbeddingOptimizer.swift,scan_codebase.py,Swift struct parser match
ChunkingPlan,struct,OpenIntelligence/Services/Embedding/AdaptiveEmbeddingOptimizer.swift,33-44,Model,Low,Yes,code_verified,exact,OpenIntelligence/Services/Embedding/AdaptiveEmbeddingOptimizer.swift,scan_codebase.py,Swift struct parser match
Strategy,enum,OpenIntelligence/Services/Embedding/AdaptiveEmbeddingOptimizer.swift,34-38,Model,Low,Yes,code_verified,exact,OpenIntelligence/Services/Embedding/AdaptiveEmbeddingOptimizer.swift,scan_codebase.py,Swift enum parser match
EmbeddingPlan,struct,OpenIntelligence/Services/Embedding/AdaptiveEmbeddingOptimizer.swift,47-53,Model,Low,Yes,code_verified,exact,OpenIntelligence/Services/Embedding/AdaptiveEmbeddingOptimizer.swift,scan_codebase.py,Swift struct parser match
RetrievalPlan,struct,OpenIntelligence/Services/Embedding/AdaptiveEmbeddingOptimizer.swift,56-75,Model,Low,Yes,code_verified,exact,OpenIntelligence/Services/Embedding/AdaptiveEmbeddingOptimizer.swift,scan_codebase.py,Swift struct parser match
FusionStyle,enum,OpenIntelligence/Services/Embedding/AdaptiveEmbeddingOptimizer.swift,57-61,Model,Low,Yes,code_verified,exact,OpenIntelligence/Services/Embedding/AdaptiveEmbeddingOptimizer.swift,scan_codebase.py,Swift enum parser match
RerankerStrategy,enum,OpenIntelligence/Services/Embedding/AdaptiveEmbeddingOptimizer.swift,63-67,Model,Low,Yes,code_verified,exact,OpenIntelligence/Services/Embedding/AdaptiveEmbeddingOptimizer.swift,scan_codebase.py,Swift enum parser match
DocumentProfile,struct,OpenIntelligence/Services/Embedding/AdaptiveEmbeddingOptimizer.swift,78-85,Model,Low,Yes,code_verified,exact,OpenIntelligence/Services/Embedding/AdaptiveEmbeddingOptimizer.swift,scan_codebase.py,Swift struct parser match
IntelligenceReport,struct,OpenIntelligence/Services/Embedding/AdaptiveEmbeddingOptimizer.swift,88-95,Model,Low,Yes,code_verified,exact,OpenIntelligence/Services/Embedding/AdaptiveEmbeddingOptimizer.swift,scan_codebase.py,Swift struct parser match
QuerySignals,struct,OpenIntelligence/Services/Embedding/AdaptiveEmbeddingOptimizer.swift,258-262,Unknown,Low,Yes,code_verified,exact,OpenIntelligence/Services/Embedding/AdaptiveEmbeddingOptimizer.swift,scan_codebase.py,Swift struct parser match
EmbeddingService,class,OpenIntelligence/Services/Embedding/EmbeddingService.swift,13-423,Service,High,Yes,code_verified,exact,OpenIntelligence/Services/Embedding/EmbeddingService.swift,scan_codebase.py,Swift class parser match
EmbeddingError,enum,OpenIntelligence/Services/Embedding/EmbeddingService.swift,427-483,Unknown,Low,Yes,code_verified,exact,OpenIntelligence/Services/Embedding/EmbeddingService.swift,scan_codebase.py,Swift enum parser match
AppleFMEmbeddingProvider,class,OpenIntelligence/Services/Embedding/Providers/AppleFMEmbeddingProvider.swift,19-47,Unknown,Medium,Yes,code_verified,exact,OpenIntelligence/Services/Embedding/Providers/AppleFMEmbeddingProvider.swift,scan_codebase.py,Swift class parser match
CoreAISentenceEmbeddingProvider,class,OpenIntelligence/Services/Embedding/Providers/CoreAISentenceEmbeddingProvider.swift,18-146,Unknown,Medium,Yes,code_verified,exact,OpenIntelligence/Services/Embedding/Providers/CoreAISentenceEmbeddingProvider.swift,scan_codebase.py,Swift class parser match
MLArrayBufferSet,struct,OpenIntelligence/Services/Embedding/Providers/CoreMLSentenceEmbeddingProvider.swift,15-19,Unknown,Low,Yes,code_verified,exact,OpenIntelligence/Services/Embedding/Providers/CoreMLSentenceEmbeddingProvider.swift,scan_codebase.py,Swift struct parser match
MLArrayBufferPool,actor,OpenIntelligence/Services/Embedding/Providers/CoreMLSentenceEmbeddingProvider.swift,23-59,Unknown,Medium,Yes,code_verified,exact,OpenIntelligence/Services/Embedding/Providers/CoreMLSentenceEmbeddingProvider.swift,scan_codebase.py,Swift actor parser match
CoreMLSentenceEmbeddingProvider,class,OpenIntelligence/Services/Embedding/Providers/CoreMLSentenceEmbeddingProvider.swift,61-467,Unknown,Medium,Yes,code_verified,exact,OpenIntelligence/Services/Embedding/Providers/CoreMLSentenceEmbeddingProvider.swift,scan_codebase.py,Swift class parser match
EmbeddingProvider,protocol,OpenIntelligence/Services/Embedding/Providers/EmbeddingProvider.swift,12-39,Unknown,Medium,Yes,code_verified,exact,OpenIntelligence/Services/Embedding/Providers/EmbeddingProvider.swift,scan_codebase.py,Swift protocol parser match
EmbeddingProvider,extension,OpenIntelligence/Services/Embedding/Providers/EmbeddingProvider.swift,43-56,Extension,Low,Yes,code_verified,exact,OpenIntelligence/Services/Embedding/Providers/EmbeddingProvider.swift,scan_codebase.py,Swift extension parser match
NLContextualEmbeddingProvider,class,OpenIntelligence/Services/Embedding/Providers/NLContextualEmbeddingProvider.swift,24-298,Unknown,Medium,Yes,code_verified,exact,OpenIntelligence/Services/Embedding/Providers/NLContextualEmbeddingProvider.swift,scan_codebase.py,Swift class parser match
PoolingStrategy,enum,OpenIntelligence/Services/Embedding/Providers/NLContextualEmbeddingProvider.swift,40-45,Model,Low,Yes,code_verified,exact,OpenIntelligence/Services/Embedding/Providers/NLContextualEmbeddingProvider.swift,scan_codebase.py,Swift enum parser match
EmbeddingError,extension,OpenIntelligence/Services/Embedding/Providers/NLContextualEmbeddingProvider.swift,302-306,Extension,Low,Yes,code_verified,exact,OpenIntelligence/Services/Embedding/Providers/NLContextualEmbeddingProvider.swift,scan_codebase.py,Swift extension parser match
NLEmbeddingProvider,class,OpenIntelligence/Services/Embedding/Providers/NLEmbeddingProvider.swift,14-212,Unknown,Medium,Yes,code_verified,exact,OpenIntelligence/Services/Embedding/Providers/NLEmbeddingProvider.swift,scan_codebase.py,Swift class parser match
AppleEvaluationsBridge,class,OpenIntelligence/Services/Evaluation/AppleEvaluationsBridge.swift,16-69,Service,High,Yes,code_verified,exact,OpenIntelligence/Services/Evaluation/AppleEvaluationsBridge.swift,scan_codebase.py,Swift class parser match
RAGEvalCase,struct,OpenIntelligence/Services/Evaluation/RAGEvalCase.swift,24-57,Model,Low,Yes,code_verified,exact,OpenIntelligence/Services/Evaluation/RAGEvalCase.swift,scan_codebase.py,Swift struct parser match
EvalCategory,enum,OpenIntelligence/Services/Evaluation/RAGEvalCase.swift,62-92,Model,Low,Yes,code_verified,exact,OpenIntelligence/Services/Evaluation/RAGEvalCase.swift,scan_codebase.py,Swift enum parser match
RAGEvalResult,struct,OpenIntelligence/Services/Evaluation/RAGEvalCase.swift,97-139,Model,Low,Yes,code_verified,exact,OpenIntelligence/Services/Evaluation/RAGEvalCase.swift,scan_codebase.py,Swift struct parser match
RAGEvalDataset,struct,OpenIntelligence/Services/Evaluation/RAGEvalDataset.swift,13-37,Model,Low,Yes,code_verified,exact,OpenIntelligence/Services/Evaluation/RAGEvalDataset.swift,scan_codebase.py,Swift struct parser match
RAGEvalDataset,extension,OpenIntelligence/Services/Evaluation/RAGEvalDataset.swift,41-119,Extension,Low,Yes,code_verified,exact,OpenIntelligence/Services/Evaluation/RAGEvalDataset.swift,scan_codebase.py,Swift extension parser match
RAGEvalMetrics,struct,OpenIntelligence/Services/Evaluation/RAGEvalMetrics.swift,26-104,Model,Low,Yes,code_verified,exact,OpenIntelligence/Services/Evaluation/RAGEvalMetrics.swift,scan_codebase.py,Swift struct parser match
RAGEvalMetrics,extension,OpenIntelligence/Services/Evaluation/RAGEvalMetrics.swift,108-197,Extension,Low,Yes,code_verified,exact,OpenIntelligence/Services/Evaluation/RAGEvalMetrics.swift,scan_codebase.py,Swift extension parser match
RAGEvalReportWriter,class,OpenIntelligence/Services/Evaluation/RAGEvalReportWriter.swift,11-85,Model,Medium,Yes,code_verified,exact,OpenIntelligence/Services/Evaluation/RAGEvalReportWriter.swift,scan_codebase.py,Swift class parser match
ReportPayload,struct,OpenIntelligence/Services/Evaluation/RAGEvalReportWriter.swift,74-77,Model,Low,Yes,code_verified,exact,OpenIntelligence/Services/Evaluation/RAGEvalReportWriter.swift,scan_codebase.py,Swift struct parser match
RAGEvalRunner,class,OpenIntelligence/Services/Evaluation/RAGEvalRunner.swift,11-169,Model,Medium,Yes,code_verified,exact,OpenIntelligence/Services/Evaluation/RAGEvalRunner.swift,scan_codebase.py,Swift class parser match
ContinuedIngestionPhase,enum,OpenIntelligence/Services/Infrastructure/Background/BackgroundTaskService.swift,17-26,Model,Low,Yes,code_verified,exact,OpenIntelligence/Services/Infrastructure/Background/BackgroundTaskService.swift,scan_codebase.py,Swift enum parser match
ContinuedQueryPhase,enum,OpenIntelligence/Services/Infrastructure/Background/BackgroundTaskService.swift,28-38,Model,Low,Yes,code_verified,exact,OpenIntelligence/Services/Infrastructure/Background/BackgroundTaskService.swift,scan_codebase.py,Swift enum parser match
ContinuedIngestionExecutionMode,enum,OpenIntelligence/Services/Infrastructure/Background/BackgroundTaskService.swift,40-44,Model,Low,Yes,code_verified,exact,OpenIntelligence/Services/Infrastructure/Background/BackgroundTaskService.swift,scan_codebase.py,Swift enum parser match
ContinuedIngestionPolicySnapshot,struct,OpenIntelligence/Services/Infrastructure/Background/BackgroundTaskService.swift,46-62,Model,Low,Yes,code_verified,exact,OpenIntelligence/Services/Infrastructure/Background/BackgroundTaskService.swift,scan_codebase.py,Swift struct parser match
ContinuedIngestionStatusSnapshot,struct,OpenIntelligence/Services/Infrastructure/Background/BackgroundTaskService.swift,64-86,Model,Low,Yes,code_verified,exact,OpenIntelligence/Services/Infrastructure/Background/BackgroundTaskService.swift,scan_codebase.py,Swift struct parser match
ContinuedIngestionRequestContext,struct,OpenIntelligence/Services/Infrastructure/Background/BackgroundTaskService.swift,88-94,Model,Low,Yes,code_verified,exact,OpenIntelligence/Services/Infrastructure/Background/BackgroundTaskService.swift,scan_codebase.py,Swift struct parser match
ContinuedQueryStatusSnapshot,struct,OpenIntelligence/Services/Infrastructure/Background/BackgroundTaskService.swift,96-118,Model,Low,Yes,code_verified,exact,OpenIntelligence/Services/Infrastructure/Background/BackgroundTaskService.swift,scan_codebase.py,Swift struct parser match
ContinuedQueryRequestContext,struct,OpenIntelligence/Services/Infrastructure/Background/BackgroundTaskService.swift,120-126,Model,Low,Yes,code_verified,exact,OpenIntelligence/Services/Infrastructure/Background/BackgroundTaskService.swift,scan_codebase.py,Swift struct parser match
BackgroundTaskService,class,OpenIntelligence/Services/Infrastructure/Background/BackgroundTaskService.swift,129-1353,Service,High,Yes,code_verified,exact,OpenIntelligence/Services/Infrastructure/Background/BackgroundTaskService.swift,scan_codebase.py,Swift class parser match
BackgroundTaskService,class,OpenIntelligence/Services/Infrastructure/Background/BackgroundTaskService.swift,1357-1424,Service,High,Yes,code_verified,exact,OpenIntelligence/Services/Infrastructure/Background/BackgroundTaskService.swift,scan_codebase.py,Swift class parser match
IngestionLiveActivityPresentationProfile,enum,OpenIntelligence/Services/Infrastructure/Background/IngestionLiveActivityAttributes.swift,7-12,Model,Low,Yes,code_verified,exact,OpenIntelligence/Services/Infrastructure/Background/IngestionLiveActivityAttributes.swift,scan_codebase.py,Swift enum parser match
IngestionLiveActivityProcessingMode,enum,OpenIntelligence/Services/Infrastructure/Background/IngestionLiveActivityAttributes.swift,14-26,Model,Low,Yes,code_verified,exact,OpenIntelligence/Services/Infrastructure/Background/IngestionLiveActivityAttributes.swift,scan_codebase.py,Swift enum parser match
IngestionLiveActivityThermalBucket,enum,OpenIntelligence/Services/Infrastructure/Background/IngestionLiveActivityAttributes.swift,28-47,Model,Low,Yes,code_verified,exact,OpenIntelligence/Services/Infrastructure/Background/IngestionLiveActivityAttributes.swift,scan_codebase.py,Swift enum parser match
OpenIntelligenceDeepLink,enum,OpenIntelligence/Services/Infrastructure/Background/IngestionLiveActivityAttributes.swift,49-54,Unknown,Low,Yes,code_verified,exact,OpenIntelligence/Services/Infrastructure/Background/IngestionLiveActivityAttributes.swift,scan_codebase.py,Swift enum parser match
IngestionLiveActivityAttributes,struct,OpenIntelligence/Services/Infrastructure/Background/IngestionLiveActivityAttributes.swift,58-76,Model,Low,Yes,code_verified,exact,OpenIntelligence/Services/Infrastructure/Background/IngestionLiveActivityAttributes.swift,scan_codebase.py,Swift struct parser match
ContentState,struct,OpenIntelligence/Services/Infrastructure/Background/IngestionLiveActivityAttributes.swift,59-72,Model,Low,Yes,code_verified,exact,OpenIntelligence/Services/Infrastructure/Background/IngestionLiveActivityAttributes.swift,scan_codebase.py,Swift struct parser match
QueryLiveActivityAttributes,struct,OpenIntelligence/Services/Infrastructure/Background/IngestionLiveActivityAttributes.swift,79-87,Model,Low,Yes,code_verified,exact,OpenIntelligence/Services/Infrastructure/Background/IngestionLiveActivityAttributes.swift,scan_codebase.py,Swift struct parser match
ContentState,struct,OpenIntelligence/Services/Infrastructure/Background/IngestionLiveActivityAttributes.swift,80-84,Model,Low,Yes,code_verified,exact,OpenIntelligence/Services/Infrastructure/Background/IngestionLiveActivityAttributes.swift,scan_codebase.py,Swift struct parser match
IngestionLiveActivityService,class,OpenIntelligence/Services/Infrastructure/Background/IngestionLiveActivityService.swift,7-370,Service,High,Yes,code_verified,exact,OpenIntelligence/Services/Infrastructure/Background/IngestionLiveActivityService.swift,scan_codebase.py,Swift class parser match
IngestionLiveActivityService,class,OpenIntelligence/Services/Infrastructure/Background/IngestionLiveActivityService.swift,377-386,Service,High,Yes,code_verified,exact,OpenIntelligence/Services/Infrastructure/Background/IngestionLiveActivityService.swift,scan_codebase.py,Swift class parser match
SpotlightIndexService,class,OpenIntelligence/Services/Infrastructure/Background/SpotlightIndexService.swift,18-307,Service,High,Yes,code_verified,exact,OpenIntelligence/Services/Infrastructure/Background/SpotlightIndexService.swift,scan_codebase.py,Swift class parser match
TranscriptPersistenceService,class,OpenIntelligence/Services/Infrastructure/Background/TranscriptPersistenceService.swift,32-191,Service,High,Yes,code_verified,exact,OpenIntelligence/Services/Infrastructure/Background/TranscriptPersistenceService.swift,scan_codebase.py,Swift class parser match
TranscriptPersistenceServiceUnavailable,class,OpenIntelligence/Services/Infrastructure/Background/TranscriptPersistenceService.swift,197-205,Unknown,Medium,Yes,code_verified,exact,OpenIntelligence/Services/Infrastructure/Background/TranscriptPersistenceService.swift,scan_codebase.py,Swift class parser match
BNNSGraphService,class,OpenIntelligence/Services/Infrastructure/Compute/BNNSGraphService.swift,27-329,Service,High,Yes,code_verified,exact,OpenIntelligence/Services/Infrastructure/Compute/BNNSGraphService.swift,scan_codebase.py,Swift class parser match
MetalBufferPool,class,OpenIntelligence/Services/Infrastructure/Compute/GPUComputeService.swift,38-157,Unknown,Medium,Yes,code_verified,exact,OpenIntelligence/Services/Infrastructure/Compute/GPUComputeService.swift,scan_codebase.py,Swift class parser match
GPUComputeService,class,OpenIntelligence/Services/Infrastructure/Compute/GPUComputeService.swift,165-1523,Service,High,Yes,code_verified,exact,OpenIntelligence/Services/Infrastructure/Compute/GPUComputeService.swift,scan_codebase.py,Swift class parser match
LoggingConfiguration,enum,OpenIntelligence/Services/Infrastructure/Configuration/LoggingConfiguration.swift,15-413,Unknown,Low,Yes,code_verified,exact,OpenIntelligence/Services/Infrastructure/Configuration/LoggingConfiguration.swift,scan_codebase.py,Swift enum parser match
Level,enum,OpenIntelligence/Services/Infrastructure/Configuration/LoggingConfiguration.swift,24-35,Model,Low,Yes,code_verified,exact,OpenIntelligence/Services/Infrastructure/Configuration/LoggingConfiguration.swift,scan_codebase.py,Swift enum parser match
Category,enum,OpenIntelligence/Services/Infrastructure/Configuration/LoggingConfiguration.swift,84-98,Model,Low,Yes,code_verified,exact,OpenIntelligence/Services/Infrastructure/Configuration/LoggingConfiguration.swift,scan_codebase.py,Swift enum parser match
QuotaPolicy,enum,OpenIntelligence/Services/Infrastructure/Configuration/QuotaPolicy.swift,4-54,Service,High,Yes,code_verified,exact,OpenIntelligence/Services/Infrastructure/Configuration/QuotaPolicy.swift,scan_codebase.py,Swift enum parser match
DocumentQuotaError,struct,OpenIntelligence/Services/Infrastructure/Configuration/QuotaPolicy.swift,57-67,Unknown,Low,Yes,code_verified,exact,OpenIntelligence/Services/Infrastructure/Configuration/QuotaPolicy.swift,scan_codebase.py,Swift struct parser match
LibraryQuotaError,struct,OpenIntelligence/Services/Infrastructure/Configuration/QuotaPolicy.swift,69-85,Unknown,Low,Yes,code_verified,exact,OpenIntelligence/Services/Infrastructure/Configuration/QuotaPolicy.swift,scan_codebase.py,Swift struct parser match
SettingsStore,class,OpenIntelligence/Services/Infrastructure/Configuration/SettingsStore.swift,21-853,ViewModel,High,Yes,code_verified,exact,OpenIntelligence/Services/Infrastructure/Configuration/SettingsStore.swift,scan_codebase.py,Swift class parser match
Keys,enum,OpenIntelligence/Services/Infrastructure/Configuration/SettingsStore.swift,25-100,Unknown,Low,Yes,code_verified,exact,OpenIntelligence/Services/Infrastructure/Configuration/SettingsStore.swift,scan_codebase.py,Swift enum parser match
SettingsStore,extension,OpenIntelligence/Services/Infrastructure/Configuration/SettingsStore.swift,857-878,ViewModel,High,Yes,code_verified,exact,OpenIntelligence/Services/Infrastructure/Configuration/SettingsStore.swift,scan_codebase.py,Swift extension parser match
SettingsStore,extension,OpenIntelligence/Services/Infrastructure/Configuration/SettingsStore.swift,882-919,ViewModel,High,Yes,code_verified,exact,OpenIntelligence/Services/Infrastructure/Configuration/SettingsStore.swift,scan_codebase.py,Swift extension parser match
SettingsStore,extension,OpenIntelligence/Services/Infrastructure/Configuration/SettingsStore.swift,923-983,ViewModel,High,Yes,code_verified,exact,OpenIntelligence/Services/Infrastructure/Configuration/SettingsStore.swift,scan_codebase.py,Swift extension parser match
ExecutionContext,extension,OpenIntelligence/Services/Infrastructure/Configuration/SettingsStore.swift,987-1007,Extension,Low,Yes,code_verified,exact,OpenIntelligence/Services/Infrastructure/Configuration/SettingsStore.swift,scan_codebase.py,Swift extension parser match
ContainerService,class,OpenIntelligence/Services/Infrastructure/Integration/ContainerService.swift,13-285,ViewModel,High,Yes,code_verified,exact,OpenIntelligence/Services/Infrastructure/Integration/ContainerService.swift,scan_codebase.py,Swift class parser match
ImageGenerationRequest,struct,OpenIntelligence/Services/Infrastructure/Integration/ImagePlaygroundService.swift,24-35,Model,Low,Yes,code_verified,exact,OpenIntelligence/Services/Infrastructure/Integration/ImagePlaygroundService.swift,scan_codebase.py,Swift struct parser match
ImageGenerationStyle,enum,OpenIntelligence/Services/Infrastructure/Integration/ImagePlaygroundService.swift,30-34,Model,Low,Yes,code_verified,exact,OpenIntelligence/Services/Infrastructure/Integration/ImagePlaygroundService.swift,scan_codebase.py,Swift enum parser match
ImageGenerationResult,struct,OpenIntelligence/Services/Infrastructure/Integration/ImagePlaygroundService.swift,38-43,Model,Low,Yes,code_verified,exact,OpenIntelligence/Services/Infrastructure/Integration/ImagePlaygroundService.swift,scan_codebase.py,Swift struct parser match
ImageConceptList,struct,OpenIntelligence/Services/Infrastructure/Integration/ImagePlaygroundService.swift,52-56,Model,Low,Yes,code_verified,exact,OpenIntelligence/Services/Infrastructure/Integration/ImagePlaygroundService.swift,scan_codebase.py,Swift struct parser match
ImagePlaygroundService,class,OpenIntelligence/Services/Infrastructure/Integration/ImagePlaygroundService.swift,62-899,ViewModel,High,Yes,code_verified,exact,OpenIntelligence/Services/Infrastructure/Integration/ImagePlaygroundService.swift,scan_codebase.py,Swift class parser match
View,extension,OpenIntelligence/Services/Infrastructure/Integration/ImagePlaygroundService.swift,903-909,Extension,Low,Yes,code_verified,exact,OpenIntelligence/Services/Infrastructure/Integration/ImagePlaygroundService.swift,scan_codebase.py,Swift extension parser match
IngestionExecutionProfile,enum,OpenIntelligence/Services/Infrastructure/Monitoring/DeviceCapabilityService.swift,16-20,Model,Low,Yes,code_verified,exact,OpenIntelligence/Services/Infrastructure/Monitoring/DeviceCapabilityService.swift,scan_codebase.py,Swift enum parser match
DeviceCapabilityTier,enum,OpenIntelligence/Services/Infrastructure/Monitoring/DeviceCapabilityService.swift,23-69,Model,Low,Yes,code_verified,exact,OpenIntelligence/Services/Infrastructure/Monitoring/DeviceCapabilityService.swift,scan_codebase.py,Swift enum parser match
DeviceFormFactor,enum,OpenIntelligence/Services/Infrastructure/Monitoring/DeviceCapabilityService.swift,72-96,Model,Low,Yes,code_verified,exact,OpenIntelligence/Services/Infrastructure/Monitoring/DeviceCapabilityService.swift,scan_codebase.py,Swift enum parser match
MetalHardwareSnapshot,struct,OpenIntelligence/Services/Infrastructure/Monitoring/DeviceCapabilityService.swift,98-122,Model,Low,Yes,code_verified,exact,OpenIntelligence/Services/Infrastructure/Monitoring/DeviceCapabilityService.swift,scan_codebase.py,Swift struct parser match
HardwareExecutionEnvelope,struct,OpenIntelligence/Services/Infrastructure/Monitoring/DeviceCapabilityService.swift,124-148,Model,Low,Yes,code_verified,exact,OpenIntelligence/Services/Infrastructure/Monitoring/DeviceCapabilityService.swift,scan_codebase.py,Swift struct parser match
DeviceCapabilityService,class,OpenIntelligence/Services/Infrastructure/Monitoring/DeviceCapabilityService.swift,151-1346,Service,High,Yes,code_verified,exact,OpenIntelligence/Services/Infrastructure/Monitoring/DeviceCapabilityService.swift,scan_codebase.py,Swift class parser match
AgenticOrchestrator,extension,OpenIntelligence/Services/Infrastructure/Monitoring/DeviceCapabilityService.swift,1350-1356,Service,High,Yes,code_verified,exact,OpenIntelligence/Services/Infrastructure/Monitoring/DeviceCapabilityService.swift,scan_codebase.py,Swift extension parser match
DeviceCapabilityService,extension,OpenIntelligence/Services/Infrastructure/Monitoring/DeviceCapabilityService.swift,1360-1378,Service,Medium,Yes,code_verified,exact,OpenIntelligence/Services/Infrastructure/Monitoring/DeviceCapabilityService.swift,scan_codebase.py,Swift extension parser match
HardwareComponent,enum,OpenIntelligence/Services/Infrastructure/Monitoring/HardwareTelemetryState.swift,39-77,Model,Low,Yes,code_verified,exact,OpenIntelligence/Services/Infrastructure/Monitoring/HardwareTelemetryState.swift,scan_codebase.py,Swift enum parser match
HardwareActivityType,enum,OpenIntelligence/Services/Infrastructure/Monitoring/HardwareTelemetryState.swift,82-113,Model,Low,Yes,code_verified,exact,OpenIntelligence/Services/Infrastructure/Monitoring/HardwareTelemetryState.swift,scan_codebase.py,Swift enum parser match
HardwareTelemetryState,class,OpenIntelligence/Services/Infrastructure/Monitoring/HardwareTelemetryState.swift,123-920,ViewModel,High,Yes,code_verified,exact,OpenIntelligence/Services/Infrastructure/Monitoring/HardwareTelemetryState.swift,scan_codebase.py,Swift class parser match
ComponentActivity,struct,OpenIntelligence/Services/Infrastructure/Monitoring/HardwareTelemetryState.swift,221-227,ViewModel,High,Yes,code_verified,exact,OpenIntelligence/Services/Infrastructure/Monitoring/HardwareTelemetryState.swift,scan_codebase.py,Swift struct parser match
HardwareTelemetryReporter,enum,OpenIntelligence/Services/Infrastructure/Monitoring/HardwareTelemetryState.swift,928-1018,Unknown,Low,Yes,code_verified,exact,OpenIntelligence/Services/Infrastructure/Monitoring/HardwareTelemetryState.swift,scan_codebase.py,Swift enum parser match
SystemStateSnapshot,struct,OpenIntelligence/Services/Infrastructure/Monitoring/SystemStateMonitor.swift,21-125,Model,Low,Yes,code_verified,exact,OpenIntelligence/Services/Infrastructure/Monitoring/SystemStateMonitor.swift,scan_codebase.py,Swift struct parser match
MachCPUMonitor,enum,OpenIntelligence/Services/Infrastructure/Monitoring/SystemStateMonitor.swift,131-232,Unknown,Low,Yes,code_verified,exact,OpenIntelligence/Services/Infrastructure/Monitoring/SystemStateMonitor.swift,scan_codebase.py,Swift enum parser match
MemoryPressureLevel,enum,OpenIntelligence/Services/Infrastructure/Monitoring/SystemStateMonitor.swift,236-256,Model,Low,Yes,code_verified,exact,OpenIntelligence/Services/Infrastructure/Monitoring/SystemStateMonitor.swift,scan_codebase.py,Swift enum parser match
SystemStateMonitor,class,OpenIntelligence/Services/Infrastructure/Monitoring/SystemStateMonitor.swift,262-636,ViewModel,High,Yes,code_verified,exact,OpenIntelligence/Services/Infrastructure/Monitoring/SystemStateMonitor.swift,scan_codebase.py,Swift class parser match
MacBatteryState,enum,OpenIntelligence/Services/Infrastructure/Monitoring/SystemStateMonitor.swift,647-657,Model,Low,Yes,code_verified,exact,OpenIntelligence/Services/Infrastructure/Monitoring/SystemStateMonitor.swift,scan_codebase.py,Swift enum parser match
TelemetryCategory,enum,OpenIntelligence/Services/Infrastructure/Monitoring/TelemetryCenter.swift,4-26,Unknown,Low,Yes,code_verified,exact,OpenIntelligence/Services/Infrastructure/Monitoring/TelemetryCenter.swift,scan_codebase.py,Swift enum parser match
TelemetrySeverity,enum,OpenIntelligence/Services/Infrastructure/Monitoring/TelemetryCenter.swift,28-40,Unknown,Low,Yes,code_verified,exact,OpenIntelligence/Services/Infrastructure/Monitoring/TelemetryCenter.swift,scan_codebase.py,Swift enum parser match
TelemetryEvent,struct,OpenIntelligence/Services/Infrastructure/Monitoring/TelemetryCenter.swift,42-61,Model,Low,Yes,code_verified,exact,OpenIntelligence/Services/Infrastructure/Monitoring/TelemetryCenter.swift,scan_codebase.py,Swift struct parser match
TelemetryCenter,class,OpenIntelligence/Services/Infrastructure/Monitoring/TelemetryCenter.swift,64-146,ViewModel,High,Yes,code_verified,exact,OpenIntelligence/Services/Infrastructure/Monitoring/TelemetryCenter.swift,scan_codebase.py,Swift class parser match
TelemetryCenter,extension,OpenIntelligence/Services/Infrastructure/Monitoring/TelemetryCenter.swift,148-164,Service,Medium,Yes,code_verified,exact,OpenIntelligence/Services/Infrastructure/Monitoring/TelemetryCenter.swift,scan_codebase.py,Swift extension parser match
PipelineOptimizationLevel,enum,OpenIntelligence/Services/Infrastructure/Optimization/AdaptivePipelineOptimizer.swift,23-37,Model,Low,Yes,code_verified,exact,OpenIntelligence/Services/Infrastructure/Optimization/AdaptivePipelineOptimizer.swift,scan_codebase.py,Swift enum parser match
DeviceRuntimeState,struct,OpenIntelligence/Services/Infrastructure/Optimization/AdaptivePipelineOptimizer.swift,42-87,Model,Low,Yes,code_verified,exact,OpenIntelligence/Services/Infrastructure/Optimization/AdaptivePipelineOptimizer.swift,scan_codebase.py,Swift struct parser match
MemoryPressure,enum,OpenIntelligence/Services/Infrastructure/Optimization/AdaptivePipelineOptimizer.swift,49-53,Model,Low,Yes,code_verified,exact,OpenIntelligence/Services/Infrastructure/Optimization/AdaptivePipelineOptimizer.swift,scan_codebase.py,Swift enum parser match
AdaptivePipelineConfig,struct,OpenIntelligence/Services/Infrastructure/Optimization/AdaptivePipelineOptimizer.swift,92-262,Model,Low,Yes,code_verified,exact,OpenIntelligence/Services/Infrastructure/Optimization/AdaptivePipelineOptimizer.swift,scan_codebase.py,Swift struct parser match
AdaptivePipelineOptimizer,class,OpenIntelligence/Services/Infrastructure/Optimization/AdaptivePipelineOptimizer.swift,268-592,ViewModel,High,Yes,code_verified,exact,OpenIntelligence/Services/Infrastructure/Optimization/AdaptivePipelineOptimizer.swift,scan_codebase.py,Swift class parser match
QueryComplexity,enum,OpenIntelligence/Services/Infrastructure/Optimization/AdaptivePipelineOptimizer.swift,596-631,Model,Low,Yes,code_verified,exact,OpenIntelligence/Services/Infrastructure/Optimization/AdaptivePipelineOptimizer.swift,scan_codebase.py,Swift enum parser match
ClusterLabelService,actor,OpenIntelligence/Services/Infrastructure/Presentation/ClusterLabelService.swift,24-568,Service,High,Yes,code_verified,exact,OpenIntelligence/Services/Infrastructure/Presentation/ClusterLabelService.swift,scan_codebase.py,Swift actor parser match
ChunkInfo,struct,OpenIntelligence/Services/Infrastructure/Presentation/ClusterLabelService.swift,45-49,Model,Low,Yes,code_verified,exact,OpenIntelligence/Services/Infrastructure/Presentation/ClusterLabelService.swift,scan_codebase.py,Swift struct parser match
DocumentDomain,enum,OpenIntelligence/Services/Infrastructure/Presentation/ClusterLabelService.swift,313-320,Unknown,Low,Yes,code_verified,exact,OpenIntelligence/Services/Infrastructure/Presentation/ClusterLabelService.swift,scan_codebase.py,Swift enum parser match
LibraryIconSuggestionService,enum,OpenIntelligence/Services/Infrastructure/Presentation/LibraryIconSuggestionService.swift,12-291,Service,High,Yes,code_verified,exact,OpenIntelligence/Services/Infrastructure/Presentation/LibraryIconSuggestionService.swift,scan_codebase.py,Swift enum parser match
ContentDomain,enum,OpenIntelligence/Services/Infrastructure/Presentation/LibraryIconSuggestionService.swift,15-226,Unknown,Low,Yes,code_verified,exact,OpenIntelligence/Services/Infrastructure/Presentation/LibraryIconSuggestionService.swift,scan_codebase.py,Swift enum parser match
LibraryIconSuggestionService,extension,OpenIntelligence/Services/Infrastructure/Presentation/LibraryIconSuggestionService.swift,295-308,Service,Medium,Yes,code_verified,exact,OpenIntelligence/Services/Infrastructure/Presentation/LibraryIconSuggestionService.swift,scan_codebase.py,Swift extension parser match
LibraryProfile,struct,OpenIntelligence/Services/Infrastructure/Presentation/LibraryVisualizationEngine.swift,19-71,Unknown,Low,Yes,code_verified,exact,OpenIntelligence/Services/Infrastructure/Presentation/LibraryVisualizationEngine.swift,scan_codebase.py,Swift struct parser match
LibrarySizeCategory,enum,OpenIntelligence/Services/Infrastructure/Presentation/LibraryVisualizationEngine.swift,73-91,Unknown,Low,Yes,code_verified,exact,OpenIntelligence/Services/Infrastructure/Presentation/LibraryVisualizationEngine.swift,scan_codebase.py,Swift enum parser match
RetrievalActivity,enum,OpenIntelligence/Services/Infrastructure/Presentation/LibraryVisualizationEngine.swift,93-116,Unknown,Low,Yes,code_verified,exact,OpenIntelligence/Services/Infrastructure/Presentation/LibraryVisualizationEngine.swift,scan_codebase.py,Swift enum parser match
ContentCategory,enum,OpenIntelligence/Services/Infrastructure/Presentation/LibraryVisualizationEngine.swift,118-152,Model,Low,Yes,code_verified,exact,OpenIntelligence/Services/Infrastructure/Presentation/LibraryVisualizationEngine.swift,scan_codebase.py,Swift enum parser match
TopicCluster,struct,OpenIntelligence/Services/Infrastructure/Presentation/LibraryVisualizationEngine.swift,154-162,Model,Low,Yes,code_verified,exact,OpenIntelligence/Services/Infrastructure/Presentation/LibraryVisualizationEngine.swift,scan_codebase.py,Swift struct parser match
HotChunk,struct,OpenIntelligence/Services/Infrastructure/Presentation/LibraryVisualizationEngine.swift,164-171,Model,Low,Yes,code_verified,exact,OpenIntelligence/Services/Infrastructure/Presentation/LibraryVisualizationEngine.swift,scan_codebase.py,Swift struct parser match
RecentAddition,struct,OpenIntelligence/Services/Infrastructure/Presentation/LibraryVisualizationEngine.swift,173-180,Model,Low,Yes,code_verified,exact,OpenIntelligence/Services/Infrastructure/Presentation/LibraryVisualizationEngine.swift,scan_codebase.py,Swift struct parser match
VisualizationInsight,struct,OpenIntelligence/Services/Infrastructure/Presentation/LibraryVisualizationEngine.swift,185-243,Model,Low,Yes,code_verified,exact,OpenIntelligence/Services/Infrastructure/Presentation/LibraryVisualizationEngine.swift,scan_codebase.py,Swift struct parser match
InsightType,enum,OpenIntelligence/Services/Infrastructure/Presentation/LibraryVisualizationEngine.swift,196-207,Unknown,Low,Yes,code_verified,exact,OpenIntelligence/Services/Infrastructure/Presentation/LibraryVisualizationEngine.swift,scan_codebase.py,Swift enum parser match
InsightPriority,enum,OpenIntelligence/Services/Infrastructure/Presentation/LibraryVisualizationEngine.swift,209-218,Unknown,Low,Yes,code_verified,exact,OpenIntelligence/Services/Infrastructure/Presentation/LibraryVisualizationEngine.swift,scan_codebase.py,Swift enum parser match
InsightAction,enum,OpenIntelligence/Services/Infrastructure/Presentation/LibraryVisualizationEngine.swift,220-229,Unknown,Low,Yes,code_verified,exact,OpenIntelligence/Services/Infrastructure/Presentation/LibraryVisualizationEngine.swift,scan_codebase.py,Swift enum parser match
InsightMetric,struct,OpenIntelligence/Services/Infrastructure/Presentation/LibraryVisualizationEngine.swift,231-242,Model,Low,Yes,code_verified,exact,OpenIntelligence/Services/Infrastructure/Presentation/LibraryVisualizationEngine.swift,scan_codebase.py,Swift struct parser match
Trend,enum,OpenIntelligence/Services/Infrastructure/Presentation/LibraryVisualizationEngine.swift,237-241,Unknown,Low,Yes,code_verified,exact,OpenIntelligence/Services/Infrastructure/Presentation/LibraryVisualizationEngine.swift,scan_codebase.py,Swift enum parser match
DocumentEdge,struct,OpenIntelligence/Services/Infrastructure/Presentation/LibraryVisualizationEngine.swift,248-253,Model,Low,Yes,code_verified,exact,OpenIntelligence/Services/Infrastructure/Presentation/LibraryVisualizationEngine.swift,scan_codebase.py,Swift struct parser match
DocumentNode,struct,OpenIntelligence/Services/Infrastructure/Presentation/LibraryVisualizationEngine.swift,256-262,Model,Low,Yes,code_verified,exact,OpenIntelligence/Services/Infrastructure/Presentation/LibraryVisualizationEngine.swift,scan_codebase.py,Swift struct parser match
SimilarityMatrix,struct,OpenIntelligence/Services/Infrastructure/Presentation/LibraryVisualizationEngine.swift,265-269,Unknown,Low,Yes,code_verified,exact,OpenIntelligence/Services/Infrastructure/Presentation/LibraryVisualizationEngine.swift,scan_codebase.py,Swift struct parser match
ChunkDetail,struct,OpenIntelligence/Services/Infrastructure/Presentation/LibraryVisualizationEngine.swift,272-281,Model,Low,Yes,code_verified,exact,OpenIntelligence/Services/Infrastructure/Presentation/LibraryVisualizationEngine.swift,scan_codebase.py,Swift struct parser match
EmbeddingSnapshot,struct,OpenIntelligence/Services/Infrastructure/Presentation/LibraryVisualizationEngine.swift,284-289,Model,Low,Yes,code_verified,exact,OpenIntelligence/Services/Infrastructure/Presentation/LibraryVisualizationEngine.swift,scan_codebase.py,Swift struct parser match
LibraryVisualizationEngine,class,OpenIntelligence/Services/Infrastructure/Presentation/LibraryVisualizationEngine.swift,294-1614,ViewModel,High,Yes,code_verified,exact,OpenIntelligence/Services/Infrastructure/Presentation/LibraryVisualizationEngine.swift,scan_codebase.py,Swift class parser match
RecommendedView,struct,OpenIntelligence/Services/Infrastructure/Presentation/LibraryVisualizationEngine.swift,306-323,Model,Low,Yes,code_verified,exact,OpenIntelligence/Services/Infrastructure/Presentation/LibraryVisualizationEngine.swift,scan_codebase.py,Swift struct parser match
ViewType,enum,OpenIntelligence/Services/Infrastructure/Presentation/LibraryVisualizationEngine.swift,313-322,Unknown,Low,Yes,code_verified,exact,OpenIntelligence/Services/Infrastructure/Presentation/LibraryVisualizationEngine.swift,scan_codebase.py,Swift enum parser match
ProjectionCacheKey,struct,OpenIntelligence/Services/Infrastructure/Presentation/ProjectionCache.swift,9-14,Unknown,Low,Yes,code_verified,exact,OpenIntelligence/Services/Infrastructure/Presentation/ProjectionCache.swift,scan_codebase.py,Swift struct parser match
ProjectionCacheEntry,struct,OpenIntelligence/Services/Infrastructure/Presentation/ProjectionCache.swift,16-26,Unknown,Low,Yes,code_verified,exact,OpenIntelligence/Services/Infrastructure/Presentation/ProjectionCache.swift,scan_codebase.py,Swift struct parser match
ProjectionCache,class,OpenIntelligence/Services/Infrastructure/Presentation/ProjectionCache.swift,28-54,Unknown,Medium,Yes,code_verified,exact,OpenIntelligence/Services/Infrastructure/Presentation/ProjectionCache.swift,scan_codebase.py,Swift class parser match
ProjectionMethodKind,enum,OpenIntelligence/Services/Infrastructure/Presentation/ProjectionService.swift,19-24,Unknown,Low,Yes,code_verified,exact,OpenIntelligence/Services/Infrastructure/Presentation/ProjectionService.swift,scan_codebase.py,Swift enum parser match
ProjectionService,class,OpenIntelligence/Services/Infrastructure/Presentation/ProjectionService.swift,26-573,Service,High,Yes,code_verified,exact,OpenIntelligence/Services/Infrastructure/Presentation/ProjectionService.swift,scan_codebase.py,Swift class parser match
VizLCG,struct,OpenIntelligence/Services/Infrastructure/Presentation/ProjectionService.swift,590-600,Unknown,Low,Yes,code_verified,exact,OpenIntelligence/Services/Infrastructure/Presentation/ProjectionService.swift,scan_codebase.py,Swift struct parser match
Float,extension,OpenIntelligence/Services/Infrastructure/Presentation/ProjectionService.swift,601-610,Extension,Low,Yes,code_verified,exact,OpenIntelligence/Services/Infrastructure/Presentation/ProjectionService.swift,scan_codebase.py,Swift extension parser match
SyncBootstrapChoice,enum,OpenIntelligence/Services/Infrastructure/Storage/WorkspaceSyncService.swift,9-12,Model,Low,Yes,code_verified,exact,OpenIntelligence/Services/Infrastructure/Storage/WorkspaceSyncService.swift,scan_codebase.py,Swift enum parser match
BootstrapBehavior,enum,OpenIntelligence/Services/Infrastructure/Storage/WorkspaceSyncService.swift,14-17,Model,Low,Yes,code_verified,exact,OpenIntelligence/Services/Infrastructure/Storage/WorkspaceSyncService.swift,scan_codebase.py,Swift enum parser match
SyncResolutionStrategy,enum,OpenIntelligence/Services/Infrastructure/Storage/WorkspaceSyncService.swift,19-32,Model,Low,Yes,code_verified,exact,OpenIntelligence/Services/Infrastructure/Storage/WorkspaceSyncService.swift,scan_codebase.py,Swift enum parser match
SyncPendingBootstrapConflict,struct,OpenIntelligence/Services/Infrastructure/Storage/WorkspaceSyncService.swift,34-44,Model,Low,Yes,code_verified,exact,OpenIntelligence/Services/Infrastructure/Storage/WorkspaceSyncService.swift,scan_codebase.py,Swift struct parser match
WorkspaceInventory,struct,OpenIntelligence/Services/Infrastructure/Storage/WorkspaceSyncService.swift,46-49,Unknown,Low,Yes,code_verified,exact,OpenIntelligence/Services/Infrastructure/Storage/WorkspaceSyncService.swift,scan_codebase.py,Swift struct parser match
ContainerMergeResult,struct,OpenIntelligence/Services/Infrastructure/Storage/WorkspaceSyncService.swift,51-55,Unknown,Low,Yes,code_verified,exact,OpenIntelligence/Services/Infrastructure/Storage/WorkspaceSyncService.swift,scan_codebase.py,Swift struct parser match
DocumentMergeResult,struct,OpenIntelligence/Services/Infrastructure/Storage/WorkspaceSyncService.swift,57-60,Unknown,Low,Yes,code_verified,exact,OpenIntelligence/Services/Infrastructure/Storage/WorkspaceSyncService.swift,scan_codebase.py,Swift struct parser match
PendingBootstrapPlan,struct,OpenIntelligence/Services/Infrastructure/Storage/WorkspaceSyncService.swift,62-67,Unknown,Low,Yes,code_verified,exact,OpenIntelligence/Services/Infrastructure/Storage/WorkspaceSyncService.swift,scan_codebase.py,Swift struct parser match
SourcedDocument,struct,OpenIntelligence/Services/Infrastructure/Storage/WorkspaceSyncService.swift,69-72,Unknown,Low,Yes,code_verified,exact,OpenIntelligence/Services/Infrastructure/Storage/WorkspaceSyncService.swift,scan_codebase.py,Swift struct parser match
PersistedIngestionContextRecord,struct,OpenIntelligence/Services/Infrastructure/Storage/WorkspaceSyncService.swift,74-99,Model,Low,Yes,code_verified,exact,OpenIntelligence/Services/Infrastructure/Storage/WorkspaceSyncService.swift,scan_codebase.py,Swift struct parser match
CodingKeys,enum,OpenIntelligence/Services/Infrastructure/Storage/WorkspaceSyncService.swift,78-81,Unknown,Low,Yes,code_verified,exact,OpenIntelligence/Services/Infrastructure/Storage/WorkspaceSyncService.swift,scan_codebase.py,Swift enum parser match
PersistedIngestionQueueStateRecord,struct,OpenIntelligence/Services/Infrastructure/Storage/WorkspaceSyncService.swift,101-131,Model,Low,Yes,code_verified,exact,OpenIntelligence/Services/Infrastructure/Storage/WorkspaceSyncService.swift,scan_codebase.py,Swift struct parser match
CodingKeys,enum,OpenIntelligence/Services/Infrastructure/Storage/WorkspaceSyncService.swift,106-110,Unknown,Low,Yes,code_verified,exact,OpenIntelligence/Services/Infrastructure/Storage/WorkspaceSyncService.swift,scan_codebase.py,Swift enum parser match
QueueFilterMode,enum,OpenIntelligence/Services/Infrastructure/Storage/WorkspaceSyncService.swift,133-136,Unknown,Low,Yes,code_verified,exact,OpenIntelligence/Services/Infrastructure/Storage/WorkspaceSyncService.swift,scan_codebase.py,Swift enum parser match
WorkspaceSyncService,class,OpenIntelligence/Services/Infrastructure/Storage/WorkspaceSyncService.swift,139-2945,ViewModel,High,Yes,code_verified,exact,OpenIntelligence/Services/Infrastructure/Storage/WorkspaceSyncService.swift,scan_codebase.py,Swift class parser match
Snapshot,struct,OpenIntelligence/Services/Infrastructure/Storage/WorkspaceSyncService.swift,2731-2734,Unknown,Low,Yes,code_verified,exact,OpenIntelligence/Services/Infrastructure/Storage/WorkspaceSyncService.swift,scan_codebase.py,Swift struct parser match
FirstQueryTip,struct,OpenIntelligence/Services/Infrastructure/Tips/AppTips.swift,17-39,Unknown,Low,Yes,code_verified,exact,OpenIntelligence/Services/Infrastructure/Tips/AppTips.swift,scan_codebase.py,Swift struct parser match
IngestDocumentTip,struct,OpenIntelligence/Services/Infrastructure/Tips/AppTips.swift,42-64,Unknown,Low,Yes,code_verified,exact,OpenIntelligence/Services/Infrastructure/Tips/AppTips.swift,scan_codebase.py,Swift struct parser match
ContainerTip,struct,OpenIntelligence/Services/Infrastructure/Tips/AppTips.swift,67-89,Unknown,Low,Yes,code_verified,exact,OpenIntelligence/Services/Infrastructure/Tips/AppTips.swift,scan_codebase.py,Swift struct parser match
ModelConfigTip,struct,OpenIntelligence/Services/Infrastructure/Tips/AppTips.swift,92-114,Unknown,Low,Yes,code_verified,exact,OpenIntelligence/Services/Infrastructure/Tips/AppTips.swift,scan_codebase.py,Swift struct parser match
AtlasTip,struct,OpenIntelligence/Services/Infrastructure/Tips/AppTips.swift,117-139,Unknown,Low,Yes,code_verified,exact,OpenIntelligence/Services/Infrastructure/Tips/AppTips.swift,scan_codebase.py,Swift struct parser match
CompactTipViewStyle,struct,OpenIntelligence/Services/Infrastructure/Tips/AppTips.swift,144-167,Unknown,Low,Yes,code_verified,exact,OpenIntelligence/Services/Infrastructure/Tips/AppTips.swift,scan_codebase.py,Swift struct parser match
InlineTipView,struct,OpenIntelligence/Services/Infrastructure/Tips/AppTips.swift,173-184,Unknown,Low,Yes,code_verified,exact,OpenIntelligence/Services/Infrastructure/Tips/AppTips.swift,scan_codebase.py,Swift struct parser match
AppTipConfiguration,enum,OpenIntelligence/Services/Infrastructure/Tips/AppTips.swift,189-196,Unknown,Low,Yes,code_verified,exact,OpenIntelligence/Services/Infrastructure/Tips/AppTips.swift,scan_codebase.py,Swift enum parser match
AdapterDescriptor,struct,OpenIntelligence/Services/LLM/AdapterManager.swift,40-52,Model,Low,Yes,code_verified,exact,OpenIntelligence/Services/LLM/AdapterManager.swift,scan_codebase.py,Swift struct parser match
AdapterDomain,enum,OpenIntelligence/Services/LLM/AdapterManager.swift,55-63,Model,Low,Yes,code_verified,exact,OpenIntelligence/Services/LLM/AdapterManager.swift,scan_codebase.py,Swift enum parser match
AdapterState,enum,OpenIntelligence/Services/LLM/AdapterManager.swift,66-73,Model,Low,Yes,code_verified,exact,OpenIntelligence/Services/LLM/AdapterManager.swift,scan_codebase.py,Swift enum parser match
InstalledAdapter,struct,OpenIntelligence/Services/LLM/AdapterManager.swift,76-84,Model,Low,Yes,code_verified,exact,OpenIntelligence/Services/LLM/AdapterManager.swift,scan_codebase.py,Swift struct parser match
AdapterManager,class,OpenIntelligence/Services/LLM/AdapterManager.swift,91-414,ViewModel,High,Yes,code_verified,exact,OpenIntelligence/Services/LLM/AdapterManager.swift,scan_codebase.py,Swift class parser match
LLMService,protocol,OpenIntelligence/Services/LLM/LLMService.swift,29-42,Service,High,Yes,code_verified,exact,OpenIntelligence/Services/LLM/LLMService.swift,scan_codebase.py,Swift protocol parser match
RAGToolHandler,protocol,OpenIntelligence/Services/LLM/LLMService.swift,47-73,Unknown,Medium,Yes,code_verified,exact,OpenIntelligence/Services/LLM/LLMService.swift,scan_codebase.py,Swift protocol parser match
LLMStreamEvent,struct,OpenIntelligence/Services/LLM/LLMService.swift,77-87,Model,Low,Yes,code_verified,exact,OpenIntelligence/Services/LLM/LLMService.swift,scan_codebase.py,Swift struct parser match
StructuredRAGClaim,struct,OpenIntelligence/Services/LLM/LLMService.swift,91-95,Model,Low,Yes,code_verified,exact,OpenIntelligence/Services/LLM/LLMService.swift,scan_codebase.py,Swift struct parser match
StructuredRAGGeneration,struct,OpenIntelligence/Services/LLM/LLMService.swift,97-104,Model,Low,Yes,code_verified,exact,OpenIntelligence/Services/LLM/LLMService.swift,scan_codebase.py,Swift struct parser match
StructuredRAGMode,enum,OpenIntelligence/Services/LLM/LLMService.swift,106-109,Model,Low,Yes,code_verified,exact,OpenIntelligence/Services/LLM/LLMService.swift,scan_codebase.py,Swift enum parser match
LLMStreamingContext,enum,OpenIntelligence/Services/LLM/LLMService.swift,111-120,Unknown,Low,Yes,code_verified,exact,OpenIntelligence/Services/LLM/LLMService.swift,scan_codebase.py,Swift enum parser match
LLMResponse,struct,OpenIntelligence/Services/LLM/LLMService.swift,126-157,Unknown,Low,Yes,code_verified,exact,OpenIntelligence/Services/LLM/LLMService.swift,scan_codebase.py,Swift struct parser match
AppleFoundationLLMService,class,OpenIntelligence/Services/LLM/LLMService.swift,170-1609,Service,High,Yes,code_verified,exact,OpenIntelligence/Services/LLM/LLMService.swift,scan_codebase.py,Swift class parser match
ScreenshotMockLLMService,class,OpenIntelligence/Services/LLM/LLMService.swift,1627-1719,Service,High,Yes,code_verified,exact,OpenIntelligence/Services/LLM/LLMService.swift,scan_codebase.py,Swift class parser match
AppleFoundationLLMServiceUnavailable,class,OpenIntelligence/Services/LLM/LLMService.swift,1725-1750,Unknown,Medium,Yes,code_verified,exact,OpenIntelligence/Services/LLM/LLMService.swift,scan_codebase.py,Swift class parser match
AssistChatIntent,struct,OpenIntelligence/Services/LLM/LLMService.swift,1766-1799,AppIntent,High,Yes,code_verified,exact,OpenIntelligence/Services/LLM/LLMService.swift,scan_codebase.py,Swift struct parser match
AssistantProvider,enum,OpenIntelligence/Services/LLM/LLMService.swift,1803-1827,Model,Low,Yes,code_verified,exact,OpenIntelligence/Services/LLM/LLMService.swift,scan_codebase.py,Swift enum parser match
AppleChatGPTExtensionService,class,OpenIntelligence/Services/LLM/LLMService.swift,1830-1991,Service,High,Yes,code_verified,exact,OpenIntelligence/Services/LLM/LLMService.swift,scan_codebase.py,Swift class parser match
AppleChatGPTExtensionService,class,OpenIntelligence/Services/LLM/LLMService.swift,1995-2005,Service,High,Yes,code_verified,exact,OpenIntelligence/Services/LLM/LLMService.swift,scan_codebase.py,Swift class parser match
LLMError,enum,OpenIntelligence/Services/LLM/LLMService.swift,2021-2045,Unknown,Low,Yes,code_verified,exact,OpenIntelligence/Services/LLM/LLMService.swift,scan_codebase.py,Swift enum parser match
Config,struct,OpenIntelligence/Services/LLM/LocalOpenAIServerLLMService.swift,22-356,Model,Low,Yes,code_verified,exact,OpenIntelligence/Services/LLM/LocalOpenAIServerLLMService.swift,scan_codebase.py,Swift struct parser match
LlamaCPPPresetLLMService,class,OpenIntelligence/Services/LLM/LocalOpenAIServerLLMService.swift,359-409,Service,High,Yes,code_verified,exact,OpenIntelligence/Services/LLM/LocalOpenAIServerLLMService.swift,scan_codebase.py,Swift class parser match
ModelResolutionService,class,OpenIntelligence/Services/LLM/ModelResolutionService.swift,20-364,ViewModel,High,Yes,code_verified,exact,OpenIntelligence/Services/LLM/ModelResolutionService.swift,scan_codebase.py,Swift class parser match
ResolutionEvent,struct,OpenIntelligence/Services/LLM/ModelResolutionService.swift,44-51,Model,Low,Yes,code_verified,exact,OpenIntelligence/Services/LLM/ModelResolutionService.swift,scan_codebase.py,Swift struct parser match
ModelResolutionServiceKey,struct,OpenIntelligence/Services/LLM/ModelResolutionService.swift,368-370,Unknown,Low,Yes,code_verified,exact,OpenIntelligence/Services/LLM/ModelResolutionService.swift,scan_codebase.py,Swift struct parser match
EnvironmentValues,extension,OpenIntelligence/Services/LLM/ModelResolutionService.swift,372-377,Extension,Low,Yes,code_verified,exact,OpenIntelligence/Services/LLM/ModelResolutionService.swift,scan_codebase.py,Swift extension parser match
ModelResolutionService,extension,OpenIntelligence/Services/LLM/ModelResolutionService.swift,381-406,Service,Medium,Yes,code_verified,exact,OpenIntelligence/Services/LLM/ModelResolutionService.swift,scan_codebase.py,Swift extension parser match
PromptTestCase,struct,OpenIntelligence/Services/LLM/PromptEvaluationService.swift,14-37,Model,Low,Yes,code_verified,exact,OpenIntelligence/Services/LLM/PromptEvaluationService.swift,scan_codebase.py,Swift struct parser match
PromptEvalResult,struct,OpenIntelligence/Services/LLM/PromptEvaluationService.swift,40-50,Model,Low,Yes,code_verified,exact,OpenIntelligence/Services/LLM/PromptEvaluationService.swift,scan_codebase.py,Swift struct parser match
PromptEvalSuiteResult,struct,OpenIntelligence/Services/LLM/PromptEvaluationService.swift,53-61,Model,Low,Yes,code_verified,exact,OpenIntelligence/Services/LLM/PromptEvaluationService.swift,scan_codebase.py,Swift struct parser match
PromptEvaluationService,actor,OpenIntelligence/Services/LLM/PromptEvaluationService.swift,64-351,Service,High,Yes,code_verified,exact,OpenIntelligence/Services/LLM/PromptEvaluationService.swift,scan_codebase.py,Swift actor parser match
PromptEvalError,enum,OpenIntelligence/Services/LLM/PromptEvaluationService.swift,355-365,Unknown,Low,Yes,code_verified,exact,OpenIntelligence/Services/LLM/PromptEvaluationService.swift,scan_codebase.py,Swift enum parser match
GroundedPromptMode,enum,OpenIntelligence/Services/Query/Analysis/GroundedAnswerPolicy.swift,3-6,Model,Low,Yes,code_verified,exact,OpenIntelligence/Services/Query/Analysis/GroundedAnswerPolicy.swift,scan_codebase.py,Swift enum parser match
GroundedAnswerPolicy,struct,OpenIntelligence/Services/Query/Analysis/GroundedAnswerPolicy.swift,8-67,Service,High,Yes,code_verified,exact,OpenIntelligence/Services/Query/Analysis/GroundedAnswerPolicy.swift,scan_codebase.py,Swift struct parser match
QueryComplexityResult,struct,OpenIntelligence/Services/Query/Analysis/QueryComplexityAnalyzer.swift,13-29,Model,Low,Yes,code_verified,exact,OpenIntelligence/Services/Query/Analysis/QueryComplexityAnalyzer.swift,scan_codebase.py,Swift struct parser match
QueryComplexity,enum,OpenIntelligence/Services/Query/Analysis/QueryComplexityAnalyzer.swift,19-23,Model,Low,Yes,code_verified,exact,OpenIntelligence/Services/Query/Analysis/QueryComplexityAnalyzer.swift,scan_codebase.py,Swift enum parser match
InferredMode,enum,OpenIntelligence/Services/Query/Analysis/QueryComplexityAnalyzer.swift,25-28,Model,Low,Yes,code_verified,exact,OpenIntelligence/Services/Query/Analysis/QueryComplexityAnalyzer.swift,scan_codebase.py,Swift enum parser match
QueryComplexityAnalyzer,class,OpenIntelligence/Services/Query/Analysis/QueryComplexityAnalyzer.swift,32-253,Model,Medium,Yes,code_verified,exact,OpenIntelligence/Services/Query/Analysis/QueryComplexityAnalyzer.swift,scan_codebase.py,Swift class parser match
QueryExecutionMode,enum,OpenIntelligence/Services/Query/Analysis/QueryExecutionPlannerService.swift,7-23,Model,Low,Yes,code_verified,exact,OpenIntelligence/Services/Query/Analysis/QueryExecutionPlannerService.swift,scan_codebase.py,Swift enum parser match
QueryExecutionPlan,struct,OpenIntelligence/Services/Query/Analysis/QueryExecutionPlannerService.swift,25-44,Model,Low,Yes,code_verified,exact,OpenIntelligence/Services/Query/Analysis/QueryExecutionPlannerService.swift,scan_codebase.py,Swift struct parser match
QueryExecutionPlannerService,class,OpenIntelligence/Services/Query/Analysis/QueryExecutionPlannerService.swift,46-313,Service,High,Yes,code_verified,exact,OpenIntelligence/Services/Query/Analysis/QueryExecutionPlannerService.swift,scan_codebase.py,Swift class parser match
QueryExecutionPlannerService,extension,OpenIntelligence/Services/Query/Analysis/QueryExecutionPlannerService.swift,317-419,Service,Medium,Yes,code_verified,exact,OpenIntelligence/Services/Query/Analysis/QueryExecutionPlannerService.swift,scan_codebase.py,Swift extension parser match
GuidedQueryExecutionPlan,struct,OpenIntelligence/Services/Query/Analysis/QueryExecutionPlannerService.swift,319-328,Unknown,Low,Yes,code_verified,exact,OpenIntelligence/Services/Query/Analysis/QueryExecutionPlannerService.swift,scan_codebase.py,Swift struct parser match
QueryProfile,struct,OpenIntelligence/Services/Query/Analysis/QueryProfileService.swift,12-35,Model,Low,Yes,code_verified,exact,OpenIntelligence/Services/Query/Analysis/QueryProfileService.swift,scan_codebase.py,Swift struct parser match
QueryProfileService,class,OpenIntelligence/Services/Query/Analysis/QueryProfileService.swift,38-115,Service,High,Yes,code_verified,exact,OpenIntelligence/Services/Query/Analysis/QueryProfileService.swift,scan_codebase.py,Swift class parser match
SpecificationExtractionResult,struct,OpenIntelligence/Services/Query/Analysis/SpecificationExtractor.swift,27-66,Model,Low,Yes,code_verified,exact,OpenIntelligence/Services/Query/Analysis/SpecificationExtractor.swift,scan_codebase.py,Swift struct parser match
SpecificationExtractionFailure,enum,OpenIntelligence/Services/Query/Analysis/SpecificationExtractor.swift,69-84,Model,Low,Yes,code_verified,exact,OpenIntelligence/Services/Query/Analysis/SpecificationExtractor.swift,scan_codebase.py,Swift enum parser match
SpecificationExtractor,actor,OpenIntelligence/Services/Query/Analysis/SpecificationExtractor.swift,90-1549,Unknown,Medium,Yes,code_verified,exact,OpenIntelligence/Services/Query/Analysis/SpecificationExtractor.swift,scan_codebase.py,Swift actor parser match
AnswerCandidate,struct,OpenIntelligence/Services/Query/Analysis/SpecificationExtractor.swift,379-388,Unknown,Low,Yes,code_verified,exact,OpenIntelligence/Services/Query/Analysis/SpecificationExtractor.swift,scan_codebase.py,Swift struct parser match
QueryEntities,struct,OpenIntelligence/Services/Query/Analysis/SpecificationExtractor.swift,1404-1413,Unknown,Low,Yes,code_verified,exact,OpenIntelligence/Services/Query/Analysis/SpecificationExtractor.swift,scan_codebase.py,Swift struct parser match
ContextualCompressionService,class,OpenIntelligence/Services/Query/Enhancement/ContextualCompressionService.swift,21-346,Service,High,Yes,code_verified,exact,OpenIntelligence/Services/Query/Enhancement/ContextualCompressionService.swift,scan_codebase.py,Swift class parser match
Config,struct,OpenIntelligence/Services/Query/Enhancement/ContextualCompressionService.swift,23-73,Model,Low,Yes,code_verified,exact,OpenIntelligence/Services/Query/Enhancement/ContextualCompressionService.swift,scan_codebase.py,Swift struct parser match
CompressionResult,struct,OpenIntelligence/Services/Query/Enhancement/ContextualCompressionService.swift,349-441,Model,Low,Yes,code_verified,exact,OpenIntelligence/Services/Query/Enhancement/ContextualCompressionService.swift,scan_codebase.py,Swift struct parser match
ContextualCompressionService,extension,OpenIntelligence/Services/Query/Enhancement/ContextualCompressionService.swift,445-537,Service,Medium,Yes,code_verified,exact,OpenIntelligence/Services/Query/Enhancement/ContextualCompressionService.swift,scan_codebase.py,Swift extension parser match
GroundingVerification,struct,OpenIntelligence/Services/Query/Enhancement/ContextualCompressionService.swift,540-558,Model,Low,Yes,code_verified,exact,OpenIntelligence/Services/Query/Enhancement/ContextualCompressionService.swift,scan_codebase.py,Swift struct parser match
Status,enum,OpenIntelligence/Services/Query/Enhancement/ContextualCompressionService.swift,541-547,Model,Low,Yes,code_verified,exact,OpenIntelligence/Services/Query/Enhancement/ContextualCompressionService.swift,scan_codebase.py,Swift enum parser match
CorpusVocabulary,struct,OpenIntelligence/Services/Query/Enhancement/QueryEnhancementService.swift,12-21,Model,Low,Yes,code_verified,exact,OpenIntelligence/Services/Query/Enhancement/QueryEnhancementService.swift,scan_codebase.py,Swift struct parser match
QueryIntent,enum,OpenIntelligence/Services/Query/Enhancement/QueryEnhancementService.swift,24-51,Model,Low,Yes,code_verified,exact,OpenIntelligence/Services/Query/Enhancement/QueryEnhancementService.swift,scan_codebase.py,Swift enum parser match
AnswerIntent,enum,OpenIntelligence/Services/Query/Enhancement/QueryEnhancementService.swift,57-159,Model,Low,Yes,code_verified,exact,OpenIntelligence/Services/Query/Enhancement/QueryEnhancementService.swift,scan_codebase.py,Swift enum parser match
QueryEnhancementService,class,OpenIntelligence/Services/Query/Enhancement/QueryEnhancementService.swift,165-1070,Service,High,Yes,code_verified,exact,OpenIntelligence/Services/Query/Enhancement/QueryEnhancementService.swift,scan_codebase.py,Swift class parser match
CorpusVocabulary,extension,OpenIntelligence/Services/Query/Enhancement/QueryEnhancementService.swift,1074-1235,Extension,Low,Yes,code_verified,exact,OpenIntelligence/Services/Query/Enhancement/QueryEnhancementService.swift,scan_codebase.py,Swift extension parser match
HyDEService,class,OpenIntelligence/Services/Query/Rewriting/HyDEService.swift,22-234,Service,High,Yes,code_verified,exact,OpenIntelligence/Services/Query/Rewriting/HyDEService.swift,scan_codebase.py,Swift class parser match
Config,struct,OpenIntelligence/Services/Query/Rewriting/HyDEService.swift,34-55,Model,Low,Yes,code_verified,exact,OpenIntelligence/Services/Query/Rewriting/HyDEService.swift,scan_codebase.py,Swift struct parser match
HyDEResult,struct,OpenIntelligence/Services/Query/Rewriting/HyDEService.swift,237-248,Model,Low,Yes,code_verified,exact,OpenIntelligence/Services/Query/Rewriting/HyDEService.swift,scan_codebase.py,Swift struct parser match
HyDEError,enum,OpenIntelligence/Services/Query/Rewriting/HyDEService.swift,251-266,Unknown,Low,Yes,code_verified,exact,OpenIntelligence/Services/Query/Rewriting/HyDEService.swift,scan_codebase.py,Swift enum parser match
HyDEService,extension,OpenIntelligence/Services/Query/Rewriting/HyDEService.swift,270-307,Service,Medium,Yes,code_verified,exact,OpenIntelligence/Services/Query/Rewriting/HyDEService.swift,scan_codebase.py,Swift extension parser match
ConversationTurn,struct,OpenIntelligence/Services/Query/Rewriting/QueryRewriterService.swift,19-23,Model,Low,Yes,code_verified,exact,OpenIntelligence/Services/Query/Rewriting/QueryRewriterService.swift,scan_codebase.py,Swift struct parser match
RewrittenQuery,struct,OpenIntelligence/Services/Query/Rewriting/QueryRewriterService.swift,26-35,Model,Low,Yes,code_verified,exact,OpenIntelligence/Services/Query/Rewriting/QueryRewriterService.swift,scan_codebase.py,Swift struct parser match
SemanticIntent,enum,OpenIntelligence/Services/Query/Rewriting/QueryRewriterService.swift,38-49,Model,Low,Yes,code_verified,exact,OpenIntelligence/Services/Query/Rewriting/QueryRewriterService.swift,scan_codebase.py,Swift enum parser match
QueryRewriterService,class,OpenIntelligence/Services/Query/Rewriting/QueryRewriterService.swift,57-440,Service,High,Yes,code_verified,exact,OpenIntelligence/Services/Query/Rewriting/QueryRewriterService.swift,scan_codebase.py,Swift class parser match
AmbiguityType,enum,OpenIntelligence/Services/Query/Rewriting/QueryRewriterService.swift,137-142,Unknown,Low,Yes,code_verified,exact,OpenIntelligence/Services/Query/Rewriting/QueryRewriterService.swift,scan_codebase.py,Swift enum parser match
QueryRewriterError,enum,OpenIntelligence/Services/Query/Rewriting/QueryRewriterService.swift,444-456,Unknown,Low,Yes,code_verified,exact,OpenIntelligence/Services/Query/Rewriting/QueryRewriterService.swift,scan_codebase.py,Swift enum parser match
QueryType,enum,OpenIntelligence/Services/Query/Routing/QueryRouterService.swift,22-61,Model,Low,Yes,code_verified,exact,OpenIntelligence/Services/Query/Routing/QueryRouterService.swift,scan_codebase.py,Swift enum parser match
QueryClassification,struct,OpenIntelligence/Services/Query/Routing/QueryRouterService.swift,64-78,Model,Low,Yes,code_verified,exact,OpenIntelligence/Services/Query/Routing/QueryRouterService.swift,scan_codebase.py,Swift struct parser match
QueryRouterService,actor,OpenIntelligence/Services/Query/Routing/QueryRouterService.swift,84-285,Service,High,Yes,code_verified,exact,OpenIntelligence/Services/Query/Routing/QueryRouterService.swift,scan_codebase.py,Swift actor parser match
QueryRouterService,extension,OpenIntelligence/Services/Query/Routing/QueryRouterService.swift,289-329,Service,Medium,Yes,code_verified,exact,OpenIntelligence/Services/Query/Routing/QueryRouterService.swift,scan_codebase.py,Swift extension parser match
SmartReply,struct,OpenIntelligence/Services/Query/UX/SmartReplyService.swift,15-20,Model,Low,Yes,code_verified,exact,OpenIntelligence/Services/Query/UX/SmartReplyService.swift,scan_codebase.py,Swift struct parser match
SmartReplyCategory,enum,OpenIntelligence/Services/Query/UX/SmartReplyService.swift,23-42,Model,Low,Yes,code_verified,exact,OpenIntelligence/Services/Query/UX/SmartReplyService.swift,scan_codebase.py,Swift enum parser match
SmartReplyService,actor,OpenIntelligence/Services/Query/UX/SmartReplyService.swift,46-545,Service,High,Yes,code_verified,exact,OpenIntelligence/Services/Query/UX/SmartReplyService.swift,scan_codebase.py,Swift actor parser match
SuggestedQuestionList,struct,OpenIntelligence/Services/Query/UX/SuggestedQuestionsService.swift,40-43,Model,Low,Yes,code_verified,exact,OpenIntelligence/Services/Query/UX/SuggestedQuestionsService.swift,scan_codebase.py,Swift struct parser match
SuggestedQuestionsService,actor,OpenIntelligence/Services/Query/UX/SuggestedQuestionsService.swift,46-4006,Service,High,Yes,code_verified,exact,OpenIntelligence/Services/Query/UX/SuggestedQuestionsService.swift,scan_codebase.py,Swift actor parser match
QuestionCategory,enum,OpenIntelligence/Services/Query/UX/SuggestedQuestionsService.swift,53-72,Model,Low,Yes,code_verified,exact,OpenIntelligence/Services/Query/UX/SuggestedQuestionsService.swift,scan_codebase.py,Swift enum parser match
SuggestedQuestion,struct,OpenIntelligence/Services/Query/UX/SuggestedQuestionsService.swift,75-104,Model,Low,Yes,code_verified,exact,OpenIntelligence/Services/Query/UX/SuggestedQuestionsService.swift,scan_codebase.py,Swift struct parser match
CachedEntry,struct,OpenIntelligence/Services/Query/UX/SuggestedQuestionsService.swift,111-115,Model,Low,Yes,code_verified,exact,OpenIntelligence/Services/Query/UX/SuggestedQuestionsService.swift,scan_codebase.py,Swift struct parser match
TimeoutError,enum,OpenIntelligence/Services/Query/UX/SuggestedQuestionsService.swift,598-600,Unknown,Low,Yes,code_verified,exact,OpenIntelligence/Services/Query/UX/SuggestedQuestionsService.swift,scan_codebase.py,Swift enum parser match
GroundedPassage,struct,OpenIntelligence/Services/Query/UX/SuggestedQuestionsService.swift,1046-1055,Model,Low,Yes,code_verified,exact,OpenIntelligence/Services/Query/UX/SuggestedQuestionsService.swift,scan_codebase.py,Swift struct parser match
QuestionDraft,struct,OpenIntelligence/Services/Query/UX/SuggestedQuestionsService.swift,1057-1061,Model,Low,Yes,code_verified,exact,OpenIntelligence/Services/Query/UX/SuggestedQuestionsService.swift,scan_codebase.py,Swift struct parser match
VisualEvidenceMetadata,struct,OpenIntelligence/Services/RAG/Evidence/VisualEvidenceSource.swift,12-18,Model,Low,Yes,code_verified,exact,OpenIntelligence/Services/RAG/Evidence/VisualEvidenceSource.swift,scan_codebase.py,Swift struct parser match
VisualEvidenceSource,struct,OpenIntelligence/Services/RAG/Evidence/VisualEvidenceSource.swift,21-41,Model,Low,Yes,code_verified,exact,OpenIntelligence/Services/RAG/Evidence/VisualEvidenceSource.swift,scan_codebase.py,Swift struct parser match
ExtractiveQAService,protocol,OpenIntelligence/Services/RAG/Extraction/ExtractiveQAService.swift,28-41,Service,High,Yes,code_verified,exact,OpenIntelligence/Services/RAG/Extraction/ExtractiveQAService.swift,scan_codebase.py,Swift protocol parser match
ExtractionResult,struct,OpenIntelligence/Services/RAG/Extraction/ExtractiveQAService.swift,46-70,Model,Low,Yes,code_verified,exact,OpenIntelligence/Services/RAG/Extraction/ExtractiveQAService.swift,scan_codebase.py,Swift struct parser match
ExtractiveModelInfo,struct,OpenIntelligence/Services/RAG/Extraction/ExtractiveQAService.swift,73-89,Model,Low,Yes,code_verified,exact,OpenIntelligence/Services/RAG/Extraction/ExtractiveQAService.swift,scan_codebase.py,Swift struct parser match
PlaceholderExtractiveQAService,actor,OpenIntelligence/Services/RAG/Extraction/ExtractiveQAService.swift,95-106,Service,High,Yes,code_verified,exact,OpenIntelligence/Services/RAG/Extraction/ExtractiveQAService.swift,scan_codebase.py,Swift actor parser match
HeuristicExtractiveQAService,actor,OpenIntelligence/Services/RAG/Extraction/ExtractiveQAService.swift,230-580,Service,High,Yes,code_verified,exact,OpenIntelligence/Services/RAG/Extraction/ExtractiveQAService.swift,scan_codebase.py,Swift actor parser match
QuestionType,enum,OpenIntelligence/Services/RAG/Extraction/ExtractiveQAService.swift,315-317,Unknown,Low,Yes,code_verified,exact,OpenIntelligence/Services/RAG/Extraction/ExtractiveQAService.swift,scan_codebase.py,Swift enum parser match
ExtractiveQAServiceFactory,enum,OpenIntelligence/Services/RAG/Extraction/ExtractiveQAService.swift,585-593,Service,High,Yes,code_verified,exact,OpenIntelligence/Services/RAG/Extraction/ExtractiveQAService.swift,scan_codebase.py,Swift enum parser match
ExtractiveSummary,struct,OpenIntelligence/Services/RAG/Extraction/ExtractiveSummarizationService.swift,26-41,Model,Low,Yes,code_verified,exact,OpenIntelligence/Services/RAG/Extraction/ExtractiveSummarizationService.swift,scan_codebase.py,Swift struct parser match
SelectedSentence,struct,OpenIntelligence/Services/RAG/Extraction/ExtractiveSummarizationService.swift,44-59,Model,Low,Yes,code_verified,exact,OpenIntelligence/Services/RAG/Extraction/ExtractiveSummarizationService.swift,scan_codebase.py,Swift struct parser match
ExtractiveSummarizationService,actor,OpenIntelligence/Services/RAG/Extraction/ExtractiveSummarizationService.swift,65-295,Service,High,Yes,code_verified,exact,OpenIntelligence/Services/RAG/Extraction/ExtractiveSummarizationService.swift,scan_codebase.py,Swift actor parser match
ExtractiveSummarizationService,extension,OpenIntelligence/Services/RAG/Extraction/ExtractiveSummarizationService.swift,299-315,Service,Medium,Yes,code_verified,exact,OpenIntelligence/Services/RAG/Extraction/ExtractiveSummarizationService.swift,scan_codebase.py,Swift extension parser match
QueryExecutionPath,enum,OpenIntelligence/Services/RAG/Orchestration/QueryRuntimeCoordinator.swift,25-34,Unknown,Low,Yes,code_verified,exact,OpenIntelligence/Services/RAG/Orchestration/QueryRuntimeCoordinator.swift,scan_codebase.py,Swift enum parser match
QueryRuntimeContext,struct,OpenIntelligence/Services/RAG/Orchestration/QueryRuntimeCoordinator.swift,40-86,Unknown,Low,Yes,code_verified,exact,OpenIntelligence/Services/RAG/Orchestration/QueryRuntimeCoordinator.swift,scan_codebase.py,Swift struct parser match
QueryRuntimeCoordinator,class,OpenIntelligence/Services/RAG/Orchestration/QueryRuntimeCoordinator.swift,100-290,Service,High,Yes,code_verified,exact,OpenIntelligence/Services/RAG/Orchestration/QueryRuntimeCoordinator.swift,scan_codebase.py,Swift class parser match
RAGEngine,actor,OpenIntelligence/Services/RAG/Orchestration/RAGEngine.swift,22-1271,Service,High,Yes,code_verified,exact,OpenIntelligence/Services/RAG/Orchestration/RAGEngine.swift,scan_codebase.py,Swift actor parser match
TokenizedInput,struct,OpenIntelligence/Services/RAG/Orchestration/RAGEngine.swift,1297-1302,Model,Low,Yes,code_verified,exact,OpenIntelligence/Services/RAG/Orchestration/RAGEngine.swift,scan_codebase.py,Swift struct parser match
RAGService,extension,OpenIntelligence/Services/RAG/Orchestration/RAGService+KnowledgeRetrievalEngine.swift,3-14,Service,High,Yes,code_verified,exact,OpenIntelligence/Services/RAG/Orchestration/RAGService+KnowledgeRetrievalEngine.swift,scan_codebase.py,Swift extension parser match
Array,extension,OpenIntelligence/Services/RAG/Orchestration/RAGService.swift,25-36,Extension,Low,Yes,code_verified,exact,OpenIntelligence/Services/RAG/Orchestration/RAGService.swift,scan_codebase.py,Swift extension parser match
UUID,extension,OpenIntelligence/Services/RAG/Orchestration/RAGService.swift,38-53,Extension,Low,Yes,code_verified,exact,OpenIntelligence/Services/RAG/Orchestration/RAGService.swift,scan_codebase.py,Swift extension parser match
RetrievalLogEntry,struct,OpenIntelligence/Services/RAG/Orchestration/RAGService.swift,55-62,Model,Low,Yes,code_verified,exact,OpenIntelligence/Services/RAG/Orchestration/RAGService.swift,scan_codebase.py,Swift struct parser match
RAGAuditFeatureFlags,struct,OpenIntelligence/Services/RAG/Orchestration/RAGService.swift,64-119,Model,Low,Yes,code_verified,exact,OpenIntelligence/Services/RAG/Orchestration/RAGService.swift,scan_codebase.py,Swift struct parser match
RAGAuditSnapshot,struct,OpenIntelligence/Services/RAG/Orchestration/RAGService.swift,121-280,Model,Low,Yes,code_verified,exact,OpenIntelligence/Services/RAG/Orchestration/RAGService.swift,scan_codebase.py,Swift struct parser match
VectorStoreAudit,struct,OpenIntelligence/Services/RAG/Orchestration/RAGService.swift,282-294,Model,Low,Yes,code_verified,exact,OpenIntelligence/Services/RAG/Orchestration/RAGService.swift,scan_codebase.py,Swift struct parser match
ReembedProgress,struct,OpenIntelligence/Services/RAG/Orchestration/RAGService.swift,296-305,Model,Low,Yes,code_verified,exact,OpenIntelligence/Services/RAG/Orchestration/RAGService.swift,scan_codebase.py,Swift struct parser match
IngestionContext,enum,OpenIntelligence/Services/RAG/Orchestration/RAGService.swift,307-320,Model,Low,Yes,code_verified,exact,OpenIntelligence/Services/RAG/Orchestration/RAGService.swift,scan_codebase.py,Swift enum parser match
RAGService,class,OpenIntelligence/Services/RAG/Orchestration/RAGService.swift,324-15606,ViewModel,High,Yes,code_verified,exact,OpenIntelligence/Services/RAG/Orchestration/RAGService.swift,scan_codebase.py,Swift class parser match
ChunkingDefaults,enum,OpenIntelligence/Services/RAG/Orchestration/RAGService.swift,1108-1111,Unknown,Low,Yes,code_verified,exact,OpenIntelligence/Services/RAG/Orchestration/RAGService.swift,scan_codebase.py,Swift enum parser match
EmbeddingAutoAction,struct,OpenIntelligence/Services/RAG/Orchestration/RAGService.swift,1113-1117,Unknown,Low,Yes,code_verified,exact,OpenIntelligence/Services/RAG/Orchestration/RAGService.swift,scan_codebase.py,Swift struct parser match
EmbeddingContext,struct,OpenIntelligence/Services/RAG/Orchestration/RAGService.swift,1120-1126,Unknown,Low,Yes,code_verified,exact,OpenIntelligence/Services/RAG/Orchestration/RAGService.swift,scan_codebase.py,Swift struct parser match
EmbeddingDiagnosticsSnapshot,struct,OpenIntelligence/Services/RAG/Orchestration/RAGService.swift,1128-1143,Model,Low,Yes,code_verified,exact,OpenIntelligence/Services/RAG/Orchestration/RAGService.swift,scan_codebase.py,Swift struct parser match
ChunkAutoAction,struct,OpenIntelligence/Services/RAG/Orchestration/RAGService.swift,1145-1148,Unknown,Low,Yes,code_verified,exact,OpenIntelligence/Services/RAG/Orchestration/RAGService.swift,scan_codebase.py,Swift struct parser match
ConsentDefaults,enum,OpenIntelligence/Services/RAG/Orchestration/RAGService.swift,1150-1156,Unknown,Low,Yes,code_verified,exact,OpenIntelligence/Services/RAG/Orchestration/RAGService.swift,scan_codebase.py,Swift enum parser match
PersistedIngestionContext,struct,OpenIntelligence/Services/RAG/Orchestration/RAGService.swift,1158-1161,Model,Low,Yes,code_verified,exact,OpenIntelligence/Services/RAG/Orchestration/RAGService.swift,scan_codebase.py,Swift struct parser match
PersistedIngestionQueueState,struct,OpenIntelligence/Services/RAG/Orchestration/RAGService.swift,1163-1167,Model,Low,Yes,code_verified,exact,OpenIntelligence/Services/RAG/Orchestration/RAGService.swift,scan_codebase.py,Swift struct parser match
SpecSearchConcept,struct,OpenIntelligence/Services/RAG/Orchestration/RAGService.swift,2058-2060,Unknown,Low,Yes,code_verified,exact,OpenIntelligence/Services/RAG/Orchestration/RAGService.swift,scan_codebase.py,Swift struct parser match
SentenceExtractionResult,struct,OpenIntelligence/Services/RAG/Orchestration/RAGService.swift,2525-2531,Model,Low,Yes,code_verified,exact,OpenIntelligence/Services/RAG/Orchestration/RAGService.swift,scan_codebase.py,Swift struct parser match
ScoredSentence,struct,OpenIntelligence/Services/RAG/Orchestration/RAGService.swift,2687-2694,Unknown,Low,Yes,code_verified,exact,OpenIntelligence/Services/RAG/Orchestration/RAGService.swift,scan_codebase.py,Swift struct parser match
Candidate,struct,OpenIntelligence/Services/RAG/Orchestration/RAGService.swift,13433-13438,Unknown,Low,Yes,code_verified,exact,OpenIntelligence/Services/RAG/Orchestration/RAGService.swift,scan_codebase.py,Swift struct parser match
StreamCapture,actor,OpenIntelligence/Services/RAG/Orchestration/RAGService.swift,13713-13790,Unknown,Medium,Yes,code_verified,exact,OpenIntelligence/Services/RAG/Orchestration/RAGService.swift,scan_codebase.py,Swift actor parser match
RAGService,extension,OpenIntelligence/Services/RAG/Orchestration/RAGService.swift,15613-15928,Service,High,Yes,code_verified,exact,OpenIntelligence/Services/RAG/Orchestration/RAGService.swift,scan_codebase.py,Swift extension parser match
DeviceChip,enum,OpenIntelligence/Services/RAG/Orchestration/RAGService.swift,15932-16005,Unknown,Low,Yes,code_verified,exact,OpenIntelligence/Services/RAG/Orchestration/RAGService.swift,scan_codebase.py,Swift enum parser match
DeviceCapabilities,struct,OpenIntelligence/Services/RAG/Orchestration/RAGService.swift,16009-16112,Unknown,Low,Yes,code_verified,exact,OpenIntelligence/Services/RAG/Orchestration/RAGService.swift,scan_codebase.py,Swift struct parser match
DeviceTier,enum,OpenIntelligence/Services/RAG/Orchestration/RAGService.swift,16085-16111,Unknown,Low,Yes,code_verified,exact,OpenIntelligence/Services/RAG/Orchestration/RAGService.swift,scan_codebase.py,Swift enum parser match
RAGServiceError,enum,OpenIntelligence/Services/RAG/Orchestration/RAGService.swift,16116-16143,Unknown,Low,Yes,code_verified,exact,OpenIntelligence/Services/RAG/Orchestration/RAGService.swift,scan_codebase.py,Swift enum parser match
RAGService,extension,OpenIntelligence/Services/RAG/Orchestration/RAGService.swift,16149-17030,Service,High,Yes,code_verified,exact,OpenIntelligence/Services/RAG/Orchestration/RAGService.swift,scan_codebase.py,Swift extension parser match
ContainerVocabulary,struct,OpenIntelligence/Services/RAG/Retrieval/ContainerVocabularyService.swift,23-72,Model,Low,Yes,code_verified,exact,OpenIntelligence/Services/RAG/Retrieval/ContainerVocabularyService.swift,scan_codebase.py,Swift struct parser match
ContainerVocabularyService,actor,OpenIntelligence/Services/RAG/Retrieval/ContainerVocabularyService.swift,75-382,Service,High,Yes,code_verified,exact,OpenIntelligence/Services/RAG/Retrieval/ContainerVocabularyService.swift,scan_codebase.py,Swift actor parser match
PackedContext,struct,OpenIntelligence/Services/RAG/Retrieval/ContextPackingService.swift,28-46,Model,Low,Yes,code_verified,exact,OpenIntelligence/Services/RAG/Retrieval/ContextPackingService.swift,scan_codebase.py,Swift struct parser match
ContextPackingService,actor,OpenIntelligence/Services/RAG/Retrieval/ContextPackingService.swift,52-445,Service,High,Yes,code_verified,exact,OpenIntelligence/Services/RAG/Retrieval/ContextPackingService.swift,scan_codebase.py,Swift actor parser match
ContextPackingService,extension,OpenIntelligence/Services/RAG/Retrieval/ContextPackingService.swift,449-494,Service,Medium,Yes,code_verified,exact,OpenIntelligence/Services/RAG/Retrieval/ContextPackingService.swift,scan_codebase.py,Swift extension parser match
CrossReference,struct,OpenIntelligence/Services/RAG/Retrieval/GraphIndexService.swift,26-58,Model,Low,Yes,code_verified,exact,OpenIntelligence/Services/RAG/Retrieval/GraphIndexService.swift,scan_codebase.py,Swift struct parser match
ReferenceType,enum,OpenIntelligence/Services/RAG/Retrieval/GraphIndexService.swift,39-49,Model,Low,Yes,code_verified,exact,OpenIntelligence/Services/RAG/Retrieval/GraphIndexService.swift,scan_codebase.py,Swift enum parser match
ChunkGraphEdges,struct,OpenIntelligence/Services/RAG/Retrieval/GraphIndexService.swift,61-89,Model,Low,Yes,code_verified,exact,OpenIntelligence/Services/RAG/Retrieval/GraphIndexService.swift,scan_codebase.py,Swift struct parser match
GraphIndexService,actor,OpenIntelligence/Services/RAG/Retrieval/GraphIndexService.swift,95-524,Service,High,Yes,code_verified,exact,OpenIntelligence/Services/RAG/Retrieval/GraphIndexService.swift,scan_codebase.py,Swift actor parser match
BM25Snapshot,struct,OpenIntelligence/Services/RAG/Retrieval/HybridSearchService.swift,32-36,Model,Low,Yes,code_verified,exact,OpenIntelligence/Services/RAG/Retrieval/HybridSearchService.swift,scan_codebase.py,Swift struct parser match
BM25Scorer,struct,OpenIntelligence/Services/RAG/Retrieval/HybridSearchService.swift,40-119,Unknown,Low,Yes,code_verified,exact,OpenIntelligence/Services/RAG/Retrieval/HybridSearchService.swift,scan_codebase.py,Swift struct parser match
Storage,class,OpenIntelligence/Services/RAG/Retrieval/HybridSearchService.swift,41-45,Unknown,Medium,Yes,code_verified,exact,OpenIntelligence/Services/RAG/Retrieval/HybridSearchService.swift,scan_codebase.py,Swift class parser match
BM25Scorer,extension,OpenIntelligence/Services/RAG/Retrieval/HybridSearchService.swift,121-157,Extension,Low,Yes,code_verified,exact,OpenIntelligence/Services/RAG/Retrieval/HybridSearchService.swift,scan_codebase.py,Swift extension parser match
HybridSearchService,class,OpenIntelligence/Services/RAG/Retrieval/HybridSearchService.swift,160-1074,Service,High,Yes,code_verified,exact,OpenIntelligence/Services/RAG/Retrieval/HybridSearchService.swift,scan_codebase.py,Swift class parser match
RetrievalIteration,struct,OpenIntelligence/Services/RAG/Retrieval/IterativeRetrievalService.swift,22-29,Model,Low,Yes,code_verified,exact,OpenIntelligence/Services/RAG/Retrieval/IterativeRetrievalService.swift,scan_codebase.py,Swift struct parser match
IterativeRetrievalResult,struct,OpenIntelligence/Services/RAG/Retrieval/IterativeRetrievalService.swift,32-53,Model,Low,Yes,code_verified,exact,OpenIntelligence/Services/RAG/Retrieval/IterativeRetrievalService.swift,scan_codebase.py,Swift struct parser match
IterativeRetrievalConfig,struct,OpenIntelligence/Services/RAG/Retrieval/IterativeRetrievalService.swift,56-89,Model,Low,Yes,code_verified,exact,OpenIntelligence/Services/RAG/Retrieval/IterativeRetrievalService.swift,scan_codebase.py,Swift struct parser match
IterativeRetrievalService,class,OpenIntelligence/Services/RAG/Retrieval/IterativeRetrievalService.swift,99-422,Service,High,Yes,code_verified,exact,OpenIntelligence/Services/RAG/Retrieval/IterativeRetrievalService.swift,scan_codebase.py,Swift class parser match
ConfidenceAssessment,struct,OpenIntelligence/Services/RAG/Retrieval/IterativeRetrievalService.swift,272-275,Unknown,Low,Yes,code_verified,exact,OpenIntelligence/Services/RAG/Retrieval/IterativeRetrievalService.swift,scan_codebase.py,Swift struct parser match
IterativeRetrievalError,enum,OpenIntelligence/Services/RAG/Retrieval/IterativeRetrievalService.swift,426-441,Unknown,Low,Yes,code_verified,exact,OpenIntelligence/Services/RAG/Retrieval/IterativeRetrievalService.swift,scan_codebase.py,Swift enum parser match
ParentDocumentService,class,OpenIntelligence/Services/RAG/Retrieval/ParentDocumentService.swift,18-405,Service,High,Yes,code_verified,exact,OpenIntelligence/Services/RAG/Retrieval/ParentDocumentService.swift,scan_codebase.py,Swift class parser match
Config,struct,OpenIntelligence/Services/RAG/Retrieval/ParentDocumentService.swift,21-62,Model,Low,Yes,code_verified,exact,OpenIntelligence/Services/RAG/Retrieval/ParentDocumentService.swift,scan_codebase.py,Swift struct parser match
ExpansionResult,struct,OpenIntelligence/Services/RAG/Retrieval/ParentDocumentService.swift,66-77,Model,Low,Yes,code_verified,exact,OpenIntelligence/Services/RAG/Retrieval/ParentDocumentService.swift,scan_codebase.py,Swift struct parser match
SiblingGroup,struct,OpenIntelligence/Services/RAG/Retrieval/ParentDocumentService.swift,286-289,Unknown,Low,Yes,code_verified,exact,OpenIntelligence/Services/RAG/Retrieval/ParentDocumentService.swift,scan_codebase.py,Swift struct parser match
RAPTORSummaryRouter,class,OpenIntelligence/Services/RAG/Retrieval/RAPTORSummaryRouter.swift,11-22,Service,High,Yes,code_verified,exact,OpenIntelligence/Services/RAG/Retrieval/RAPTORSummaryRouter.swift,scan_codebase.py,Swift class parser match
CalibrationParameters,struct,OpenIntelligence/Services/RAG/Safety/ConfidenceCalibrationService.swift,26-74,Model,Low,Yes,code_verified,exact,OpenIntelligence/Services/RAG/Safety/ConfidenceCalibrationService.swift,scan_codebase.py,Swift struct parser match
CalibratedConfidence,struct,OpenIntelligence/Services/RAG/Safety/ConfidenceCalibrationService.swift,79-116,Model,Low,Yes,code_verified,exact,OpenIntelligence/Services/RAG/Safety/ConfidenceCalibrationService.swift,scan_codebase.py,Swift struct parser match
ConfidenceLevel,enum,OpenIntelligence/Services/RAG/Safety/ConfidenceCalibrationService.swift,92-108,Model,Low,Yes,code_verified,exact,OpenIntelligence/Services/RAG/Safety/ConfidenceCalibrationService.swift,scan_codebase.py,Swift enum parser match
ConfidenceComponents,struct,OpenIntelligence/Services/RAG/Safety/ConfidenceCalibrationService.swift,110-115,Model,Low,Yes,code_verified,exact,OpenIntelligence/Services/RAG/Safety/ConfidenceCalibrationService.swift,scan_codebase.py,Swift struct parser match
ConfidenceCalibrationService,class,OpenIntelligence/Services/RAG/Safety/ConfidenceCalibrationService.swift,122-284,Service,High,Yes,code_verified,exact,OpenIntelligence/Services/RAG/Safety/ConfidenceCalibrationService.swift,scan_codebase.py,Swift class parser match
ConfidenceCalibrationService,extension,OpenIntelligence/Services/RAG/Safety/ConfidenceCalibrationService.swift,288-301,Service,Medium,Yes,code_verified,exact,OpenIntelligence/Services/RAG/Safety/ConfidenceCalibrationService.swift,scan_codebase.py,Swift extension parser match
DomainIsolationService,enum,OpenIntelligence/Services/RAG/Safety/DomainIsolationService.swift,3-328,Service,High,Yes,code_verified,exact,OpenIntelligence/Services/RAG/Safety/DomainIsolationService.swift,scan_codebase.py,Swift enum parser match
ScientificDomain,enum,OpenIntelligence/Services/RAG/Safety/DomainIsolationService.swift,4-86,Model,Low,Yes,code_verified,exact,OpenIntelligence/Services/RAG/Safety/DomainIsolationService.swift,scan_codebase.py,Swift enum parser match
Classification,struct,OpenIntelligence/Services/RAG/Safety/DomainIsolationService.swift,88-93,Model,Low,Yes,code_verified,exact,OpenIntelligence/Services/RAG/Safety/DomainIsolationService.swift,scan_codebase.py,Swift struct parser match
ClassifiedChunk,struct,OpenIntelligence/Services/RAG/Safety/DomainIsolationService.swift,95-98,Model,Low,Yes,code_verified,exact,OpenIntelligence/Services/RAG/Safety/DomainIsolationService.swift,scan_codebase.py,Swift struct parser match
Assessment,struct,OpenIntelligence/Services/RAG/Safety/DomainIsolationService.swift,100-113,Model,Low,Yes,code_verified,exact,OpenIntelligence/Services/RAG/Safety/DomainIsolationService.swift,scan_codebase.py,Swift struct parser match
RAGQualityMetrics,struct,OpenIntelligence/Services/RAG/Safety/QualityAssuranceService.swift,37-93,Model,Low,Yes,code_verified,exact,OpenIntelligence/Services/RAG/Safety/QualityAssuranceService.swift,scan_codebase.py,Swift struct parser match
RAGBenchmarkCaseResult,struct,OpenIntelligence/Services/RAG/Safety/QualityAssuranceService.swift,95-116,Model,Low,Yes,code_verified,exact,OpenIntelligence/Services/RAG/Safety/QualityAssuranceService.swift,scan_codebase.py,Swift struct parser match
QueryClass,enum,OpenIntelligence/Services/RAG/Safety/QualityAssuranceService.swift,96-105,Model,Low,Yes,code_verified,exact,OpenIntelligence/Services/RAG/Safety/QualityAssuranceService.swift,scan_codebase.py,Swift enum parser match
RAGBenchmarkPipelineCensus,struct,OpenIntelligence/Services/RAG/Safety/QualityAssuranceService.swift,118-151,Model,Low,Yes,code_verified,exact,OpenIntelligence/Services/RAG/Safety/QualityAssuranceService.swift,scan_codebase.py,Swift struct parser match
RAGBenchmarkSuiteResult,struct,OpenIntelligence/Services/RAG/Safety/QualityAssuranceService.swift,153-158,Model,Low,Yes,code_verified,exact,OpenIntelligence/Services/RAG/Safety/QualityAssuranceService.swift,scan_codebase.py,Swift struct parser match
QATestCase,struct,OpenIntelligence/Services/RAG/Safety/QualityAssuranceService.swift,163-184,Model,Low,Yes,code_verified,exact,OpenIntelligence/Services/RAG/Safety/QualityAssuranceService.swift,scan_codebase.py,Swift struct parser match
AnswerType,enum,OpenIntelligence/Services/RAG/Safety/QualityAssuranceService.swift,171-177,Model,Low,Yes,code_verified,exact,OpenIntelligence/Services/RAG/Safety/QualityAssuranceService.swift,scan_codebase.py,Swift enum parser match
Difficulty,enum,OpenIntelligence/Services/RAG/Safety/QualityAssuranceService.swift,179-183,Model,Low,Yes,code_verified,exact,OpenIntelligence/Services/RAG/Safety/QualityAssuranceService.swift,scan_codebase.py,Swift enum parser match
EmbeddingSimilarityPair,struct,OpenIntelligence/Services/RAG/Safety/QualityAssuranceService.swift,187-192,Model,Low,Yes,code_verified,exact,OpenIntelligence/Services/RAG/Safety/QualityAssuranceService.swift,scan_codebase.py,Swift struct parser match
QualityAssuranceService,actor,OpenIntelligence/Services/RAG/Safety/QualityAssuranceService.swift,197-834,Service,High,Yes,code_verified,exact,OpenIntelligence/Services/RAG/Safety/QualityAssuranceService.swift,scan_codebase.py,Swift actor parser match
QualityAssuranceService,extension,OpenIntelligence/Services/RAG/Safety/QualityAssuranceService.swift,838-858,Service,High,Yes,code_verified,exact,OpenIntelligence/Services/RAG/Safety/QualityAssuranceService.swift,scan_codebase.py,Swift extension parser match
SourceOnlyClaimDraft,struct,OpenIntelligence/Services/RAG/Safety/SourceOnlyAnswerService.swift,7-22,Model,Low,Yes,code_verified,exact,OpenIntelligence/Services/RAG/Safety/SourceOnlyAnswerService.swift,scan_codebase.py,Swift struct parser match
SourceOnlyDomainBlockDraft,struct,OpenIntelligence/Services/RAG/Safety/SourceOnlyAnswerService.swift,26-65,Model,Low,Yes,code_verified,exact,OpenIntelligence/Services/RAG/Safety/SourceOnlyAnswerService.swift,scan_codebase.py,Swift struct parser match
SourceOnlyAnswerDraft,struct,OpenIntelligence/Services/RAG/Safety/SourceOnlyAnswerService.swift,69-87,Model,Low,Yes,code_verified,exact,OpenIntelligence/Services/RAG/Safety/SourceOnlyAnswerService.swift,scan_codebase.py,Swift struct parser match
SourceOnlyClaimReview,struct,OpenIntelligence/Services/RAG/Safety/SourceOnlyAnswerService.swift,91-109,Model,Low,Yes,code_verified,exact,OpenIntelligence/Services/RAG/Safety/SourceOnlyAnswerService.swift,scan_codebase.py,Swift struct parser match
SourceOnlyReviewBundle,struct,OpenIntelligence/Services/RAG/Safety/SourceOnlyAnswerService.swift,113-116,Model,Low,Yes,code_verified,exact,OpenIntelligence/Services/RAG/Safety/SourceOnlyAnswerService.swift,scan_codebase.py,Swift struct parser match
SourceOnlyClaimVerdict,enum,OpenIntelligence/Services/RAG/Safety/SourceOnlyAnswerService.swift,118-123,Model,Low,Yes,code_verified,exact,OpenIntelligence/Services/RAG/Safety/SourceOnlyAnswerService.swift,scan_codebase.py,Swift enum parser match
SourceOnlyVerifiedClaim,struct,OpenIntelligence/Services/RAG/Safety/SourceOnlyAnswerService.swift,125-137,Model,Low,Yes,code_verified,exact,OpenIntelligence/Services/RAG/Safety/SourceOnlyAnswerService.swift,scan_codebase.py,Swift struct parser match
SourceOnlyAnswerOutcome,struct,OpenIntelligence/Services/RAG/Safety/SourceOnlyAnswerService.swift,139-148,Model,Low,Yes,code_verified,exact,OpenIntelligence/Services/RAG/Safety/SourceOnlyAnswerService.swift,scan_codebase.py,Swift struct parser match
SourceOnlyVerificationMode,enum,OpenIntelligence/Services/RAG/Safety/SourceOnlyAnswerService.swift,150-153,Model,Low,Yes,code_verified,exact,OpenIntelligence/Services/RAG/Safety/SourceOnlyAnswerService.swift,scan_codebase.py,Swift enum parser match
SourceOnlyAnswerService,class,OpenIntelligence/Services/RAG/Safety/SourceOnlyAnswerService.swift,157-1098,Service,High,Yes,code_verified,exact,OpenIntelligence/Services/RAG/Safety/SourceOnlyAnswerService.swift,scan_codebase.py,Swift class parser match
ReviewAggregation,struct,OpenIntelligence/Services/RAG/Safety/SourceOnlyAnswerService.swift,162-165,Unknown,Low,Yes,code_verified,exact,OpenIntelligence/Services/RAG/Safety/SourceOnlyAnswerService.swift,scan_codebase.py,Swift struct parser match
EvidenceRecord,struct,OpenIntelligence/Services/RAG/Safety/SourceOnlyAnswerService.swift,1101-1106,Model,Low,Yes,code_verified,exact,OpenIntelligence/Services/RAG/Safety/SourceOnlyAnswerService.swift,scan_codebase.py,Swift struct parser match
RiskProfile,enum,OpenIntelligence/Services/RAG/Safety/SourceOnlyAnswerService.swift,1108-1111,Unknown,Low,Yes,code_verified,exact,OpenIntelligence/Services/RAG/Safety/SourceOnlyAnswerService.swift,scan_codebase.py,Swift enum parser match
RAGVerificationResult,struct,OpenIntelligence/Services/RAG/Safety/VerificationGateService.swift,24-59,Model,Low,Yes,code_verified,exact,OpenIntelligence/Services/RAG/Safety/VerificationGateService.swift,scan_codebase.py,Swift struct parser match
GateResult,struct,OpenIntelligence/Services/RAG/Safety/VerificationGateService.swift,33-38,Model,Low,Yes,code_verified,exact,OpenIntelligence/Services/RAG/Safety/VerificationGateService.swift,scan_codebase.py,Swift struct parser match
ClaimResult,struct,OpenIntelligence/Services/RAG/Safety/VerificationGateService.swift,40-53,Model,Low,Yes,code_verified,exact,OpenIntelligence/Services/RAG/Safety/VerificationGateService.swift,scan_codebase.py,Swift struct parser match
Verdict,enum,OpenIntelligence/Services/RAG/Safety/VerificationGateService.swift,41-45,Model,Low,Yes,code_verified,exact,OpenIntelligence/Services/RAG/Safety/VerificationGateService.swift,scan_codebase.py,Swift enum parser match
VerificationGate,enum,OpenIntelligence/Services/RAG/Safety/VerificationGateService.swift,62-72,Model,Low,Yes,code_verified,exact,OpenIntelligence/Services/RAG/Safety/VerificationGateService.swift,scan_codebase.py,Swift enum parser match
VerificationConfig,struct,OpenIntelligence/Services/RAG/Safety/VerificationGateService.swift,77-110,Model,Low,Yes,code_verified,exact,OpenIntelligence/Services/RAG/Safety/VerificationGateService.swift,scan_codebase.py,Swift struct parser match
GateBEvaluation,struct,OpenIntelligence/Services/RAG/Safety/VerificationGateService.swift,112-115,Unknown,Low,Yes,code_verified,exact,OpenIntelligence/Services/RAG/Safety/VerificationGateService.swift,scan_codebase.py,Swift struct parser match
VerificationClaimInput,struct,OpenIntelligence/Services/RAG/Safety/VerificationGateService.swift,117-120,Unknown,Low,Yes,code_verified,exact,OpenIntelligence/Services/RAG/Safety/VerificationGateService.swift,scan_codebase.py,Swift struct parser match
VerificationGateService,actor,OpenIntelligence/Services/RAG/Safety/VerificationGateService.swift,126-1506,Service,High,Yes,code_verified,exact,OpenIntelligence/Services/RAG/Safety/VerificationGateService.swift,scan_codebase.py,Swift actor parser match
VerificationGateService,extension,OpenIntelligence/Services/RAG/Safety/VerificationGateService.swift,1510-1551,Service,High,Yes,code_verified,exact,OpenIntelligence/Services/RAG/Safety/VerificationGateService.swift,scan_codebase.py,Swift extension parser match
AgenticRetrievalQuality,enum,OpenIntelligence/Services/RAG/Tuning/AgenticPolicyService.swift,11-34,Model,Low,Yes,code_verified,exact,OpenIntelligence/Services/RAG/Tuning/AgenticPolicyService.swift,scan_codebase.py,Swift enum parser match
AgenticReasoningPolicy,struct,OpenIntelligence/Services/RAG/Tuning/AgenticPolicyService.swift,36-83,Service,High,Yes,code_verified,exact,OpenIntelligence/Services/RAG/Tuning/AgenticPolicyService.swift,scan_codebase.py,Swift struct parser match
AgenticPolicyService,enum,OpenIntelligence/Services/RAG/Tuning/AgenticPolicyService.swift,85-298,Service,High,Yes,code_verified,exact,OpenIntelligence/Services/RAG/Tuning/AgenticPolicyService.swift,scan_codebase.py,Swift enum parser match
AutoTuneService,enum,OpenIntelligence/Services/RAG/Tuning/AutoTuneService.swift,11-59,Service,High,Yes,code_verified,exact,OpenIntelligence/Services/RAG/Tuning/AutoTuneService.swift,scan_codebase.py,Swift enum parser match
QueryConfidencePolicy,struct,OpenIntelligence/Services/RAG/Tuning/ConfidencePolicyService.swift,11-18,Service,High,Yes,code_verified,exact,OpenIntelligence/Services/RAG/Tuning/ConfidencePolicyService.swift,scan_codebase.py,Swift struct parser match
ConfidencePolicyService,enum,OpenIntelligence/Services/RAG/Tuning/ConfidencePolicyService.swift,20-116,Service,High,Yes,code_verified,exact,OpenIntelligence/Services/RAG/Tuning/ConfidencePolicyService.swift,scan_codebase.py,Swift enum parser match
EvidenceScoringPolicyService,enum,OpenIntelligence/Services/RAG/Tuning/EvidenceScoringPolicyService.swift,11-439,Service,High,Yes,code_verified,exact,OpenIntelligence/Services/RAG/Tuning/EvidenceScoringPolicyService.swift,scan_codebase.py,Swift enum parser match
RetrievalMetrics,struct,OpenIntelligence/Services/RAG/Tuning/RetrievalPolicyService.swift,11-16,Model,Low,Yes,code_verified,exact,OpenIntelligence/Services/RAG/Tuning/RetrievalPolicyService.swift,scan_codebase.py,Swift struct parser match
RetrievalFilteringDecision,struct,OpenIntelligence/Services/RAG/Tuning/RetrievalPolicyService.swift,18-23,Model,Low,Yes,code_verified,exact,OpenIntelligence/Services/RAG/Tuning/RetrievalPolicyService.swift,scan_codebase.py,Swift struct parser match
RetrievalCascadeDecision,struct,OpenIntelligence/Services/RAG/Tuning/RetrievalPolicyService.swift,25-30,Model,Low,Yes,code_verified,exact,OpenIntelligence/Services/RAG/Tuning/RetrievalPolicyService.swift,scan_codebase.py,Swift struct parser match
AgenticRetrievalStage,enum,OpenIntelligence/Services/RAG/Tuning/RetrievalPolicyService.swift,32-40,Model,Low,Yes,code_verified,exact,OpenIntelligence/Services/RAG/Tuning/RetrievalPolicyService.swift,scan_codebase.py,Swift enum parser match
RetrievalPolicyService,enum,OpenIntelligence/Services/RAG/Tuning/RetrievalPolicyService.swift,42-196,Service,High,Yes,code_verified,exact,OpenIntelligence/Services/RAG/Tuning/RetrievalPolicyService.swift,scan_codebase.py,Swift enum parser match
CachedDocument,struct,OpenIntelligence/Services/Storage/DocumentationCacheService.swift,15-41,Model,Low,Yes,code_verified,exact,OpenIntelligence/Services/Storage/DocumentationCacheService.swift,scan_codebase.py,Swift struct parser match
SourceType,enum,OpenIntelligence/Services/Storage/DocumentationCacheService.swift,25-30,Model,Low,Yes,code_verified,exact,OpenIntelligence/Services/Storage/DocumentationCacheService.swift,scan_codebase.py,Swift enum parser match
CachedDocMetadata,struct,OpenIntelligence/Services/Storage/DocumentationCacheService.swift,53-64,Model,Low,Yes,code_verified,exact,OpenIntelligence/Services/Storage/DocumentationCacheService.swift,scan_codebase.py,Swift struct parser match
DocumentationCacheIndex,struct,OpenIntelligence/Services/Storage/DocumentationCacheService.swift,68-78,Model,Low,Yes,code_verified,exact,OpenIntelligence/Services/Storage/DocumentationCacheService.swift,scan_codebase.py,Swift struct parser match
DocumentationCacheService,actor,OpenIntelligence/Services/Storage/DocumentationCacheService.swift,81-408,Service,High,Yes,code_verified,exact,OpenIntelligence/Services/Storage/DocumentationCacheService.swift,scan_codebase.py,Swift actor parser match
Keys,enum,OpenIntelligence/Services/Storage/DocumentationCacheService.swift,85-88,Unknown,Low,Yes,code_verified,exact,OpenIntelligence/Services/Storage/DocumentationCacheService.swift,scan_codebase.py,Swift enum parser match
DocumentationCacheService,extension,OpenIntelligence/Services/Storage/DocumentationCacheService.swift,412-455,Service,Medium,Yes,code_verified,exact,OpenIntelligence/Services/Storage/DocumentationCacheService.swift,scan_codebase.py,Swift extension parser match
FullTextStorageService,actor,OpenIntelligence/Services/Storage/FullTextStorageService.swift,14-318,Service,High,Yes,code_verified,exact,OpenIntelligence/Services/Storage/FullTextStorageService.swift,scan_codebase.py,Swift actor parser match
SearchMatch,struct,OpenIntelligence/Services/Storage/FullTextStorageService.swift,223-227,Unknown,Low,Yes,code_verified,exact,OpenIntelligence/Services/Storage/FullTextStorageService.swift,scan_codebase.py,Swift struct parser match
FTS5SearchResult,struct,OpenIntelligence/Services/Storage/SQLiteFullTextService.swift,26-32,Model,Low,Yes,code_verified,exact,OpenIntelligence/Services/Storage/SQLiteFullTextService.swift,scan_codebase.py,Swift struct parser match
FTS5PatternCount,struct,OpenIntelligence/Services/Storage/SQLiteFullTextService.swift,35-39,Model,Low,Yes,code_verified,exact,OpenIntelligence/Services/Storage/SQLiteFullTextService.swift,scan_codebase.py,Swift struct parser match
SQLiteFullTextService,actor,OpenIntelligence/Services/Storage/SQLiteFullTextService.swift,45-3519,Service,High,Yes,code_verified,exact,OpenIntelligence/Services/Storage/SQLiteFullTextService.swift,scan_codebase.py,Swift actor parser match
StructuredChunkMetadata,struct,OpenIntelligence/Services/Storage/SQLiteFullTextService.swift,47-62,Model,Low,Yes,code_verified,exact,OpenIntelligence/Services/Storage/SQLiteFullTextService.swift,scan_codebase.py,Swift struct parser match
SQLiteChunk,struct,OpenIntelligence/Services/Storage/SQLiteFullTextService.swift,64-71,Model,Low,Yes,code_verified,exact,OpenIntelligence/Services/Storage/SQLiteFullTextService.swift,scan_codebase.py,Swift struct parser match
PageSearchResult,struct,OpenIntelligence/Services/Storage/SQLiteFullTextService.swift,498-504,Model,Low,Yes,code_verified,exact,OpenIntelligence/Services/Storage/SQLiteFullTextService.swift,scan_codebase.py,Swift struct parser match
ChunkSearchResult,struct,OpenIntelligence/Services/Storage/SQLiteFullTextService.swift,738-748,Model,Low,Yes,code_verified,exact,OpenIntelligence/Services/Storage/SQLiteFullTextService.swift,scan_codebase.py,Swift struct parser match
FTS5Statistics,struct,OpenIntelligence/Services/Storage/SQLiteFullTextService.swift,1944-1964,Model,Low,Yes,code_verified,exact,OpenIntelligence/Services/Storage/SQLiteFullTextService.swift,scan_codebase.py,Swift struct parser match
ContainerStat,struct,OpenIntelligence/Services/Storage/SQLiteFullTextService.swift,1957-1963,Model,Low,Yes,code_verified,exact,OpenIntelligence/Services/Storage/SQLiteFullTextService.swift,scan_codebase.py,Swift struct parser match
DocumentStat,struct,OpenIntelligence/Services/Storage/SQLiteFullTextService.swift,2076-2083,Model,Low,Yes,code_verified,exact,OpenIntelligence/Services/Storage/SQLiteFullTextService.swift,scan_codebase.py,Swift struct parser match
FTS5IndexInfo,struct,OpenIntelligence/Services/Storage/SQLiteFullTextService.swift,2137-2142,Model,Low,Yes,code_verified,exact,OpenIntelligence/Services/Storage/SQLiteFullTextService.swift,scan_codebase.py,Swift struct parser match
DeepDiagnostics,struct,OpenIntelligence/Services/Storage/SQLiteFullTextService.swift,2236-2261,Model,Low,Yes,code_verified,exact,OpenIntelligence/Services/Storage/SQLiteFullTextService.swift,scan_codebase.py,Swift struct parser match
TableStat,struct,OpenIntelligence/Services/Storage/SQLiteFullTextService.swift,2255-2260,Model,Low,Yes,code_verified,exact,OpenIntelligence/Services/Storage/SQLiteFullTextService.swift,scan_codebase.py,Swift struct parser match
TermFrequency,struct,OpenIntelligence/Services/Storage/SQLiteFullTextService.swift,2349-2354,Model,Low,Yes,code_verified,exact,OpenIntelligence/Services/Storage/SQLiteFullTextService.swift,scan_codebase.py,Swift struct parser match
TermDistribution,struct,OpenIntelligence/Services/Storage/SQLiteFullTextService.swift,2527-2530,Model,Low,Yes,code_verified,exact,OpenIntelligence/Services/Storage/SQLiteFullTextService.swift,scan_codebase.py,Swift struct parser match
DocumentLengthStat,struct,OpenIntelligence/Services/Storage/SQLiteFullTextService.swift,2581-2588,Model,Low,Yes,code_verified,exact,OpenIntelligence/Services/Storage/SQLiteFullTextService.swift,scan_codebase.py,Swift struct parser match
SearchPerformanceMetrics,struct,OpenIntelligence/Services/Storage/SQLiteFullTextService.swift,2655-2661,Model,Low,Yes,code_verified,exact,OpenIntelligence/Services/Storage/SQLiteFullTextService.swift,scan_codebase.py,Swift struct parser match
BNNSVectorDatabase,actor,OpenIntelligence/Services/VectorStore/BNNSVectorDatabase.swift,50-785,Service,High,Yes,code_verified,exact,OpenIntelligence/Services/VectorStore/BNNSVectorDatabase.swift,scan_codebase.py,Swift actor parser match
VectorDatabase,protocol,OpenIntelligence/Services/VectorStore/VectorDatabase.swift,13-63,Unknown,Medium,Yes,code_verified,exact,OpenIntelligence/Services/VectorStore/VectorDatabase.swift,scan_codebase.py,Swift protocol parser match
VectorDatabase,extension,OpenIntelligence/Services/VectorStore/VectorDatabase.swift,66-75,Extension,Low,Yes,code_verified,exact,OpenIntelligence/Services/VectorStore/VectorDatabase.swift,scan_codebase.py,Swift extension parser match
VectorDatabaseStats,struct,OpenIntelligence/Services/VectorStore/VectorDatabase.swift,78-84,Unknown,Low,Yes,code_verified,exact,OpenIntelligence/Services/VectorStore/VectorDatabase.swift,scan_codebase.py,Swift struct parser match
InMemoryVectorDatabase,class,OpenIntelligence/Services/VectorStore/VectorDatabase.swift,88-398,Unknown,Medium,Yes,code_verified,exact,OpenIntelligence/Services/VectorStore/VectorDatabase.swift,scan_codebase.py,Swift class parser match
VectorDatabaseError,enum,OpenIntelligence/Services/VectorStore/VectorDatabase.swift,402-423,Unknown,Low,Yes,code_verified,exact,OpenIntelligence/Services/VectorStore/VectorDatabase.swift,scan_codebase.py,Swift enum parser match
VectorStoreRouter,class,OpenIntelligence/Services/VectorStore/VectorStoreRouter.swift,26-185,Service,High,Yes,code_verified,exact,OpenIntelligence/Services/VectorStore/VectorStoreRouter.swift,scan_codebase.py,Swift class parser match
VecturaVectorDatabase,class,OpenIntelligence/Services/VectorStore/VecturaVectorDatabase.swift,18-166,Unknown,Medium,Yes,code_verified,exact,OpenIntelligence/Services/VectorStore/VecturaVectorDatabase.swift,scan_codebase.py,Swift class parser match
VecturaVectorDatabase,class,OpenIntelligence/Services/VectorStore/VecturaVectorDatabase.swift,172-229,Unknown,Medium,Yes,code_verified,exact,OpenIntelligence/Services/VectorStore/VecturaVectorDatabase.swift,scan_codebase.py,Swift class parser match
CloudConsentPromptView,struct,OpenIntelligence/UI/Components/CloudConsentPromptView.swift,3-251,View,Low,Yes,code_verified,exact,OpenIntelligence/UI/Components/CloudConsentPromptView.swift,scan_codebase.py,Swift struct parser match
ConsentFeatureRow,struct,OpenIntelligence/UI/Components/CloudConsentPromptView.swift,255-279,View,Low,Yes,code_verified,exact,OpenIntelligence/UI/Components/CloudConsentPromptView.swift,scan_codebase.py,Swift struct parser match
ConsentDetailRow,struct,OpenIntelligence/UI/Components/CloudConsentPromptView.swift,281-294,View,Low,Yes,code_verified,exact,OpenIntelligence/UI/Components/CloudConsentPromptView.swift,scan_codebase.py,Swift struct parser match
InfoButtonView,struct,OpenIntelligence/UI/Components/InfoButtonView.swift,9-36,View,Low,Yes,code_verified,exact,OpenIntelligence/UI/Components/InfoButtonView.swift,scan_codebase.py,Swift struct parser match
IngestionConsoleView,struct,OpenIntelligence/UI/Components/IngestionQueueOverlay.swift,36-143,View,Low,Yes,code_verified,exact,OpenIntelligence/UI/Components/IngestionQueueOverlay.swift,scan_codebase.py,Swift struct parser match
IngestionConsoleLogRow,struct,OpenIntelligence/UI/Components/IngestionQueueOverlay.swift,151-239,View,Low,Yes,code_verified,exact,OpenIntelligence/UI/Components/IngestionQueueOverlay.swift,scan_codebase.py,Swift struct parser match
AggregatedMetrics,struct,OpenIntelligence/UI/Components/IngestionQueueOverlay.swift,267-289,Unknown,Low,Yes,code_verified,exact,OpenIntelligence/UI/Components/IngestionQueueOverlay.swift,scan_codebase.py,Swift struct parser match
IngestionQueueOverlay,struct,OpenIntelligence/UI/Components/IngestionQueueOverlay.swift,291-760,View,Low,Yes,code_verified,exact,OpenIntelligence/UI/Components/IngestionQueueOverlay.swift,scan_codebase.py,Swift struct parser match
IngestionQueueRow,struct,OpenIntelligence/UI/Components/IngestionQueueOverlay.swift,762-1554,View,Low,Yes,code_verified,exact,OpenIntelligence/UI/Components/IngestionQueueOverlay.swift,scan_codebase.py,Swift struct parser match
CustomProgressBar,struct,OpenIntelligence/UI/Components/IngestionQueueOverlay.swift,1556-1578,View,Low,Yes,code_verified,exact,OpenIntelligence/UI/Components/IngestionQueueOverlay.swift,scan_codebase.py,Swift struct parser match
TotalsSummaryCard,struct,OpenIntelligence/UI/Components/IngestionQueueOverlay.swift,1580-1645,View,Low,Yes,code_verified,exact,OpenIntelligence/UI/Components/IngestionQueueOverlay.swift,scan_codebase.py,Swift struct parser match
ModelStatusIndicator,struct,OpenIntelligence/UI/Components/ModelStatusIndicator.swift,11-138,View,Low,Yes,code_verified,exact,OpenIntelligence/UI/Components/ModelStatusIndicator.swift,scan_codebase.py,Swift struct parser match
DetailRow,struct,OpenIntelligence/UI/Components/ModelStatusIndicator.swift,36-50,View,Low,Yes,code_verified,exact,OpenIntelligence/UI/Components/ModelStatusIndicator.swift,scan_codebase.py,Swift struct parser match
BulletPoint,struct,OpenIntelligence/UI/Components/ModelStatusIndicator.swift,52-67,View,Low,Yes,code_verified,exact,OpenIntelligence/UI/Components/ModelStatusIndicator.swift,scan_codebase.py,Swift struct parser match
ModelQuickSelector,struct,OpenIntelligence/UI/Components/ModelStatusIndicator.swift,141-199,View,Low,Yes,code_verified,exact,OpenIntelligence/UI/Components/ModelStatusIndicator.swift,scan_codebase.py,Swift struct parser match
QuickModelPickerSheet,struct,OpenIntelligence/UI/Components/ModelStatusIndicator.swift,202-266,View,Low,Yes,code_verified,exact,OpenIntelligence/UI/Components/ModelStatusIndicator.swift,scan_codebase.py,Swift struct parser match
SurfaceCard,struct,OpenIntelligence/UI/DesignSystem/SurfaceCard.swift,6-41,View,Low,Yes,code_verified,exact,OpenIntelligence/UI/DesignSystem/SurfaceCard.swift,scan_codebase.py,Swift struct parser match
SectionHeader,struct,OpenIntelligence/UI/DesignSystem/SurfaceCard.swift,45-79,View,Low,Yes,code_verified,exact,OpenIntelligence/UI/DesignSystem/SurfaceCard.swift,scan_codebase.py,Swift struct parser match
SectionFooter,struct,OpenIntelligence/UI/DesignSystem/SurfaceCard.swift,82-93,View,Low,Yes,code_verified,exact,OpenIntelligence/UI/DesignSystem/SurfaceCard.swift,scan_codebase.py,Swift struct parser match
DSColors,enum,OpenIntelligence/UI/DesignSystem/Theme.swift,23-132,Unknown,Low,Yes,code_verified,exact,OpenIntelligence/UI/DesignSystem/Theme.swift,scan_codebase.py,Swift enum parser match
DSTypography,enum,OpenIntelligence/UI/DesignSystem/Theme.swift,136-143,Unknown,Low,Yes,code_verified,exact,OpenIntelligence/UI/DesignSystem/Theme.swift,scan_codebase.py,Swift enum parser match
DSSpacing,enum,OpenIntelligence/UI/DesignSystem/Theme.swift,147-154,Unknown,Low,Yes,code_verified,exact,OpenIntelligence/UI/DesignSystem/Theme.swift,scan_codebase.py,Swift enum parser match
DSCorners,enum,OpenIntelligence/UI/DesignSystem/Theme.swift,158-164,Unknown,Low,Yes,code_verified,exact,OpenIntelligence/UI/DesignSystem/Theme.swift,scan_codebase.py,Swift enum parser match
DSShadows,enum,OpenIntelligence/UI/DesignSystem/Theme.swift,168-185,Unknown,Low,Yes,code_verified,exact,OpenIntelligence/UI/DesignSystem/Theme.swift,scan_codebase.py,Swift enum parser match
ShadowModifier,struct,OpenIntelligence/UI/DesignSystem/Theme.swift,176-184,Unknown,Low,Yes,code_verified,exact,OpenIntelligence/UI/DesignSystem/Theme.swift,scan_codebase.py,Swift struct parser match
View,extension,OpenIntelligence/UI/DesignSystem/Theme.swift,187-190,Extension,Low,Yes,code_verified,exact,OpenIntelligence/UI/DesignSystem/Theme.swift,scan_codebase.py,Swift extension parser match
DSAnimations,enum,OpenIntelligence/UI/DesignSystem/Theme.swift,194-200,Unknown,Low,Yes,code_verified,exact,OpenIntelligence/UI/DesignSystem/Theme.swift,scan_codebase.py,Swift enum parser match
RoundedSectionModifier,struct,OpenIntelligence/UI/DesignSystem/Theme.swift,204-215,Unknown,Low,Yes,code_verified,exact,OpenIntelligence/UI/DesignSystem/Theme.swift,scan_codebase.py,Swift struct parser match
ChipModifier,struct,OpenIntelligence/UI/DesignSystem/Theme.swift,217-229,Unknown,Low,Yes,code_verified,exact,OpenIntelligence/UI/DesignSystem/Theme.swift,scan_codebase.py,Swift struct parser match
View,extension,OpenIntelligence/UI/DesignSystem/Theme.swift,231-238,Extension,Low,Yes,code_verified,exact,OpenIntelligence/UI/DesignSystem/Theme.swift,scan_codebase.py,Swift extension parser match
DSGlass,enum,OpenIntelligence/UI/DesignSystem/Theme.swift,244-260,Unknown,Low,Yes,code_verified,exact,OpenIntelligence/UI/DesignSystem/Theme.swift,scan_codebase.py,Swift enum parser match
GlassCardModifier,struct,OpenIntelligence/UI/DesignSystem/Theme.swift,263-275,Unknown,Low,Yes,code_verified,exact,OpenIntelligence/UI/DesignSystem/Theme.swift,scan_codebase.py,Swift struct parser match
GlassToolbarModifier,struct,OpenIntelligence/UI/DesignSystem/Theme.swift,278-288,Unknown,Low,Yes,code_verified,exact,OpenIntelligence/UI/DesignSystem/Theme.swift,scan_codebase.py,Swift struct parser match
GlassTabBarModifier,struct,OpenIntelligence/UI/DesignSystem/Theme.swift,291-301,Unknown,Low,Yes,code_verified,exact,OpenIntelligence/UI/DesignSystem/Theme.swift,scan_codebase.py,Swift struct parser match
NavigationBarItem,enum,OpenIntelligence/UI/DesignSystem/Theme.swift,304-310,Model,Low,Yes,code_verified,exact,OpenIntelligence/UI/DesignSystem/Theme.swift,scan_codebase.py,Swift enum parser match
TitleDisplayMode,enum,OpenIntelligence/UI/DesignSystem/Theme.swift,305-309,Unknown,Low,Yes,code_verified,exact,OpenIntelligence/UI/DesignSystem/Theme.swift,scan_codebase.py,Swift enum parser match
View,extension,OpenIntelligence/UI/DesignSystem/Theme.swift,312-317,Extension,Low,Yes,code_verified,exact,OpenIntelligence/UI/DesignSystem/Theme.swift,scan_codebase.py,Swift extension parser match
View,extension,OpenIntelligence/UI/DesignSystem/Theme.swift,320-390,Extension,Low,Yes,code_verified,exact,OpenIntelligence/UI/DesignSystem/Theme.swift,scan_codebase.py,Swift extension parser match
DSHaptics,enum,OpenIntelligence/UI/DesignSystem/Theme.swift,394-843,Unknown,Low,Yes,code_verified,exact,OpenIntelligence/UI/DesignSystem/Theme.swift,scan_codebase.py,Swift enum parser match
BubbleBackground,struct,OpenIntelligence/UI/DesignSystem/Theme.swift,847-863,View,Low,Yes,code_verified,exact,OpenIntelligence/UI/DesignSystem/Theme.swift,scan_codebase.py,Swift struct parser match
HapticButtonStyle,struct,OpenIntelligence/UI/DesignSystem/Theme.swift,868-893,Unknown,Low,Yes,code_verified,exact,OpenIntelligence/UI/DesignSystem/Theme.swift,scan_codebase.py,Swift struct parser match
HapticType,enum,OpenIntelligence/UI/DesignSystem/Theme.swift,869-871,Unknown,Low,Yes,code_verified,exact,OpenIntelligence/UI/DesignSystem/Theme.swift,scan_codebase.py,Swift enum parser match
View,extension,OpenIntelligence/UI/DesignSystem/Theme.swift,897-921,Extension,Low,Yes,code_verified,exact,OpenIntelligence/UI/DesignSystem/Theme.swift,scan_codebase.py,Swift extension parser match
IngestionLiveActivityWidget,struct,OpenIntelligenceLiveActivities/IngestionLiveActivityWidget.swift,6-168,Unknown,Low,Yes,code_verified,exact,OpenIntelligenceLiveActivities/IngestionLiveActivityWidget.swift,scan_codebase.py,Swift struct parser match
IngestionLiveActivityLockScreenView,struct,OpenIntelligenceLiveActivities/IngestionLiveActivityWidget.swift,171-309,View,Low,Yes,code_verified,exact,OpenIntelligenceLiveActivities/IngestionLiveActivityWidget.swift,scan_codebase.py,Swift struct parser match
OpenIntelligenceLiveActivitiesBundle,struct,OpenIntelligenceLiveActivities/OpenIntelligenceLiveActivitiesBundle.swift,5-11,Unknown,Low,Yes,code_verified,exact,OpenIntelligenceLiveActivities/OpenIntelligenceLiveActivitiesBundle.swift,scan_codebase.py,Swift struct parser match
OpenIntelligenceEngineTests,class,OpenIntelligenceTests/OpenIntelligenceEngineTests.swift,4-38,Unknown,Medium,Yes,code_verified,exact,OpenIntelligenceTests/OpenIntelligenceEngineTests.swift,scan_codebase.py,Swift class parser match
SemanticChunkerTests,class,OpenIntelligenceTests/Services/Document/Chunking/SemanticChunkerTests.swift,4-142,Unknown,Medium,Yes,code_verified,exact,OpenIntelligenceTests/Services/Document/Chunking/SemanticChunkerTests.swift,scan_codebase.py,Swift class parser match
DocumentProcessorTests,class,OpenIntelligenceTests/Services/Document/Processing/DocumentProcessorTests.swift,4-37,Unknown,Medium,Yes,code_verified,exact,OpenIntelligenceTests/Services/Document/Processing/DocumentProcessorTests.swift,scan_codebase.py,Swift class parser match
ContextPackingServiceTests,class,OpenIntelligenceTests/Services/RAG/Retrieval/ContextPackingServiceTests.swift,4-180,Unknown,Medium,Yes,code_verified,exact,OpenIntelligenceTests/Services/RAG/Retrieval/ContextPackingServiceTests.swift,scan_codebase.py,Swift class parser match
DummyVectorDatabase,class,OpenIntelligenceTests/Services/RAG/Retrieval/HybridSearchServiceTests.swift,5-23,Unknown,Medium,Yes,code_verified,exact,OpenIntelligenceTests/Services/RAG/Retrieval/HybridSearchServiceTests.swift,scan_codebase.py,Swift class parser match
HybridSearchServiceTests,class,OpenIntelligenceTests/Services/RAG/Retrieval/HybridSearchServiceTests.swift,25-160,Unknown,Medium,Yes,code_verified,exact,OpenIntelligenceTests/Services/RAG/Retrieval/HybridSearchServiceTests.swift,scan_codebase.py,Swift class parser match
