view_name,file_path,screen_area,state_variables,bindings,environment_objects,observed_objects,services_used,models_rendered,user_actions,functions_triggered,persistence_touched_indirectly,cloud_or_routing_touched_indirectly,billing_gates_shown,risk_level,relevant_docs,evidence_level,confidence,evidence_source,evidence_command_or_file,verification_notes
ContentView,OpenIntelligence/App/ContentView.swift,Main,"workspaceSyncService, containerService, ragService, settingsStore, modelResolutionService, onboardingStore, entitlementStore, selectedTab, previousScenePhase",,scenePhase,,"ChatScreen, RAGService, WorkspaceSyncService, ContainerService, BackgroundTaskService, SQLiteFullTextService, EntitlementStore, StoreKitBillingService, SettingsStore",,,"importSamplesIfNeeded, handleScenePhaseChange, refreshSharedWorkspaceIfNeeded, handleOpenURL",Yes,Yes,Yes,High,,code_verified,high,OpenIntelligence/App/ContentView.swift,scan_codebase.py,Extracted View state properties
OpenIntelligenceApp,OpenIntelligence/App/OpenIntelligenceApp.swift,Main,,,,,BackgroundTaskService,,,"configureIngestionRuntimeBridge, configureQueryRuntimeBridge, registerBackgroundTasks",No,No,No,Low,,code_verified,high,OpenIntelligence/App/OpenIntelligenceApp.swift,scan_codebase.py,Extracted View state properties
InlineMarkdownText,OpenIntelligence/Core/Extensions/MarkdownRenderer.swift,Main,,,,,,,,,No,No,No,Low,,code_verified,high,OpenIntelligence/Core/Extensions/MarkdownRenderer.swift,scan_codebase.py,Extracted View state properties
MarkdownBlockView,OpenIntelligence/Core/Extensions/MarkdownRenderer.swift,Main,,,,,,,,"headingView, bulletListView, numberedListView, blockQuoteView, tableView",No,No,No,Low,,code_verified,high,OpenIntelligence/Core/Extensions/MarkdownRenderer.swift,scan_codebase.py,Extracted View state properties
MarkdownText,OpenIntelligence/Core/Extensions/MarkdownRenderer.swift,Main,,,,,,,,,No,No,No,Low,,code_verified,high,OpenIntelligence/Core/Extensions/MarkdownRenderer.swift,scan_codebase.py,Extracted View state properties
CodeBlockView,OpenIntelligence/Core/Extensions/MarkdownRenderer.swift,Main,copied,,,,,,,,No,No,No,Low,,code_verified,high,OpenIntelligence/Core/Extensions/MarkdownRenderer.swift,scan_codebase.py,Extracted View state properties
PlanUpgradeSheet,OpenIntelligence/Features/Billing/PlanUpgradeSheet.swift,Main,"purchasingProduct, alertMessage, isRefreshingProducts, isRestoring, selectedStoryIndex, showingTerms, showingPrivacy",,"entitlementStore, dismiss, openURL",,EntitlementStore,,Button Click,,Yes,No,Yes,High,,code_verified,high,OpenIntelligence/Features/Billing/PlanUpgradeSheet.swift,scan_codebase.py,Extracted View state properties
BenefitRow,OpenIntelligence/Features/Billing/PlanUpgradeSheet.swift,Main,,,,,,,,,No,No,No,Low,,code_verified,high,OpenIntelligence/Features/Billing/PlanUpgradeSheet.swift,scan_codebase.py,Extracted View state properties
PrivacyPolicyView,OpenIntelligence/Features/Billing/PrivacyPolicyView.swift,Main,,,dismiss,,,,Button Click,section,Yes,Yes,Yes,High,,code_verified,high,OpenIntelligence/Features/Billing/PrivacyPolicyView.swift,scan_codebase.py,Extracted View state properties
TermsOfServiceView,OpenIntelligence/Features/Billing/TermsOfServiceView.swift,Main,,,dismiss,,,,Button Click,section,Yes,No,No,Low,,code_verified,high,OpenIntelligence/Features/Billing/TermsOfServiceView.swift,scan_codebase.py,Extracted View state properties
CameraVisionOverlayView,OpenIntelligence/Features/Camera/CameraVisionOverlayView.swift,Main,"cameraManager, detectedRegions, liveOCRText, isCapturing, captureResult, showCaptureConfirmation, selectedRegionType, flashEnabled, aestheticsScore, sceneLabels, detectedObjects, showMetricsHUD, confidenceThreshold, frameRate, lastFrameTime, regionCounts, humanPoses, animalPoses, lastStableDocumentBox, documentStabilityCounter",,dismiss,"ragService, containerService","RAGService, ContainerService",,Button Click,"colorForDetectedObject, handleFrameAnalysis, smoothDocumentRegions, captureTextOnly, performFullCapture",No,No,No,Low,,code_verified,high,OpenIntelligence/Features/Camera/CameraVisionOverlayView.swift,scan_codebase.py,Extracted View state properties
DetectionOverlayView,OpenIntelligence/Features/Camera/CameraVisionOverlayView.swift,Main,,,,,,,,,No,No,No,Low,,code_verified,high,OpenIntelligence/Features/Camera/CameraVisionOverlayView.swift,scan_codebase.py,Extracted View state properties
FaceSilhouetteOverlay,OpenIntelligence/Features/Camera/CameraVisionOverlayView.swift,Main,,,,,,,,,No,No,No,Low,,code_verified,high,OpenIntelligence/Features/Camera/CameraVisionOverlayView.swift,scan_codebase.py,Extracted View state properties
HumanSilhouetteOverlay,OpenIntelligence/Features/Camera/CameraVisionOverlayView.swift,Main,,,,,,,,,No,No,No,Low,,code_verified,high,OpenIntelligence/Features/Camera/CameraVisionOverlayView.swift,scan_codebase.py,Extracted View state properties
RegionBoundingBox,OpenIntelligence/Features/Camera/CameraVisionOverlayView.swift,Main,,,,,,,,,No,No,No,Low,,code_verified,high,OpenIntelligence/Features/Camera/CameraVisionOverlayView.swift,scan_codebase.py,Extracted View state properties
PoseWireframeOverlay,OpenIntelligence/Features/Camera/CameraVisionOverlayView.swift,Main,,,,,,,,,No,No,No,Low,,code_verified,high,OpenIntelligence/Features/Camera/CameraVisionOverlayView.swift,scan_codebase.py,Extracted View state properties
HumanWireframe,OpenIntelligence/Features/Camera/CameraVisionOverlayView.swift,Main,,,,,,,,"convertPoint, anatomicalJointSize, boneThickness",No,No,No,Low,,code_verified,high,OpenIntelligence/Features/Camera/CameraVisionOverlayView.swift,scan_codebase.py,Extracted View state properties
AnimalWireframe,OpenIntelligence/Features/Camera/CameraVisionOverlayView.swift,Main,,,,,,,,"convertPoint, animalJointSize, animalBoneThickness",No,No,No,Low,,code_verified,high,OpenIntelligence/Features/Camera/CameraVisionOverlayView.swift,scan_codebase.py,Extracted View state properties
WireframeLine,OpenIntelligence/Features/Camera/CameraVisionOverlayView.swift,Main,,,,,,,,,No,No,No,Low,,code_verified,high,OpenIntelligence/Features/Camera/CameraVisionOverlayView.swift,scan_codebase.py,Extracted View state properties
WireframeJoint,OpenIntelligence/Features/Camera/CameraVisionOverlayView.swift,Main,,,,,,,,,No,No,No,Low,,code_verified,high,OpenIntelligence/Features/Camera/CameraVisionOverlayView.swift,scan_codebase.py,Extracted View state properties
CaptureConfirmationSheet,OpenIntelligence/Features/Camera/CameraVisionOverlayView.swift,Main,"customTitle, isIngesting",,,"ragService, containerService",,,,,No,No,No,Low,,code_verified,high,OpenIntelligence/Features/Camera/CameraVisionOverlayView.swift,scan_codebase.py,Extracted View state properties
StatBadge,OpenIntelligence/Features/Camera/CameraVisionOverlayView.swift,Main,,,,,,,,,No,No,No,Low,,code_verified,high,OpenIntelligence/Features/Camera/CameraVisionOverlayView.swift,scan_codebase.py,Extracted View state properties
MetricPill,OpenIntelligence/Features/Camera/CameraVisionOverlayView.swift,Main,,,,,,,,,No,No,No,Low,,code_verified,high,OpenIntelligence/Features/Camera/CameraVisionOverlayView.swift,scan_codebase.py,Extracted View state properties
SmartOverlay,OpenIntelligence/Features/Camera/DocumentCaptureView.swift,Library,,,,,,,,,No,No,No,Low,,code_verified,high,OpenIntelligence/Features/Camera/DocumentCaptureView.swift,scan_codebase.py,Extracted View state properties
ModeIndicator,OpenIntelligence/Features/Camera/DocumentCaptureView.swift,Library,,,,,,,,,No,No,No,Low,,code_verified,high,OpenIntelligence/Features/Camera/DocumentCaptureView.swift,scan_codebase.py,Extracted View state properties
LivePreviewBadge,OpenIntelligence/Features/Camera/DocumentCaptureView.swift,Library,,,,,,,,,No,No,No,Low,,code_verified,high,OpenIntelligence/Features/Camera/DocumentCaptureView.swift,scan_codebase.py,Extracted View state properties
DocumentCorners,OpenIntelligence/Features/Camera/DocumentCaptureView.swift,Library,,,,,,,,,No,No,No,Low,,code_verified,high,OpenIntelligence/Features/Camera/DocumentCaptureView.swift,scan_codebase.py,Extracted View state properties
CaptureButton,OpenIntelligence/Features/Camera/DocumentCaptureView.swift,Library,,,,,,,,,No,No,No,Low,,code_verified,high,OpenIntelligence/Features/Camera/DocumentCaptureView.swift,scan_codebase.py,Extracted View state properties
SmartCaptureConfirmation,OpenIntelligence/Features/Camera/DocumentCaptureView.swift,Library,isIngesting,,,,,,Button Click,,No,No,No,Low,,code_verified,high,OpenIntelligence/Features/Camera/DocumentCaptureView.swift,scan_codebase.py,Extracted View state properties
ActivityView,OpenIntelligence/Features/Chat/Conversation/ActivityView.swift,Chat,,,,,,,,"makeUIViewController, updateUIViewController",No,No,No,Low,,code_verified,high,OpenIntelligence/Features/Chat/Conversation/ActivityView.swift,scan_codebase.py,Extracted View state properties
ActivityView,OpenIntelligence/Features/Chat/Conversation/ActivityView.swift,Chat,,,dismiss,,,,Button Click,,No,No,No,Low,,code_verified,high,OpenIntelligence/Features/Chat/Conversation/ActivityView.swift,scan_codebase.py,Extracted View state properties
PhotoPicker,OpenIntelligence/Features/Chat/Conversation/AttachmentPicker.swift,Chat,,,dismiss,,,,,,No,No,No,Low,,code_verified,high,OpenIntelligence/Features/Chat/Conversation/AttachmentPicker.swift,scan_codebase.py,Extracted View state properties
CameraPicker,OpenIntelligence/Features/Chat/Conversation/AttachmentPicker.swift,Chat,,,dismiss,,,,,,No,No,No,Low,,code_verified,high,OpenIntelligence/Features/Chat/Conversation/AttachmentPicker.swift,scan_codebase.py,Extracted View state properties
AttachmentPreviewChip,OpenIntelligence/Features/Chat/Conversation/AttachmentPicker.swift,Chat,,,,,,,,,No,No,No,Low,,code_verified,high,OpenIntelligence/Features/Chat/Conversation/AttachmentPicker.swift,scan_codebase.py,Extracted View state properties
AttachmentMenuButton,OpenIntelligence/Features/Chat/Conversation/AttachmentPicker.swift,Chat,,,,,,,Button Click,,No,No,No,Low,,code_verified,high,OpenIntelligence/Features/Chat/Conversation/AttachmentPicker.swift,scan_codebase.py,Extracted View state properties
ExtendedDocumentPicker,OpenIntelligence/Features/Chat/Conversation/AttachmentPicker.swift,Chat,,,dismiss,,,,,,No,No,No,Low,,code_verified,high,OpenIntelligence/Features/Chat/Conversation/AttachmentPicker.swift,scan_codebase.py,Extracted View state properties
ChatComposerV2,OpenIntelligence/Features/Chat/Conversation/ChatComposerV2.swift,Chat,"inputText, textHeight, pendingAttachments, showDocumentPicker, showPhotoPicker, showCamera",,,,,,Button Click,"handlePickedFiles, send",No,No,No,Low,,code_verified,high,OpenIntelligence/Features/Chat/Conversation/ChatComposerV2.swift,scan_codebase.py,Extracted View state properties
ChatScreen,OpenIntelligence/Features/Chat/Conversation/ChatScreen.swift,Chat,"showScrollToBottom, messages, didSeedScreenshotDemo, streamingText, streamingBuffer, streamingPumpTask, currentQueryTask, currentQuerySessionId, queryStart, hasReceivedStreamToken, generationStart, embeddingStart, searchingStart, generatingStartTS, embeddingElapsedFinal, searchingElapsedFinal, generatingElapsedFinal, isStreamFinished, nowTick, processingClock, toastManager, currentRetrievedChunks, currentMetadata, currentStructuredAnswer, showRetrievedDetails, thinkingEvents, requestedExecutionContext, isProcessing, stage, execution, ttft, activeDocCount, activeChunkCount, messageContainerOverride, activeCloudConsent, translationText, showTranslation, writingToolsResult, writingToolsTitle, showWritingToolsResult, writingToolsProcessing, showVisionCapture, showPlanSheet, planEntryPoint, showMaximumModeLimitDialog, maximumModeLimitDialogMessage, dynamicSuggestedQuestions, dynamicQuestionCategories, dynamicQuestionDetails, suggestedQuestionsTask, isRefreshingSuggestions, lastProcessedContainerId, lastLoadedChatContainerId, lastProcessedDocuments, isAppeared, needsSuggestedQuestionsRefresh, followUpSuggestions, followUpSuggestionsTask, reviewPromptTask, showFriendlyReviewPrompt, showFeedbackEmailPrompt, speedHistory, lastSpeedSampleTokens, lastSpeedSampleTime, lastSemanticQuery, continuedQueryCoordinator",,"scenePhase, requestReview, openURL, onboardingStore, settings, entitlementStore","ragService, networkMonitor","ChatScreen, ChatMessage, RAGService, EntitlementStore, SettingsStore",ChatMessage,Button Click,"primaryMetricsBar, minimalMetricsBar, deriveQueryIntent, estimateTokens, updateSpeedHistory",Yes,Yes,Yes,High,,code_verified,high,OpenIntelligence/Features/Chat/Conversation/ChatScreen.swift,scan_codebase.py,Extracted View state properties
ChatHeader,OpenIntelligence/Features/Chat/Conversation/ChatScreen.swift,Chat,,,,,,,,,No,No,No,Low,,code_verified,high,OpenIntelligence/Features/Chat/Conversation/ChatScreen.swift,scan_codebase.py,Extracted View state properties
ContextStatusBarView,OpenIntelligence/Features/Chat/Conversation/ChatScreen.swift,Chat,,,,,,,,,Yes,No,No,Low,,code_verified,high,OpenIntelligence/Features/Chat/Conversation/ChatScreen.swift,scan_codebase.py,Extracted View state properties
CompactChatHeader,OpenIntelligence/Features/Chat/Conversation/ChatScreen.swift,Chat,"showModelDetails, deviceCapabilities",messageContainerOverride,settings,containerService,,,,documentCountText,No,No,No,Low,,code_verified,high,OpenIntelligence/Features/Chat/Conversation/ChatScreen.swift,scan_codebase.py,Extracted View state properties
QualityModeQuickPicker,OpenIntelligence/Features/Chat/Conversation/ChatScreen.swift,Chat,,selectedMode,entitlementStore,,,,,canSelect,No,No,No,Low,,code_verified,high,OpenIntelligence/Features/Chat/Conversation/ChatScreen.swift,scan_codebase.py,Extracted View state properties
AccuracyModeBadge,OpenIntelligence/Features/Chat/Conversation/ChatScreen.swift,Chat,,,,,,,,,No,No,No,Low,,code_verified,high,OpenIntelligence/Features/Chat/Conversation/ChatScreen.swift,scan_codebase.py,Extracted View state properties
StatChip,OpenIntelligence/Features/Chat/Conversation/ChatScreen.swift,Chat,,,,,,,,,No,No,No,Low,,code_verified,high,OpenIntelligence/Features/Chat/Conversation/ChatScreen.swift,scan_codebase.py,Extracted View state properties
MessageListEmptyContent,OpenIntelligence/Features/Chat/Conversation/ChatScreen.swift,Chat,,,,,RAGService,,,,No,No,No,Low,,code_verified,high,OpenIntelligence/Features/Chat/Conversation/ChatScreen.swift,scan_codebase.py,Extracted View state properties
FirstQueryPromptView,OpenIntelligence/Features/Chat/Conversation/ChatScreen.swift,Chat,,,,,"RAGService, ContainerService, EntitlementStore, SettingsStore",,Button Click,sourceLine,Yes,No,Yes,High,,code_verified,high,OpenIntelligence/Features/Chat/Conversation/ChatScreen.swift,scan_codebase.py,Extracted View state properties
ChatV2FeatureRow,OpenIntelligence/Features/Chat/Conversation/ChatScreen.swift,Chat,,,,,,,Button Click,,No,No,No,Low,,code_verified,high,OpenIntelligence/Features/Chat/Conversation/ChatScreen.swift,scan_codebase.py,Extracted View state properties
ComposerStub,OpenIntelligence/Features/Chat/Conversation/ChatScreen.swift,Chat,text,,,,,,,,No,No,No,Low,,code_verified,high,OpenIntelligence/Features/Chat/Conversation/ChatScreen.swift,scan_codebase.py,Extracted View state properties
AppReviewPromptTracker,OpenIntelligence/Features/Chat/Conversation/ChatScreen.swift,Chat,,,,,,,,"registerSuccessfulAnswer, markPromptAttempted, storeDistinctUsageDay",Yes,No,No,Low,,code_verified,high,OpenIntelligence/Features/Chat/Conversation/ChatScreen.swift,scan_codebase.py,Extracted View state properties
EventToastView,OpenIntelligence/Features/Chat/Conversation/EventToasts.swift,Chat,isVisible,,,,,,,,No,No,No,Low,,code_verified,high,OpenIntelligence/Features/Chat/Conversation/EventToasts.swift,scan_codebase.py,Extracted View state properties
ToastStackView,OpenIntelligence/Features/Chat/Conversation/EventToasts.swift,Chat,,,,,,,,,No,No,No,Low,,code_verified,high,OpenIntelligence/Features/Chat/Conversation/EventToasts.swift,scan_codebase.py,Extracted View state properties
PreviewWrapper,OpenIntelligence/Features/Chat/Conversation/EventToasts.swift,Chat,manager,,,,,,Button Click,,No,No,No,Low,,code_verified,high,OpenIntelligence/Features/Chat/Conversation/EventToasts.swift,scan_codebase.py,Extracted View state properties
MessageActionsBar,OpenIntelligence/Features/Chat/Conversation/MessageActionsBar.swift,Chat,"copiedFeedback, feedbackSubmitted",,,,ChatMessage,ChatMessage,Button Click,copyToClipboard,No,No,No,Low,,code_verified,high,OpenIntelligence/Features/Chat/Conversation/MessageActionsBar.swift,scan_codebase.py,Extracted View state properties
ActionButton,OpenIntelligence/Features/Chat/Conversation/MessageActionsBar.swift,Chat,,,,,,,Button Click,,No,No,No,Low,,code_verified,high,OpenIntelligence/Features/Chat/Conversation/MessageActionsBar.swift,scan_codebase.py,Extracted View state properties
MessageMetadataPanel,OpenIntelligence/Features/Chat/Conversation/MessageActionsBar.swift,Chat,expanded,,,,,,Button Click,formatTTFT,No,No,No,Low,,code_verified,high,OpenIntelligence/Features/Chat/Conversation/MessageActionsBar.swift,scan_codebase.py,Extracted View state properties
MetricRow,OpenIntelligence/Features/Chat/Conversation/MessageActionsBar.swift,Chat,,,,,,,,,No,No,No,Low,,code_verified,high,OpenIntelligence/Features/Chat/Conversation/MessageActionsBar.swift,scan_codebase.py,Extracted View state properties
MessageBubbleV2,OpenIntelligence/Features/Chat/Conversation/MessageBubbleV2.swift,Chat,"showActions, showDetails, showFullMetrics, showReportSheet, sharePayload, showReasoningTrace",message,horizontalSizeClass,,"ChatMessage, PipelineTraceExporter",ChatMessage,Button Click,"relativeTime, shareMessage, exportPipelineTrace, toggleHidden, submitReport",No,No,No,Low,,code_verified,high,OpenIntelligence/Features/Chat/Conversation/MessageBubbleV2.swift,scan_codebase.py,Extracted View state properties
ReasoningStepView,OpenIntelligence/Features/Chat/Conversation/MessageBubbleV2.swift,Chat,,,,,,,,,No,No,No,Low,,code_verified,high,OpenIntelligence/Features/Chat/Conversation/MessageBubbleV2.swift,scan_codebase.py,Extracted View state properties
VerificationBadge,OpenIntelligence/Features/Chat/Conversation/MessageBubbleV2.swift,Chat,,,,,,,,from,No,No,No,Low,,code_verified,high,OpenIntelligence/Features/Chat/Conversation/MessageBubbleV2.swift,scan_codebase.py,Extracted View state properties
VerificationStatus,OpenIntelligence/Features/Chat/Conversation/MessageBubbleV2.swift,Chat,,,,,,,,from,No,No,No,Low,,code_verified,high,OpenIntelligence/Features/Chat/Conversation/MessageBubbleV2.swift,scan_codebase.py,Extracted View state properties
MessageListV2,OpenIntelligence/Features/Chat/Conversation/MessageListV2.swift,Chat,"scrollProxy, isPinnedToBottom","messages, thinkingEvents",,,ChatMessage,ChatMessage,,scrollToBottom,No,No,No,Low,,code_verified,high,OpenIntelligence/Features/Chat/Conversation/MessageListV2.swift,scan_codebase.py,Extracted View state properties
EmptyStateV2,OpenIntelligence/Features/Chat/Conversation/MessageListV2.swift,Chat,,,,,,,,,No,No,No,Low,,code_verified,high,OpenIntelligence/Features/Chat/Conversation/MessageListV2.swift,scan_codebase.py,Extracted View state properties
StreamingBubbleV2,OpenIntelligence/Features/Chat/Conversation/MessageListV2.swift,Chat,cursorVisible,,horizontalSizeClass,,,,,,No,No,No,Low,,code_verified,high,OpenIntelligence/Features/Chat/Conversation/MessageListV2.swift,scan_codebase.py,Extracted View state properties
TypingBubbleV2,OpenIntelligence/Features/Chat/Conversation/MessageListV2.swift,Chat,pulse,,horizontalSizeClass,,,,,,No,No,No,Low,,code_verified,high,OpenIntelligence/Features/Chat/Conversation/MessageListV2.swift,scan_codebase.py,Extracted View state properties
LivePipelinePreview,OpenIntelligence/Features/Chat/Conversation/MessageListV2.swift,Chat,,,,,,,,,No,No,No,Low,,code_verified,high,OpenIntelligence/Features/Chat/Conversation/MessageListV2.swift,scan_codebase.py,Extracted View state properties
BottomAnchorGeometry,OpenIntelligence/Features/Chat/Conversation/MessageListV2.swift,Chat,,,,,,,,,No,No,No,Low,,code_verified,high,OpenIntelligence/Features/Chat/Conversation/MessageListV2.swift,scan_codebase.py,Extracted View state properties
AnswerIntelligenceView,OpenIntelligence/Features/Chat/Response/AnswerIntelligenceView.swift,Chat,"isExpanded, selectedSection",,,,,,Button Click,"metricCard, gateRow, sourceRow",No,No,No,Low,,code_verified,high,OpenIntelligence/Features/Chat/Response/AnswerIntelligenceView.swift,scan_codebase.py,Extracted View state properties
AnswerIntelligenceBadge,OpenIntelligence/Features/Chat/Response/AnswerIntelligenceView.swift,Chat,,,,,,,,,No,No,No,Low,,code_verified,high,OpenIntelligence/Features/Chat/Response/AnswerIntelligenceView.swift,scan_codebase.py,Extracted View state properties
AnswerIntelligence,OpenIntelligence/Features/Chat/Response/AnswerIntelligenceView.swift,Chat,,,,,,,Button Click,"from, gateName, gateIcon",No,No,No,Low,,code_verified,high,OpenIntelligence/Features/Chat/Response/AnswerIntelligenceView.swift,scan_codebase.py,Extracted View state properties
ContextUsageIndicator,OpenIntelligence/Features/Chat/Response/ContextUsageIndicator.swift,Chat,,,,,,,,"segmentWidth, formatNumber",No,No,No,Low,,code_verified,high,OpenIntelligence/Features/Chat/Response/ContextUsageIndicator.swift,scan_codebase.py,Extracted View state properties
ContextSegment,OpenIntelligence/Features/Chat/Response/ContextUsageIndicator.swift,Chat,,,,,,,,,No,No,No,Low,,code_verified,high,OpenIntelligence/Features/Chat/Response/ContextUsageIndicator.swift,scan_codebase.py,Extracted View state properties
LegendItem,OpenIntelligence/Features/Chat/Response/ContextUsageIndicator.swift,Chat,,,,,,,,,No,No,No,Low,,code_verified,high,OpenIntelligence/Features/Chat/Response/ContextUsageIndicator.swift,scan_codebase.py,Extracted View state properties
CompactContextIndicator,OpenIntelligence/Features/Chat/Response/ContextUsageIndicator.swift,Chat,,,,,,,,,No,No,No,Low,,code_verified,high,OpenIntelligence/Features/Chat/Response/ContextUsageIndicator.swift,scan_codebase.py,Extracted View state properties
CircularContextGauge,OpenIntelligence/Features/Chat/Response/ContextUsageIndicator.swift,Chat,,,,,,,,,No,No,No,Low,,code_verified,high,OpenIntelligence/Features/Chat/Response/ContextUsageIndicator.swift,scan_codebase.py,Extracted View state properties
EnhancedCodeBlock,OpenIntelligence/Features/Chat/Response/EnhancedCodeBlock.swift,Chat,copied,,,,,,Button Click,copyCode,No,No,No,Low,,code_verified,high,OpenIntelligence/Features/Chat/Response/EnhancedCodeBlock.swift,scan_codebase.py,Extracted View state properties
SyntaxHighlightedLine,OpenIntelligence/Features/Chat/Response/EnhancedCodeBlock.swift,Chat,,,,,,,Button Click,applyHighlighting,No,No,No,Low,,code_verified,high,OpenIntelligence/Features/Chat/Response/EnhancedCodeBlock.swift,scan_codebase.py,Extracted View state properties
ContentView,OpenIntelligence/Features/Chat/Response/EnhancedCodeBlock.swift,Chat,count,,,,,,,,No,No,No,Low,,code_verified,high,OpenIntelligence/Features/Chat/Response/EnhancedCodeBlock.swift,scan_codebase.py,Extracted View state properties
GroundedAnswerView,OpenIntelligence/Features/Chat/Response/GroundedAnswerView.swift,Chat,"expandedClaimIndex, selectedCitationChunk",,,,,,Button Click,,No,No,No,Low,,code_verified,high,OpenIntelligence/Features/Chat/Response/GroundedAnswerView.swift,scan_codebase.py,Extracted View state properties
ReportMessageSheet,OpenIntelligence/Features/Chat/Response/ReportMessageSheet.swift,Chat,"reason, notes, shouldHide, includeDebugContext",,dismiss,,ChatMessage,ChatMessage,Button Click,buildReportText,No,No,No,Low,,code_verified,high,OpenIntelligence/Features/Chat/Response/ReportMessageSheet.swift,scan_codebase.py,Extracted View state properties
ChatResponseDetailsView,OpenIntelligence/Features/Chat/Response/ResponseDetailsView.swift,Chat,showPerformance,,dismiss,,,,Button Click,"routeTraceSection, tokenBudgetSection, tokenBarSegment, tokenBudgetStat, summaryStatItem",No,Yes,No,Low,,code_verified,high,OpenIntelligence/Features/Chat/Response/ResponseDetailsView.swift,scan_codebase.py,Extracted View state properties
MatchQualityPill,OpenIntelligence/Features/Chat/Response/ResponseDetailsView.swift,Chat,,,,,,,,,No,No,No,Low,,code_verified,high,OpenIntelligence/Features/Chat/Response/ResponseDetailsView.swift,scan_codebase.py,Extracted View state properties
SourceCard,OpenIntelligence/Features/Chat/Response/ResponseDetailsView.swift,Chat,isExpanded,,,,,,Button Click,,No,No,No,Low,,code_verified,high,OpenIntelligence/Features/Chat/Response/ResponseDetailsView.swift,scan_codebase.py,Extracted View state properties
PerfMetricRow,OpenIntelligence/Features/Chat/Response/ResponseDetailsView.swift,Chat,,,,,,,,,No,No,No,Low,,code_verified,high,OpenIntelligence/Features/Chat/Response/ResponseDetailsView.swift,scan_codebase.py,Extracted View state properties
ResponseDetailMetricRow,OpenIntelligence/Features/Chat/Response/ResponseDetailsView.swift,Chat,,,,,,,,,No,No,No,Low,,code_verified,high,OpenIntelligence/Features/Chat/Response/ResponseDetailsView.swift,scan_codebase.py,Extracted View state properties
RetrievalQualityBar,OpenIntelligence/Features/Chat/Response/RetrievalQualityView.swift,Chat,,,,,,,,scoreColor,No,No,No,Low,,code_verified,high,OpenIntelligence/Features/Chat/Response/RetrievalQualityView.swift,scan_codebase.py,Extracted View state properties
SimilarityBar,OpenIntelligence/Features/Chat/Response/RetrievalQualityView.swift,Chat,,,,,,,,,No,No,No,Low,,code_verified,high,OpenIntelligence/Features/Chat/Response/RetrievalQualityView.swift,scan_codebase.py,Extracted View state properties
CompactQualityIndicator,OpenIntelligence/Features/Chat/Response/RetrievalQualityView.swift,Chat,,,,,,,,,No,No,No,Low,,code_verified,high,OpenIntelligence/Features/Chat/Response/RetrievalQualityView.swift,scan_codebase.py,Extracted View state properties
QualityGauge,OpenIntelligence/Features/Chat/Response/RetrievalQualityView.swift,Chat,,,,,,,,,No,No,No,Low,,code_verified,high,OpenIntelligence/Features/Chat/Response/RetrievalQualityView.swift,scan_codebase.py,Extracted View state properties
QualityRadar,OpenIntelligence/Features/Chat/Response/RetrievalQualityView.swift,Chat,,,,,,,,gaugeColor,No,No,No,Low,,code_verified,high,OpenIntelligence/Features/Chat/Response/RetrievalQualityView.swift,scan_codebase.py,Extracted View state properties
RetrievalSourcesTray,OpenIntelligence/Features/Chat/Response/RetrievalSourcesTray.swift,Chat,"isExpanded, isVisible",,,,,,Button Click,,No,No,No,Low,,code_verified,high,OpenIntelligence/Features/Chat/Response/RetrievalSourcesTray.swift,scan_codebase.py,Extracted View state properties
ShimmerBar,OpenIntelligence/Features/Chat/Response/RetrievalSourcesTray.swift,Chat,phase,,,,,,,,No,No,No,Low,,code_verified,high,OpenIntelligence/Features/Chat/Response/RetrievalSourcesTray.swift,scan_codebase.py,Extracted View state properties
SourceChipsView,OpenIntelligence/Features/Chat/Response/SourceChipsView.swift,Chat,appearedCount,,,,,,,"similarityColor, qualityTier",No,No,No,Low,,code_verified,high,OpenIntelligence/Features/Chat/Response/SourceChipsView.swift,scan_codebase.py,Extracted View state properties
SourceChip,OpenIntelligence/Features/Chat/Response/SourceChipsView.swift,Chat,isPressed,,,,,,Button Click,,No,No,No,Low,,code_verified,high,OpenIntelligence/Features/Chat/Response/SourceChipsView.swift,scan_codebase.py,Extracted View state properties
MoreChip,OpenIntelligence/Features/Chat/Response/SourceChipsView.swift,Chat,,,,,,,Button Click,,No,No,No,Low,,code_verified,high,OpenIntelligence/Features/Chat/Response/SourceChipsView.swift,scan_codebase.py,Extracted View state properties
SourceFidelityStatus,OpenIntelligence/Features/Chat/Response/SourceFidelityStatus.swift,Chat,,,,,,,,,No,No,No,Low,,code_verified,high,OpenIntelligence/Features/Chat/Response/SourceFidelityStatus.swift,scan_codebase.py,Extracted View state properties
StatusPillV2,OpenIntelligence/Features/Chat/Response/StatusPillV2.swift,Chat,pulsePhase,,,,,,,formatElapsed,No,No,No,Low,,code_verified,high,OpenIntelligence/Features/Chat/Response/StatusPillV2.swift,scan_codebase.py,Extracted View state properties
StageDot,OpenIntelligence/Features/Chat/Response/StatusPillV2.swift,Chat,,,,,,,,,No,No,No,Low,,code_verified,high,OpenIntelligence/Features/Chat/Response/StatusPillV2.swift,scan_codebase.py,Extracted View state properties
ExecutionChip,OpenIntelligence/Features/Chat/Response/StatusPillV2.swift,Chat,,,,,,,,,No,No,No,Low,,code_verified,high,OpenIntelligence/Features/Chat/Response/StatusPillV2.swift,scan_codebase.py,Extracted View state properties
ThinkingStreamView,OpenIntelligence/Features/Chat/Response/ThinkingStreamView.swift,Chat,"isExpanded, isFullHeight, hasAutoExpanded, viewMode",,,,,,Button Click,"formatElapsed, colorFor",No,No,No,Low,,code_verified,high,OpenIntelligence/Features/Chat/Response/ThinkingStreamView.swift,scan_codebase.py,Extracted View state properties
ConsoleLogRow,OpenIntelligence/Features/Chat/Response/ThinkingStreamView.swift,Chat,,,,,,,,,No,No,No,Low,,code_verified,high,OpenIntelligence/Features/Chat/Response/ThinkingStreamView.swift,scan_codebase.py,Extracted View state properties
ThinkingPulse,OpenIntelligence/Features/Chat/Response/ThinkingStreamView.swift,Chat,isPulsing,,,,,,,,No,No,No,Low,,code_verified,high,OpenIntelligence/Features/Chat/Response/ThinkingStreamView.swift,scan_codebase.py,Extracted View state properties
TimingBreakdownView,OpenIntelligence/Features/Chat/Response/TimingBreakdownView.swift,Chat,expanded,,,,,,Button Click,"barWidth, percentage, formatDuration",No,No,No,Low,,code_verified,high,OpenIntelligence/Features/Chat/Response/TimingBreakdownView.swift,scan_codebase.py,Extracted View state properties
TimingRow,OpenIntelligence/Features/Chat/Response/TimingBreakdownView.swift,Chat,,,,,,,,formatDuration,No,No,No,Low,,code_verified,high,OpenIntelligence/Features/Chat/Response/TimingBreakdownView.swift,scan_codebase.py,Extracted View state properties
TimingChipsRow,OpenIntelligence/Features/Chat/Response/TimingBreakdownView.swift,Chat,,,,,,,,,No,No,No,Low,,code_verified,high,OpenIntelligence/Features/Chat/Response/TimingBreakdownView.swift,scan_codebase.py,Extracted View state properties
TimingChip,OpenIntelligence/Features/Chat/Response/TimingBreakdownView.swift,Chat,,,,,,,,formatDuration,No,No,No,Low,,code_verified,high,OpenIntelligence/Features/Chat/Response/TimingBreakdownView.swift,scan_codebase.py,Extracted View state properties
ToolCallBadge,OpenIntelligence/Features/Chat/Response/ToolCallBadge.swift,Chat,isVisible,,,,,,,,No,No,No,Low,,code_verified,high,OpenIntelligence/Features/Chat/Response/ToolCallBadge.swift,scan_codebase.py,Extracted View state properties
MicroToolCallBadge,OpenIntelligence/Features/Chat/Response/ToolCallBadge.swift,Chat,,,,,,,,,No,No,No,Low,,code_verified,high,OpenIntelligence/Features/Chat/Response/ToolCallBadge.swift,scan_codebase.py,Extracted View state properties
UnifiedMetricsBar,OpenIntelligence/Features/Chat/Response/UnifiedMetricsBar.swift,Chat,"showExpandedDetails, pulsePhase, autoHeight, baseHeight, dragOffset, isDragging",,,systemMonitor,RAGService,,Button Click,"matchScoreColor, sourceQualityLabel, formatTokenCount, formatLargeCount, confidenceColorFor",Yes,No,No,Low,,code_verified,high,OpenIntelligence/Features/Chat/Response/UnifiedMetricsBar.swift,scan_codebase.py,Extracted View state properties
MiniSparkline,OpenIntelligence/Features/Chat/Response/UnifiedMetricsBar.swift,Chat,,,,,,,,,No,No,No,Low,,code_verified,high,OpenIntelligence/Features/Chat/Response/UnifiedMetricsBar.swift,scan_codebase.py,Extracted View state properties
VerificationGatesOverlayView,OpenIntelligence/Features/Chat/Response/VerificationGatesOverlayView.swift,Chat,gates,,,,,,,"initialGates, updateGateStatuses",No,Yes,No,Low,,code_verified,high,OpenIntelligence/Features/Chat/Response/VerificationGatesOverlayView.swift,scan_codebase.py,Extracted View state properties
GateRowView,OpenIntelligence/Features/Chat/Response/VerificationGatesOverlayView.swift,Chat,,,,,,,,isFailed,No,No,No,Low,,code_verified,high,OpenIntelligence/Features/Chat/Response/VerificationGatesOverlayView.swift,scan_codebase.py,Extracted View state properties
VisualEvidenceCard,OpenIntelligence/Features/Chat/Response/VisualEvidenceCard.swift,Chat,,,,,,,,,No,No,No,Low,,code_verified,high,OpenIntelligence/Features/Chat/Response/VisualEvidenceCard.swift,scan_codebase.py,Extracted View state properties
WritingToolsResultSheet,OpenIntelligence/Features/Chat/Response/WritingToolsResultSheet.swift,Chat,,,dismiss,,,,Button Click,,No,No,No,Low,,code_verified,high,OpenIntelligence/Features/Chat/Response/WritingToolsResultSheet.swift,scan_codebase.py,Extracted View state properties
DatabaseDashboardView,OpenIntelligence/Features/Database/DatabaseDashboardView.swift,Main,"selectedSection, stats, indexInfo, documentStats, isLoading, searchQuery, searchResults, isSearching, deepDiagnostics, topTerms, termDistribution, docLengthStats, searchMetrics, integrityResults, isOptimizing, isRebuildingIndex, lastOptimizeResult, selectedDocument, documentPreview, rebuildLogs, showRebuildLog, containerNameMap, documentNameMap",,"ragService, containerService, settings",,"RAGService, ContainerService, SQLiteFullTextService, SettingsStore",,Button Click,"loadAllData, databaseHealthCard, containerBreakdownCard, loadStatistics, performSearch",Yes,No,No,Low,,code_verified,high,OpenIntelligence/Features/Database/DatabaseDashboardView.swift,scan_codebase.py,Extracted View state properties
QuickStat,OpenIntelligence/Features/Database/DatabaseDashboardView.swift,Main,,,,,,,,,No,No,No,Low,,code_verified,high,OpenIntelligence/Features/Database/DatabaseDashboardView.swift,scan_codebase.py,Extracted View state properties
DatabaseStatusBadge,OpenIntelligence/Features/Database/DatabaseDashboardView.swift,Main,,,,,,,,,No,No,No,Low,,code_verified,high,OpenIntelligence/Features/Database/DatabaseDashboardView.swift,scan_codebase.py,Extracted View state properties
DatabaseMetricCard,OpenIntelligence/Features/Database/DatabaseDashboardView.swift,Main,,,,,,,,,No,No,No,Low,,code_verified,high,OpenIntelligence/Features/Database/DatabaseDashboardView.swift,scan_codebase.py,Extracted View state properties
PerformanceComparisonRow,OpenIntelligence/Features/Database/DatabaseDashboardView.swift,Main,,,,,,,,,No,No,No,Low,,code_verified,high,OpenIntelligence/Features/Database/DatabaseDashboardView.swift,scan_codebase.py,Extracted View state properties
DocumentStatRow,OpenIntelligence/Features/Database/DatabaseDashboardView.swift,Main,,,,,,,,,No,No,No,Low,,code_verified,high,OpenIntelligence/Features/Database/DatabaseDashboardView.swift,scan_codebase.py,Extracted View state properties
IndexStatCard,OpenIntelligence/Features/Database/DatabaseDashboardView.swift,Main,,,,,,,,,No,No,No,Low,,code_verified,high,OpenIntelligence/Features/Database/DatabaseDashboardView.swift,scan_codebase.py,Extracted View state properties
TokenizerInfoRow,OpenIntelligence/Features/Database/DatabaseDashboardView.swift,Main,,,,,,,,,No,No,No,Low,,code_verified,high,OpenIntelligence/Features/Database/DatabaseDashboardView.swift,scan_codebase.py,Extracted View state properties
FeatureBadge,OpenIntelligence/Features/Database/DatabaseDashboardView.swift,Main,,,,,SQLiteFullTextService,,,,No,No,No,Low,,code_verified,high,OpenIntelligence/Features/Database/DatabaseDashboardView.swift,scan_codebase.py,Extracted View state properties
SearchTip,OpenIntelligence/Features/Database/DatabaseDashboardView.swift,Main,,,,,,,,,No,No,No,Low,,code_verified,high,OpenIntelligence/Features/Database/DatabaseDashboardView.swift,scan_codebase.py,Extracted View state properties
SearchResultRow,OpenIntelligence/Features/Database/DatabaseDashboardView.swift,Main,,,,,,,,,No,No,No,Low,,code_verified,high,OpenIntelligence/Features/Database/DatabaseDashboardView.swift,scan_codebase.py,Extracted View state properties
DiagnosticCard,OpenIntelligence/Features/Database/DatabaseDashboardView.swift,Main,,,,,,,,,No,No,No,Low,,code_verified,high,OpenIntelligence/Features/Database/DatabaseDashboardView.swift,scan_codebase.py,Extracted View state properties
MiniStatCard,OpenIntelligence/Features/Database/DatabaseDashboardView.swift,Main,,,,,,,,,No,No,No,Low,,code_verified,high,OpenIntelligence/Features/Database/DatabaseDashboardView.swift,scan_codebase.py,Extracted View state properties
DatabaseInfoRow,OpenIntelligence/Features/Database/DatabaseDashboardView.swift,Main,,,,,,,,,No,No,No,Low,,code_verified,high,OpenIntelligence/Features/Database/DatabaseDashboardView.swift,scan_codebase.py,Extracted View state properties
HealthIndicator,OpenIntelligence/Features/Database/DatabaseDashboardView.swift,Main,,,,,,,,,No,No,No,Medium,,code_verified,high,OpenIntelligence/Features/Database/DatabaseDashboardView.swift,scan_codebase.py,Extracted View state properties
LibraryIntelligenceCard,OpenIntelligence/Features/Database/DatabaseDashboardView.swift,Main,,,,,,,,,No,No,No,Low,,code_verified,high,OpenIntelligence/Features/Database/DatabaseDashboardView.swift,scan_codebase.py,Extracted View state properties
IntelligenceMetricRow,OpenIntelligence/Features/Database/DatabaseDashboardView.swift,Main,,,,,,,,,No,No,No,Low,,code_verified,high,OpenIntelligence/Features/Database/DatabaseDashboardView.swift,scan_codebase.py,Extracted View state properties
CorpusSignalBadge,OpenIntelligence/Features/Database/DatabaseDashboardView.swift,Main,,,,,,,,,No,No,No,Low,,code_verified,high,OpenIntelligence/Features/Database/DatabaseDashboardView.swift,scan_codebase.py,Extracted View state properties
IntelligenceExplanationRow,OpenIntelligence/Features/Database/DatabaseDashboardView.swift,Main,,,,,,,,,No,No,No,Low,,code_verified,high,OpenIntelligence/Features/Database/DatabaseDashboardView.swift,scan_codebase.py,Extracted View state properties
DocumentPreviewSheet,OpenIntelligence/Features/Database/DatabaseDashboardView.swift,Main,"fullContent, displayContent, isTruncated, isLoading, analysisStats",,dismiss,,,,Button Click,,No,No,No,Low,,code_verified,high,OpenIntelligence/Features/Database/DatabaseDashboardView.swift,scan_codebase.py,Extracted View state properties
MetadataCard,OpenIntelligence/Features/Database/DatabaseDashboardView.swift,Main,,,,,,,,,No,No,No,Low,,code_verified,high,OpenIntelligence/Features/Database/DatabaseDashboardView.swift,scan_codebase.py,Extracted View state properties
AnalysisCard,OpenIntelligence/Features/Database/DatabaseDashboardView.swift,Main,,,,,,,,,No,No,No,Low,,code_verified,high,OpenIntelligence/Features/Database/DatabaseDashboardView.swift,scan_codebase.py,Extracted View state properties
CharacterBreakdownRow,OpenIntelligence/Features/Database/DatabaseDashboardView.swift,Main,,,,,SQLiteFullTextService,,Button Click,,No,No,No,Low,,code_verified,high,OpenIntelligence/Features/Database/DatabaseDashboardView.swift,scan_codebase.py,Extracted View state properties
DeveloperDiagnosticsHubView,OpenIntelligence/Features/Diagnostics/Hub/DeveloperDiagnosticsHubView.swift,Diagnostics,,,settings,ragService,"RAGService, FoundationModelRoutePolicy, SettingsStore",,Button Click,"statusItem, applyLoggingSettings, applyProductionPreset, applyDevelopmentPreset, applyDebugPreset",Yes,Yes,No,Medium,,code_verified,high,OpenIntelligence/Features/Diagnostics/Hub/DeveloperDiagnosticsHubView.swift,scan_codebase.py,Extracted View state properties
BackendHealthDiagnosticsView,OpenIntelligence/Features/Diagnostics/Monitoring/BackendHealthDiagnosticsView.swift,Diagnostics,"appleFMStatus, appleFMColor, isChecking",,,ragService,"RAGService, LLMService",,Button Click,"capabilityRow, checkAppleFMAvailability",No,No,No,Medium,,code_verified,high,OpenIntelligence/Features/Diagnostics/Monitoring/BackendHealthDiagnosticsView.swift,scan_codebase.py,Extracted View state properties
LiveSystemMonitorWrapper,OpenIntelligence/Features/Diagnostics/Monitoring/LiveSystemMonitorWrapper.swift,Diagnostics,,,,systemMonitor,,,,"liveMetricCard, thermalDetailText, batteryDetailText, formatMemorySize, pipelineDetailText",No,No,No,Low,,code_verified,high,OpenIntelligence/Features/Diagnostics/Monitoring/LiveSystemMonitorWrapper.swift,scan_codebase.py,Extracted View state properties
ChunkInspectorView,OpenIntelligence/Features/Diagnostics/Validation/ChunkInspectorView.swift,Diagnostics,"searchQuery, inspectionResults, isSearching, selectedChunk, corpusVerification, inspectionMode, allDocumentChunks, selectedDocument, sortOrder, filterStructureType",,containerService,ragService,"RAGService, ContainerService, SQLiteFullTextService",,Button Click,"statPill, quickSearchChip, corpusVerificationBadge, performSearch, performSemanticSearch",No,No,No,Low,,code_verified,high,OpenIntelligence/Features/Diagnostics/Validation/ChunkInspectorView.swift,scan_codebase.py,Extracted View state properties
ChunkRowView,OpenIntelligence/Features/Diagnostics/Validation/ChunkInspectorView.swift,Diagnostics,,,,,,,,structureBadge,No,No,No,Low,,code_verified,high,OpenIntelligence/Features/Diagnostics/Validation/ChunkInspectorView.swift,scan_codebase.py,Extracted View state properties
ChunkDetailSheet,OpenIntelligence/Features/Diagnostics/Validation/ChunkInspectorView.swift,Diagnostics,,,dismiss,,,,Button Click,"metadataItem, prefixCard, sectionPathCard",No,No,No,Low,,code_verified,high,OpenIntelligence/Features/Diagnostics/Validation/ChunkInspectorView.swift,scan_codebase.py,Extracted View state properties
ContainerScopingSelfTestsView,OpenIntelligence/Features/Diagnostics/Validation/ContainerScopingSelfTestsView.swift,Diagnostics,"isRunning, results",,,ragService,RAGService,,Button Click,"runAllTests, scopedListingDiffersAcrossContainers, oneOffOverrideRetrievalIsScoped, agenticToolCallsObeyQueryContext, parseDocNames",No,No,No,Low,,code_verified,high,OpenIntelligence/Features/Diagnostics/Validation/ContainerScopingSelfTestsView.swift,scan_codebase.py,Extracted View state properties
CoreValidationView,OpenIntelligence/Features/Diagnostics/Validation/CoreValidationView.swift,Diagnostics,"testResults, isRunning, currentTest, overallStatus, embeddingSnapshot",,,"ragService, telemetryCenter","RAGService, DocumentProcessor, EmbeddingService, LLMService",,Button Click,"runAllTests, runTest",Yes,No,No,Medium,,code_verified,high,OpenIntelligence/Features/Diagnostics/Validation/CoreValidationView.swift,scan_codebase.py,Extracted View state properties
ModernStatusCard,OpenIntelligence/Features/Diagnostics/Validation/CoreValidationView.swift,Diagnostics,,,,,,,,,No,No,No,Low,,code_verified,high,OpenIntelligence/Features/Diagnostics/Validation/CoreValidationView.swift,scan_codebase.py,Extracted View state properties
EmbeddingStatusCard,OpenIntelligence/Features/Diagnostics/Validation/CoreValidationView.swift,Diagnostics,,,,,RAGService,,,,No,No,No,Low,,code_verified,high,OpenIntelligence/Features/Diagnostics/Validation/CoreValidationView.swift,scan_codebase.py,Extracted View state properties
EmbeddingTelemetryList,OpenIntelligence/Features/Diagnostics/Validation/CoreValidationView.swift,Diagnostics,,,,,,,,,No,No,No,Low,,code_verified,high,OpenIntelligence/Features/Diagnostics/Validation/CoreValidationView.swift,scan_codebase.py,Extracted View state properties
StatusPill,OpenIntelligence/Features/Diagnostics/Validation/CoreValidationView.swift,Diagnostics,,,,,,,,,No,No,No,Low,,code_verified,high,OpenIntelligence/Features/Diagnostics/Validation/CoreValidationView.swift,scan_codebase.py,Extracted View state properties
ModernTestResultCard,OpenIntelligence/Features/Diagnostics/Validation/CoreValidationView.swift,Diagnostics,,,,,,,,,No,No,No,Low,,code_verified,high,OpenIntelligence/Features/Diagnostics/Validation/CoreValidationView.swift,scan_codebase.py,Extracted View state properties
ModernTestInfoSection,OpenIntelligence/Features/Diagnostics/Validation/CoreValidationView.swift,Diagnostics,,,,,,,,,No,No,No,Low,,code_verified,high,OpenIntelligence/Features/Diagnostics/Validation/CoreValidationView.swift,scan_codebase.py,Extracted View state properties
ModernTestInfoItem,OpenIntelligence/Features/Diagnostics/Validation/CoreValidationView.swift,Diagnostics,,,,,,,,,No,No,No,Low,,code_verified,high,OpenIntelligence/Features/Diagnostics/Validation/CoreValidationView.swift,scan_codebase.py,Extracted View state properties
StatusCard,OpenIntelligence/Features/Diagnostics/Validation/CoreValidationView.swift,Diagnostics,,,,,,,,,No,No,No,Low,,code_verified,high,OpenIntelligence/Features/Diagnostics/Validation/CoreValidationView.swift,scan_codebase.py,Extracted View state properties
TestResultRow,OpenIntelligence/Features/Diagnostics/Validation/CoreValidationView.swift,Diagnostics,,,,,,,,,No,No,No,Low,,code_verified,high,OpenIntelligence/Features/Diagnostics/Validation/CoreValidationView.swift,scan_codebase.py,Extracted View state properties
TestInfoSection,OpenIntelligence/Features/Diagnostics/Validation/CoreValidationView.swift,Diagnostics,,,,,,,,,No,No,No,Low,,code_verified,high,OpenIntelligence/Features/Diagnostics/Validation/CoreValidationView.swift,scan_codebase.py,Extracted View state properties
TestInfoItem,OpenIntelligence/Features/Diagnostics/Validation/CoreValidationView.swift,Diagnostics,,,,,,,,,No,No,No,Low,,code_verified,high,OpenIntelligence/Features/Diagnostics/Validation/CoreValidationView.swift,scan_codebase.py,Extracted View state properties
TestResult,OpenIntelligence/Features/Diagnostics/Validation/CoreValidationView.swift,Diagnostics,,,,,,,,,No,No,No,Low,,code_verified,high,OpenIntelligence/Features/Diagnostics/Validation/CoreValidationView.swift,scan_codebase.py,Extracted View state properties
TestStatus,OpenIntelligence/Features/Diagnostics/Validation/CoreValidationView.swift,Diagnostics,,,,,,,,,No,No,No,Low,,code_verified,high,OpenIntelligence/Features/Diagnostics/Validation/CoreValidationView.swift,scan_codebase.py,Extracted View state properties
RAGAccuracyView,OpenIntelligence/Features/Diagnostics/Validation/RAGAccuracyView.swift,Diagnostics,"isRunningTests, testProgress, embeddingSanityResult, quickSanityPassed, benchmarkReport, errorMessage, embeddingSnapshot, isImportingSamples",,,ragService,"RAGService, EmbeddingService, QualityAssuranceService",,Button Click,"metricPill, determineOverallStatus, embeddingResultsView, fullMetricsView, pipelineCensusView",No,No,No,Low,,code_verified,high,OpenIntelligence/Features/Diagnostics/Validation/RAGAccuracyView.swift,scan_codebase.py,Extracted View state properties
RAGPipelineAuditView,OpenIntelligence/Features/Diagnostics/Validation/RAGPipelineAuditView.swift,Diagnostics,isRunningVectorAudit,,,ragService,RAGService,,Button Click,"formatPercent, formatDate",Yes,No,No,Low,,code_verified,high,OpenIntelligence/Features/Diagnostics/Validation/RAGPipelineAuditView.swift,scan_codebase.py,Extracted View state properties
ContainerPickerStrip,OpenIntelligence/Features/Documents/Components/ContainerPicker.swift,Library,,,,containerService,ContainerService,,Button Click,documentCountText,No,Yes,No,Low,,code_verified,high,OpenIntelligence/Features/Documents/Components/ContainerPicker.swift,scan_codebase.py,Extracted View state properties
ContainerPill,OpenIntelligence/Features/Documents/Components/ContainerPicker.swift,Library,showingActionDialog,,,,,,Button Click,,No,Yes,No,Low,,code_verified,high,OpenIntelligence/Features/Documents/Components/ContainerPicker.swift,scan_codebase.py,Extracted View state properties
ModernDocumentCard,OpenIntelligence/Features/Documents/Components/DocumentCard.swift,Library,"showingDeleteAlert, deleteMode",,workspaceSyncService,ragService,"RAGService, WorkspaceSyncService",,Button Click,,No,Yes,No,Low,,code_verified,high,OpenIntelligence/Features/Documents/Components/DocumentCard.swift,scan_codebase.py,Extracted View state properties
ContentTagsRow,OpenIntelligence/Features/Documents/Components/DocumentCard.swift,Library,,,,,,,,"tagColor, tagTextColor",No,Yes,No,Low,,code_verified,high,OpenIntelligence/Features/Documents/Components/DocumentCard.swift,scan_codebase.py,Extracted View state properties
DocumentPicker,OpenIntelligence/Features/Documents/Components/DocumentPicker.swift,Library,,,,,,,,,No,No,No,Low,,code_verified,high,OpenIntelligence/Features/Documents/Components/DocumentPicker.swift,scan_codebase.py,Extracted View state properties
DocumentQuotaBanner,OpenIntelligence/Features/Documents/Components/DocumentQuotaBanner.swift,Library,,,,,,,Button Click,,No,No,No,Low,,code_verified,high,OpenIntelligence/Features/Documents/Components/DocumentQuotaBanner.swift,scan_codebase.py,Extracted View state properties
DocumentRow,OpenIntelligence/Features/Documents/Components/DocumentRow.swift,Library,,,,,,,,iconName,No,No,No,Low,,code_verified,high,OpenIntelligence/Features/Documents/Components/DocumentRow.swift,scan_codebase.py,Extracted View state properties
EmptyDocumentsView,OpenIntelligence/Features/Documents/Components/EmptyDocumentsView.swift,Library,,,,,,,Button Click,,No,No,No,Low,,code_verified,high,OpenIntelligence/Features/Documents/Components/EmptyDocumentsView.swift,scan_codebase.py,Extracted View state properties
DocumentFeatureRow,OpenIntelligence/Features/Documents/Components/EmptyDocumentsView.swift,Library,,,,,,,,,No,No,No,Low,,code_verified,high,OpenIntelligence/Features/Documents/Components/EmptyDocumentsView.swift,scan_codebase.py,Extracted View state properties
ProcessingSummaryView,OpenIntelligence/Features/Documents/Components/ProcessingSummaryView.swift,Library,,,dismiss,,,,,,No,No,No,Low,,code_verified,high,OpenIntelligence/Features/Documents/Components/ProcessingSummaryView.swift,scan_codebase.py,Extracted View state properties
InfoSection,OpenIntelligence/Features/Documents/Components/ProcessingSummaryView.swift,Library,,,,,,,,,No,No,No,Low,,code_verified,high,OpenIntelligence/Features/Documents/Components/ProcessingSummaryView.swift,scan_codebase.py,Extracted View state properties
DetailInfoRow,OpenIntelligence/Features/Documents/Components/ProcessingSummaryView.swift,Library,,,,,,,,,No,No,No,Low,,code_verified,high,OpenIntelligence/Features/Documents/Components/ProcessingSummaryView.swift,scan_codebase.py,Extracted View state properties
StatsFooter,OpenIntelligence/Features/Documents/Components/StatsFooter.swift,Library,,,,,,,,,No,No,No,Low,,code_verified,high,OpenIntelligence/Features/Documents/Components/StatsFooter.swift,scan_codebase.py,Extracted View state properties
AutoIntelligenceBadge,OpenIntelligence/Features/Documents/Components/StatsFooter.swift,Library,,,,,,,,,No,No,No,Low,,code_verified,high,OpenIntelligence/Features/Documents/Components/StatsFooter.swift,scan_codebase.py,Extracted View state properties
DocumentDetailsView,OpenIntelligence/Features/Documents/Details/DocumentDetailsView.swift,Library,,,,,,,,"highlightedChunkCard, contentTagsCard, contentAnalysisCard, chunkingStrategyCard, performanceMetricsCard",No,No,No,Low,,code_verified,high,OpenIntelligence/Features/Documents/Details/DocumentDetailsView.swift,scan_codebase.py,Extracted View state properties
DetailRow,OpenIntelligence/Features/Documents/Details/DocumentDetailsView.swift,Library,,,,,,,,,No,No,No,Low,,code_verified,high,OpenIntelligence/Features/Documents/Details/DocumentDetailsView.swift,scan_codebase.py,Extracted View state properties
DocumentDetailCardView,OpenIntelligence/Features/Documents/Details/DocumentDetailsView.swift,Library,,,,,,,,,No,No,No,Low,,code_verified,high,OpenIntelligence/Features/Documents/Details/DocumentDetailsView.swift,scan_codebase.py,Extracted View state properties
QuickStatView,OpenIntelligence/Features/Documents/Details/DocumentDetailsView.swift,Library,,,,,,,,,No,No,No,Low,,code_verified,high,OpenIntelligence/Features/Documents/Details/DocumentDetailsView.swift,scan_codebase.py,Extracted View state properties
VectorMetricRow,OpenIntelligence/Features/Documents/Details/DocumentDetailsView.swift,Library,,,,,,,,,No,No,No,Low,,code_verified,high,OpenIntelligence/Features/Documents/Details/DocumentDetailsView.swift,scan_codebase.py,Extracted View state properties
ContentMetricRow,OpenIntelligence/Features/Documents/Details/DocumentDetailsView.swift,Library,,,,,,,,,No,No,No,Low,,code_verified,high,OpenIntelligence/Features/Documents/Details/DocumentDetailsView.swift,scan_codebase.py,Extracted View state properties
ChunkMetricRow,OpenIntelligence/Features/Documents/Details/DocumentDetailsView.swift,Library,,,,,,,,,No,No,No,Low,,code_verified,high,OpenIntelligence/Features/Documents/Details/DocumentDetailsView.swift,scan_codebase.py,Extracted View state properties
PerformanceRow,OpenIntelligence/Features/Documents/Details/DocumentDetailsView.swift,Library,,,,,,,,,No,No,No,Low,,code_verified,high,OpenIntelligence/Features/Documents/Details/DocumentDetailsView.swift,scan_codebase.py,Extracted View state properties
TechnicalRow,OpenIntelligence/Features/Documents/Details/DocumentDetailsView.swift,Library,,,,,,,,,No,No,No,Low,,code_verified,high,OpenIntelligence/Features/Documents/Details/DocumentDetailsView.swift,scan_codebase.py,Extracted View state properties
ContentTagPill,OpenIntelligence/Features/Documents/Details/DocumentDetailsView.swift,Library,,,,,,,,,No,No,No,Low,,code_verified,high,OpenIntelligence/Features/Documents/Details/DocumentDetailsView.swift,scan_codebase.py,Extracted View state properties
FlowLayout,OpenIntelligence/Features/Documents/Details/DocumentDetailsView.swift,Library,,,,,,,,"sizeThatFits, placeSubviews, flowLayout",No,No,No,Low,,code_verified,high,OpenIntelligence/Features/Documents/Details/DocumentDetailsView.swift,scan_codebase.py,Extracted View state properties
CachedDocsView,OpenIntelligence/Features/Documents/Library/CachedDocsView.swift,Library,"cachedDocs, searchText, isLoading, selectedDoc, selectedFullDoc, showingDeleteConfirmation, docToDelete, ingestingDocId, showingPreview, showingError, errorMessage",,dismiss,,RAGService,,Button Click,"loadCachedDocs, showPreview, ingestDoc, deleteDoc, pruneExpired",No,No,No,Low,,code_verified,high,OpenIntelligence/Features/Documents/Library/CachedDocsView.swift,scan_codebase.py,Extracted View state properties
CachedDocRow,OpenIntelligence/Features/Documents/Library/CachedDocsView.swift,Library,,,,,,,Button Click,,No,No,No,Low,,code_verified,high,OpenIntelligence/Features/Documents/Library/CachedDocsView.swift,scan_codebase.py,Extracted View state properties
DocPreviewSheet,OpenIntelligence/Features/Documents/Library/CachedDocsView.swift,Library,,,dismiss,,,,Button Click,,No,No,No,Low,,code_verified,high,OpenIntelligence/Features/Documents/Library/CachedDocsView.swift,scan_codebase.py,Extracted View state properties
DocumentLibraryView,OpenIntelligence/Features/Documents/Library/DocumentLibraryView.swift,Library,"showingFilePicker, showingProcessingSummary, lastProcessedSummary, showingContainerSettings, showingSemanticSearch, isImportingSamples, sampleImportError, sampleImportStatusMessage, showingPlanSheet, activePaywallEntryPoint, showingNewLibraryPrompt, showingNewLibraryStorageChoice, shouldShowStorageChoiceAfterDismissal, newLibraryName, pendingNewLibraryName, showingDeleteConfirmation, libraryToDelete, showingClearAllConfirmation, showVisionCapture, showCachedDocs, pendingImportURLs, pendingImportReview, showingImportReview, isRefreshingSharedWorkspace, sharedWorkspaceRefreshMessage, showingSharedSyncReviewDialog",,"onboardingStore, entitlementStore, settings, workspaceSyncService","ragService, containerService","RAGService, WorkspaceSyncService, ContainerService, EmbeddingService, EntitlementStore, SettingsStore",,Button Click,"syncBenefitRow, resolvePendingBootstrap, refreshSharedWorkspaceNow, connectExistingICloudLibraries, autoRefreshSharedWorkspaceIfNeeded",Yes,Yes,Yes,High,,code_verified,high,OpenIntelligence/Features/Documents/Library/DocumentLibraryView.swift,scan_codebase.py,Extracted View state properties
DocumentActionChip,OpenIntelligence/Features/Documents/Library/DocumentLibraryView.swift,Library,,,,,,,Button Click,,No,No,No,Low,,code_verified,high,OpenIntelligence/Features/Documents/Library/DocumentLibraryView.swift,scan_codebase.py,Extracted View state properties
DocumentUtilityChipLabel,OpenIntelligence/Features/Documents/Library/DocumentLibraryView.swift,Library,,,,,,,,,No,No,No,Low,,code_verified,high,OpenIntelligence/Features/Documents/Library/DocumentLibraryView.swift,scan_codebase.py,Extracted View state properties
DocumentImportReview,OpenIntelligence/Features/Documents/Library/DocumentLibraryView.swift,Library,,,,,,,,shortList,No,No,No,Low,,code_verified,high,OpenIntelligence/Features/Documents/Library/DocumentLibraryView.swift,scan_codebase.py,Extracted View state properties
SemanticSearchView,OpenIntelligence/Features/Documents/Search/SemanticSearchView.swift,Library,"query, results, isSearching, errorMessage, topK, minSimilarity, enforceThreshold",,dismiss,"ragService, containerService","RAGService, ContainerService",,Button Click,"similarityLabel, performSearch",No,No,No,Low,,code_verified,high,OpenIntelligence/Features/Documents/Search/SemanticSearchView.swift,scan_codebase.py,Extracted View state properties
SemanticResultCard,OpenIntelligence/Features/Documents/Search/SemanticSearchView.swift,Library,,,,,,,,,No,No,No,Low,,code_verified,high,OpenIntelligence/Features/Documents/Search/SemanticSearchView.swift,scan_codebase.py,Extracted View state properties
StatusBanner,OpenIntelligence/Features/Documents/Search/SemanticSearchView.swift,Library,,,,,,,,,No,No,No,Low,,code_verified,high,OpenIntelligence/Features/Documents/Search/SemanticSearchView.swift,scan_codebase.py,Extracted View state properties
LibraryColorPicker,OpenIntelligence/Features/Documents/Settings/ColorPicker.swift,Library,"selectedPalette, customHex, showCustomInput",selectedColorHex,dismiss,,,,Button Click,,No,No,No,Low,,code_verified,high,OpenIntelligence/Features/Documents/Settings/ColorPicker.swift,scan_codebase.py,Extracted View state properties
ColorPickerButton,OpenIntelligence/Features/Documents/Settings/ColorPicker.swift,Library,showingPicker,selectedColorHex,,,,,Button Click,,No,No,No,Low,,code_verified,high,OpenIntelligence/Features/Documents/Settings/ColorPicker.swift,scan_codebase.py,Extracted View state properties
AccentColorPicker,OpenIntelligence/Features/Documents/Settings/ColorPicker.swift,Library,,selectedAccentHex,dismiss,,,,Button Click,accentButton,No,No,No,Low,,code_verified,high,OpenIntelligence/Features/Documents/Settings/ColorPicker.swift,scan_codebase.py,Extracted View state properties
AccentColorSettingsRow,OpenIntelligence/Features/Documents/Settings/ColorPicker.swift,Library,showingPicker,accentColorHex,,,,,Button Click,,No,No,No,Low,,code_verified,high,OpenIntelligence/Features/Documents/Settings/ColorPicker.swift,scan_codebase.py,Extracted View state properties
ChunkingPreview,OpenIntelligence/Features/Documents/Settings/ContainerSettingsSheet+Sections.swift,Library,,,,,,,Button Click,"featureTag, chunkColor",No,No,No,Low,,code_verified,high,OpenIntelligence/Features/Documents/Settings/ContainerSettingsSheet+Sections.swift,scan_codebase.py,Extracted View state properties
ContainerSettingsSheet,OpenIntelligence/Features/Documents/Settings/ContainerSettingsSheet.swift,Library,"name, icon, colorHex, syncMode, providerId, dim, dbKind, autoAdaptDimension, pendingReembedContext, showingReembedConfirmation, isReembedding, reembedProgress, reembedError, hasInitialized, providerAvailability, showingDBChangeConfirmation, pendingDBChange, showingPlanSheet, showingDeleteConfirmation, retrievalConfig, chunkingStrategy, targetWordWindow, overlapWords, chunkingSource, actualProviderInUse, providerFallbackReason, showNerdStats, containerFTSStats, containerTopTerms, isLoadingNerdStats, autoTagOnIngestion, preferredTranslationLanguage",,"settings, entitlementStore, workspaceSyncService, dismiss","containerService, ragService","RAGService, WorkspaceSyncService, ContainerService, EmbeddingService, SQLiteFullTextService, EntitlementStore, SettingsStore",,Button Click,"supportedDimensions, validateDimensionForProvider, documents, normalizeProviderAndDimension, refreshProviderAvailability",Yes,Yes,Yes,High,,code_verified,high,OpenIntelligence/Features/Documents/Settings/ContainerSettingsSheet.swift,scan_codebase.py,Extracted View state properties
SelectableOptionCard,OpenIntelligence/Features/Documents/Settings/ContainerSettingsSheet.swift,Library,,,,,SQLiteFullTextService,,Button Click,,No,No,No,Low,,code_verified,high,OpenIntelligence/Features/Documents/Settings/ContainerSettingsSheet.swift,scan_codebase.py,Extracted View state properties
Pill,OpenIntelligence/Features/Documents/Settings/ContainerSettingsSheet.swift,Library,,,,,,,,,No,No,No,Low,,code_verified,high,OpenIntelligence/Features/Documents/Settings/ContainerSettingsSheet.swift,scan_codebase.py,Extracted View state properties
SettingHelpCallout,OpenIntelligence/Features/Documents/Settings/ContainerSettingsSheet.swift,Library,,,,,,,,,No,No,No,Low,,code_verified,high,OpenIntelligence/Features/Documents/Settings/ContainerSettingsSheet.swift,scan_codebase.py,Extracted View state properties
AutoIntelligencePanel,OpenIntelligence/Features/Documents/Settings/ContainerSettingsSheet.swift,Library,,,,,,,Button Click,"friendlyProviderName, percentage",No,No,No,Low,,code_verified,high,OpenIntelligence/Features/Documents/Settings/ContainerSettingsSheet.swift,scan_codebase.py,Extracted View state properties
InsightLine,OpenIntelligence/Features/Documents/Settings/ContainerSettingsSheet.swift,Library,,,,,,,,,No,No,No,Low,,code_verified,high,OpenIntelligence/Features/Documents/Settings/ContainerSettingsSheet.swift,scan_codebase.py,Extracted View state properties
DocumentContextSummary,OpenIntelligence/Features/Documents/Settings/ContainerSettingsSheet.swift,Library,,,,,,,,,No,No,No,Low,,code_verified,high,OpenIntelligence/Features/Documents/Settings/ContainerSettingsSheet.swift,scan_codebase.py,Extracted View state properties
DocumentProfileRow,OpenIntelligence/Features/Documents/Settings/ContainerSettingsSheet.swift,Library,,,,,,,,,No,No,No,Low,,code_verified,high,OpenIntelligence/Features/Documents/Settings/ContainerSettingsSheet.swift,scan_codebase.py,Extracted View state properties
TopicChip,OpenIntelligence/Features/Documents/Settings/ContainerSettingsSheet.swift,Library,,,,,,,,,No,No,No,Low,,code_verified,high,OpenIntelligence/Features/Documents/Settings/ContainerSettingsSheet.swift,scan_codebase.py,Extracted View state properties
ReembedStatusBanner,OpenIntelligence/Features/Documents/Settings/ContainerSettingsSheet.swift,Library,,,,,,,,,No,No,No,Low,,code_verified,high,OpenIntelligence/Features/Documents/Settings/ContainerSettingsSheet.swift,scan_codebase.py,Extracted View state properties
SFSymbolPicker,OpenIntelligence/Features/Documents/Settings/SFSymbolPicker.swift,Library,"searchText, selectedCategory",selectedSymbol,dismiss,,,,Button Click,"categoryTab, symbolButton, suggestedSymbolButton",No,No,No,Low,,code_verified,high,OpenIntelligence/Features/Documents/Settings/SFSymbolPicker.swift,scan_codebase.py,Extracted View state properties
SFSymbolPickerButton,OpenIntelligence/Features/Documents/Settings/SFSymbolPicker.swift,Library,showingPicker,selectedSymbol,,,,,Button Click,,No,No,No,Low,,code_verified,high,OpenIntelligence/Features/Documents/Settings/SFSymbolPicker.swift,scan_codebase.py,Extracted View state properties
OnboardingChecklistLauncher,OpenIntelligence/Features/Onboarding/OnboardingChecklistLauncher.swift,Main,,,,,,,Button Click,,No,No,No,Low,,code_verified,high,OpenIntelligence/Features/Onboarding/OnboardingChecklistLauncher.swift,scan_codebase.py,Extracted View state properties
OnboardingChecklistView,OpenIntelligence/Features/Onboarding/OnboardingChecklistView.swift,Main,"currentPage, showHeadline, showSubtitle, cardsRevealed, hasSentImportRequest, isProcessing, processingStatus, processingComplete, processingFailed, pulsePhase, processingStartTime, smoothTimeMs, localIngestionItems, logEntries, lastSnapshotPerItem",,"onboardingStore, reduceMotion",ragService,RAGService,,Button Click,"dashCounter, pipelineCapsule, compactDetail, diffAndEmitLogEntries, logEntryForStageChange",Yes,No,No,Low,,code_verified,high,OpenIntelligence/Features/Onboarding/OnboardingChecklistView.swift,scan_codebase.py,Extracted View state properties
PipelineLogRow,OpenIntelligence/Features/Onboarding/OnboardingChecklistView.swift,Main,,,,,,,,timestampString,No,No,No,Low,,code_verified,high,OpenIntelligence/Features/Onboarding/OnboardingChecklistView.swift,scan_codebase.py,Extracted View state properties
UseCaseCard,OpenIntelligence/Features/Onboarding/OnboardingChecklistView.swift,Main,,,,,,,,,No,No,No,Low,,code_verified,high,OpenIntelligence/Features/Onboarding/OnboardingChecklistView.swift,scan_codebase.py,Extracted View state properties
ExampleQuestionPill,OpenIntelligence/Features/Onboarding/OnboardingChecklistView.swift,Main,,,,,,,,,No,No,No,Low,,code_verified,high,OpenIntelligence/Features/Onboarding/OnboardingChecklistView.swift,scan_codebase.py,Extracted View state properties
SplashBackdrop,OpenIntelligence/Features/Onboarding/OnboardingChecklistView.swift,Main,,,,,,,,,No,No,No,Low,,code_verified,high,OpenIntelligence/Features/Onboarding/OnboardingChecklistView.swift,scan_codebase.py,Extracted View state properties
OpenIntelligenceLinks,OpenIntelligence/Features/Settings/AboutView.swift,Settings,,,,,"RAGService, SettingsStore",,Button Click,,Yes,No,No,Low,,code_verified,high,OpenIntelligence/Features/Settings/AboutView.swift,scan_codebase.py,Extracted View state properties
FeatureRow,OpenIntelligence/Features/Settings/Components/FeatureRow.swift,Settings,,,,,,,,,No,No,No,Low,,code_verified,high,OpenIntelligence/Features/Settings/Components/FeatureRow.swift,scan_codebase.py,Extracted View state properties
InfoRow,OpenIntelligence/Features/Settings/Components/InfoRow.swift,Settings,,,,,,,,,No,No,No,Low,,code_verified,high,OpenIntelligence/Features/Settings/Components/InfoRow.swift,scan_codebase.py,Extracted View state properties
ModelConfigurationSheet,OpenIntelligence/Features/Settings/Components/ModelConfigurationSheet.swift,Settings,"temperature, maxTokens, topP, contextLength, frequencyPenalty, presencePenalty, repetitionPenalty, systemPrompt, showSystemPromptEditor, selectedPreset",,"dismiss, settings",,SettingsStore,,Button Click,"loadCurrentSettings, applySettings, applyPreset, resetToDefaults",Yes,No,No,Low,,code_verified,high,OpenIntelligence/Features/Settings/Components/ModelConfigurationSheet.swift,scan_codebase.py,Extracted View state properties
PresetCard,OpenIntelligence/Features/Settings/Components/ModelConfigurationSheet.swift,Settings,,,,,,,Button Click,,No,No,No,Low,,code_verified,high,OpenIntelligence/Features/Settings/Components/ModelConfigurationSheet.swift,scan_codebase.py,Extracted View state properties
SystemPromptEditorSheet,OpenIntelligence/Features/Settings/Components/ModelConfigurationSheet.swift,Settings,localPrompt,prompt,dismiss,,,,Button Click,,No,No,No,Low,,code_verified,high,OpenIntelligence/Features/Settings/Components/ModelConfigurationSheet.swift,scan_codebase.py,Extracted View state properties
ModelInfoCard,OpenIntelligence/Features/Settings/Components/ModelInfoCard.swift,Settings,,,,,,,,,No,No,No,Low,,code_verified,high,OpenIntelligence/Features/Settings/Components/ModelInfoCard.swift,scan_codebase.py,Extracted View state properties
ModelPipelineRow,OpenIntelligence/Features/Settings/Components/ModelPipelineRow.swift,Settings,,,,,,,,color,No,No,No,Low,,code_verified,high,OpenIntelligence/Features/Settings/Components/ModelPipelineRow.swift,scan_codebase.py,Extracted View state properties
ModelSelectorSheet,OpenIntelligence/Features/Settings/Components/ModelSelectorSheet.swift,Settings,"previewModel, deviceCapabilities",,"dismiss, settings, entitlementStore",ragService,"RAGService, EntitlementStore, SettingsStore",,Button Click,"sectionHeader, modelPreviewSheet, specRow, activateModel",Yes,No,Yes,High,,code_verified,high,OpenIntelligence/Features/Settings/Components/ModelSelectorSheet.swift,scan_codebase.py,Extracted View state properties
SettingsView,OpenIntelligence/Features/Settings/SettingsView.swift,Settings,"deviceCapabilities, pipelineStages, showPlanSheet, planEntryPoint, showAdvancedGeneration, isRefreshingSharedWorkspace, sharedWorkspaceRefreshMessage, gpuLevel",,"containerService, settings, entitlementStore, workspaceSyncService, openURL",ragService,"RAGService, WorkspaceSyncService, ContainerService, AgenticOrchestrator, EntitlementStore, SettingsStore",,Button Click,"statusPill, quotaItem, modelCapabilityPill, resolvePendingBootstrap, routingFactorPill",Yes,Yes,Yes,High,,code_verified,high,OpenIntelligence/Features/Settings/SettingsView.swift,scan_codebase.py,Extracted View state properties
LiveTelemetryStatsView,OpenIntelligence/Features/Telemetry/Dashboard/LiveTelemetryStatsView.swift,Main,pulseScale,,,telemetry,,,,"categoryColor, formatTime, formatNumber",No,No,No,Low,,code_verified,high,OpenIntelligence/Features/Telemetry/Dashboard/LiveTelemetryStatsView.swift,scan_codebase.py,Extracted View state properties
TelemetryMetricRow,OpenIntelligence/Features/Telemetry/Dashboard/LiveTelemetryStatsView.swift,Main,,,,,,,,,No,No,No,Low,,code_verified,high,OpenIntelligence/Features/Telemetry/Dashboard/LiveTelemetryStatsView.swift,scan_codebase.py,Extracted View state properties
HardwareXRayOverlay,OpenIntelligence/Features/Telemetry/Dashboard/MotherboardHUDView.swift,Main,keyboardObserver,,settings,,SettingsStore,,,"orientRect, rectToScreen",Yes,No,No,Low,,code_verified,high,OpenIntelligence/Features/Telemetry/Dashboard/MotherboardHUDView.swift,scan_codebase.py,Extracted View state properties
GlowingSoCBorder,OpenIntelligence/Features/Telemetry/Dashboard/MotherboardHUDView.swift,Main,,,,,,,,,No,No,No,Low,,code_verified,high,OpenIntelligence/Features/Telemetry/Dashboard/MotherboardHUDView.swift,scan_codebase.py,Extracted View state properties
GlowingTapticBorder,OpenIntelligence/Features/Telemetry/Dashboard/MotherboardHUDView.swift,Main,,,,,,,,,No,No,No,Low,,code_verified,high,OpenIntelligence/Features/Telemetry/Dashboard/MotherboardHUDView.swift,scan_codebase.py,Extracted View state properties
FloatingTapticIndicator,OpenIntelligence/Features/Telemetry/Dashboard/MotherboardHUDView.swift,Main,,,,,,,,,No,No,No,Low,,code_verified,high,OpenIntelligence/Features/Telemetry/Dashboard/MotherboardHUDView.swift,scan_codebase.py,Extracted View state properties
SiliconLegend,OpenIntelligence/Features/Telemetry/Dashboard/MotherboardHUDView.swift,Main,,,,,,,,componentColor,No,No,No,Low,,code_verified,high,OpenIntelligence/Features/Telemetry/Dashboard/MotherboardHUDView.swift,scan_codebase.py,Extracted View state properties
TelemetryDashboardView,OpenIntelligence/Features/Telemetry/Dashboard/TelemetryDashboardView.swift,Main,selectedFilter,,,telemetry,,,Button Click,,No,No,No,Low,,code_verified,high,OpenIntelligence/Features/Telemetry/Dashboard/TelemetryDashboardView.swift,scan_codebase.py,Extracted View state properties
EmptyTelemetryView,OpenIntelligence/Features/Telemetry/Dashboard/TelemetryDashboardView.swift,Main,,,,,,,,,No,No,No,Low,,code_verified,high,OpenIntelligence/Features/Telemetry/Dashboard/TelemetryDashboardView.swift,scan_codebase.py,Extracted View state properties
ModernTelemetryCard,OpenIntelligence/Features/Telemetry/Dashboard/TelemetryDashboardView.swift,Main,,,,,,,,,No,No,No,Low,,code_verified,high,OpenIntelligence/Features/Telemetry/Dashboard/TelemetryDashboardView.swift,scan_codebase.py,Extracted View state properties
TelemetryRow,OpenIntelligence/Features/Telemetry/Dashboard/TelemetryDashboardView.swift,Main,,,,,,,,,No,No,No,Low,,code_verified,high,OpenIntelligence/Features/Telemetry/Dashboard/TelemetryDashboardView.swift,scan_codebase.py,Extracted View state properties
NLChunkingDiagnosticsView,OpenIntelligence/Features/Telemetry/Diagnostics/NLChunkingDiagnosticsView.swift,Diagnostics,"diagnostics, lastUpdated",,,,SemanticChunker,,,"metric, languageString, sortedHypotheses, languageCodeToName, relativeDate",No,No,No,Medium,,code_verified,high,OpenIntelligence/Features/Telemetry/Diagnostics/NLChunkingDiagnosticsView.swift,scan_codebase.py,Extracted View state properties
AdaptiveVisualizationsView,OpenIntelligence/Features/Telemetry/Visualizations/AdaptiveVisualizationsView.swift,Main,"engine, selectedInsight, expandedView, showAllViews, showAllInsights, show3DFullscreen, atlasMode, showAtlasSettings, atlasProjection, atlasPointScale, atlasAutoRotate, atlasDepthCue, atlasShowLabels, atlasShowAxes, atlasBackground",,"ragService, containerService",,"RAGService, ContainerService",,Button Click,"hero3DAtlasSection, atlasTopicLegend, atlas3DStatsBar, quickMetricsStrip, insightCardsSection",No,No,No,Low,,code_verified,high,OpenIntelligence/Features/Telemetry/Visualizations/AdaptiveVisualizationsView.swift,scan_codebase.py,Extracted View state properties
QuickMetric,OpenIntelligence/Features/Telemetry/Visualizations/AdaptiveVisualizationsView.swift,Main,,,,,,,,,No,No,No,Low,,code_verified,high,OpenIntelligence/Features/Telemetry/Visualizations/AdaptiveVisualizationsView.swift,scan_codebase.py,Extracted View state properties
InsightCard,OpenIntelligence/Features/Telemetry/Visualizations/AdaptiveVisualizationsView.swift,Main,,,,,,,Button Click,,No,No,No,Low,,code_verified,high,OpenIntelligence/Features/Telemetry/Visualizations/AdaptiveVisualizationsView.swift,scan_codebase.py,Extracted View state properties
RecommendedViewCard,OpenIntelligence/Features/Telemetry/Visualizations/AdaptiveVisualizationsView.swift,Main,,,,,,,Button Click,,No,No,No,Low,,code_verified,high,OpenIntelligence/Features/Telemetry/Visualizations/AdaptiveVisualizationsView.swift,scan_codebase.py,Extracted View state properties
StatTile,OpenIntelligence/Features/Telemetry/Visualizations/AdaptiveVisualizationsView.swift,Main,,,,,,,,,No,No,No,Low,,code_verified,high,OpenIntelligence/Features/Telemetry/Visualizations/AdaptiveVisualizationsView.swift,scan_codebase.py,Extracted View state properties
TopicCloudView,OpenIntelligence/Features/Telemetry/Visualizations/AdaptiveVisualizationsView.swift,Main,,,,,,,,,No,No,No,Low,,code_verified,high,OpenIntelligence/Features/Telemetry/Visualizations/AdaptiveVisualizationsView.swift,scan_codebase.py,Extracted View state properties
ContentBreakdownView,OpenIntelligence/Features/Telemetry/Visualizations/AdaptiveVisualizationsView.swift,Main,,,,,,,,,No,No,No,Low,,code_verified,high,OpenIntelligence/Features/Telemetry/Visualizations/AdaptiveVisualizationsView.swift,scan_codebase.py,Extracted View state properties
ClusterOverviewView,OpenIntelligence/Features/Telemetry/Visualizations/AdaptiveVisualizationsView.swift,Main,,,,,,,,,No,No,No,Low,,code_verified,high,OpenIntelligence/Features/Telemetry/Visualizations/AdaptiveVisualizationsView.swift,scan_codebase.py,Extracted View state properties
RetrievalFlowView,OpenIntelligence/Features/Telemetry/Visualizations/AdaptiveVisualizationsView.swift,Main,,,,,,,,,No,No,No,Low,,code_verified,high,OpenIntelligence/Features/Telemetry/Visualizations/AdaptiveVisualizationsView.swift,scan_codebase.py,Extracted View state properties
DocumentRelationshipView,OpenIntelligence/Features/Telemetry/Visualizations/AdaptiveVisualizationsView.swift,Main,,,,,,,,,No,No,No,Low,,code_verified,high,OpenIntelligence/Features/Telemetry/Visualizations/AdaptiveVisualizationsView.swift,scan_codebase.py,Extracted View state properties
SimilarityHeatmapPreview,OpenIntelligence/Features/Telemetry/Visualizations/AdaptiveVisualizationsView.swift,Main,,,,,,,,heatmapColor,No,No,No,Low,,code_verified,high,OpenIntelligence/Features/Telemetry/Visualizations/AdaptiveVisualizationsView.swift,scan_codebase.py,Extracted View state properties
LibraryTimelineView,OpenIntelligence/Features/Telemetry/Visualizations/AdaptiveVisualizationsView.swift,Main,,,,,,,,formatAge,No,No,No,Low,,code_verified,high,OpenIntelligence/Features/Telemetry/Visualizations/AdaptiveVisualizationsView.swift,scan_codebase.py,Extracted View state properties
AtlasStatPill,OpenIntelligence/Features/Telemetry/Visualizations/AdaptiveVisualizationsView.swift,Main,,,,,,,,,No,No,No,Low,,code_verified,high,OpenIntelligence/Features/Telemetry/Visualizations/AdaptiveVisualizationsView.swift,scan_codebase.py,Extracted View state properties
AtlasToggleChip,OpenIntelligence/Features/Telemetry/Visualizations/AdaptiveVisualizationsView.swift,Main,,isOn,,,,,,,No,No,No,Low,,code_verified,high,OpenIntelligence/Features/Telemetry/Visualizations/AdaptiveVisualizationsView.swift,scan_codebase.py,Extracted View state properties
CompactInsightCard,OpenIntelligence/Features/Telemetry/Visualizations/AdaptiveVisualizationsView.swift,Main,,,,,,,Button Click,,No,No,No,Low,,code_verified,high,OpenIntelligence/Features/Telemetry/Visualizations/AdaptiveVisualizationsView.swift,scan_codebase.py,Extracted View state properties
Fullscreen3DAtlasView,OpenIntelligence/Features/Telemetry/Visualizations/AdaptiveVisualizationsView.swift,Main,"projectionMethod, pointScale, autoRotate, depthCue, showLabels, showLines, backgroundStyle, showSettings, isLoading, points, colors, annotations, sceneReloadToken, profile, chunkTopicAssignments, docLegendItems, dynamicAxisLabels, fts5TopTerms, fts5KeyPhrases",,"dismiss, ragService, containerService",,"RAGService, ContainerService, SQLiteFullTextService",,Button Click,"autoScaledPointScale, methodName, styleName, axisRow, loadData",No,No,No,Low,,code_verified,high,OpenIntelligence/Features/Telemetry/Visualizations/AdaptiveVisualizationsView.swift,scan_codebase.py,Extracted View state properties
CompactAtlasSceneView,OpenIntelligence/Features/Telemetry/Visualizations/AdaptiveVisualizationsView.swift,Main,"isLoading, points, colors, annotations, sceneReloadToken, chunkTopicAssignments, fts5TopTerms, fts5KeyPhrases, dynamicAxisLabels",,"ragService, containerService",,"RAGService, ContainerService, SQLiteFullTextService",,,"autoScaledPointScale, buildTopicColorLegend, loadAndProject, scalePointsForViewing, assignTopicsNLP",No,No,No,Low,,code_verified,high,OpenIntelligence/Features/Telemetry/Visualizations/AdaptiveVisualizationsView.swift,scan_codebase.py,Extracted View state properties
EmbeddingSpaceRenderer,OpenIntelligence/Features/Telemetry/Visualizations/Embedding3DView.swift,Main,"isLoading, points, pointColorsUI, legendItems, errorText, sampleLimit, allDocIdsForPoints, totalPoints, selectedDocFilters, loadTask, pointScale, autoRotate, showAxes, depthCue, backgroundStyle, sceneReloadToken, insights, focusMode, showHUD, showClusterLabels, annotationLabels, searchQuery, isSearching, highlightedPointIndices, tappedPointIndex, showPointDetail, chunkTexts, chunkDocNames, dynamicAxisLabels, showHelpTip, fts5TopTerms, fts5KeyPhrases",selectedDocFilters,"ragService, containerService",,"RAGService, ContainerService, SQLiteFullTextService",,Button Click,"errorBanner, calculateVariance, calculateBalanceScore, balanceColor, balanceDescription",Yes,No,No,Low,,code_verified,high,OpenIntelligence/Features/Telemetry/Visualizations/Embedding3DView.swift,scan_codebase.py,Extracted View state properties
SpatialStatMini,OpenIntelligence/Features/Telemetry/Visualizations/Embedding3DView.swift,Main,,,,,,,,,No,No,No,Low,,code_verified,high,OpenIntelligence/Features/Telemetry/Visualizations/Embedding3DView.swift,scan_codebase.py,Extracted View state properties
AxisDistributionBar,OpenIntelligence/Features/Telemetry/Visualizations/Embedding3DView.swift,Main,,,,,,,,,No,No,No,Low,,code_verified,high,OpenIntelligence/Features/Telemetry/Visualizations/Embedding3DView.swift,scan_codebase.py,Extracted View state properties
ControlToggleButton,OpenIntelligence/Features/Telemetry/Visualizations/Embedding3DView.swift,Main,,,,,,,Button Click,,No,No,No,Low,,code_verified,high,OpenIntelligence/Features/Telemetry/Visualizations/Embedding3DView.swift,scan_codebase.py,Extracted View state properties
EmbeddingStatMini,OpenIntelligence/Features/Telemetry/Visualizations/Embedding3DView.swift,Main,,,,,,,,,No,No,No,Low,,code_verified,high,OpenIntelligence/Features/Telemetry/Visualizations/Embedding3DView.swift,scan_codebase.py,Extracted View state properties
ProjectionDetailRow,OpenIntelligence/Features/Telemetry/Visualizations/Embedding3DView.swift,Main,,,,,,,,,No,No,No,Low,,code_verified,high,OpenIntelligence/Features/Telemetry/Visualizations/Embedding3DView.swift,scan_codebase.py,Extracted View state properties
DistributionBar,OpenIntelligence/Features/Telemetry/Visualizations/Embedding3DView.swift,Main,,,,,,,,,No,No,No,Low,,code_verified,high,OpenIntelligence/Features/Telemetry/Visualizations/Embedding3DView.swift,scan_codebase.py,Extracted View state properties
VectorSpaceIndicator,OpenIntelligence/Features/Telemetry/Visualizations/Embedding3DView.swift,Main,,,,,,,,,No,No,No,Low,,code_verified,high,OpenIntelligence/Features/Telemetry/Visualizations/Embedding3DView.swift,scan_codebase.py,Extracted View state properties
LegendChipsView,OpenIntelligence/Features/Telemetry/Visualizations/Embedding3DView.swift,Main,,selectedDocFilters,,,,,,toggle,No,No,No,Low,,code_verified,high,OpenIntelligence/Features/Telemetry/Visualizations/Embedding3DView.swift,scan_codebase.py,Extracted View state properties
LegendChip,OpenIntelligence/Features/Telemetry/Visualizations/Embedding3DView.swift,Main,,,,,,,,,No,No,No,Low,,code_verified,high,OpenIntelligence/Features/Telemetry/Visualizations/Embedding3DView.swift,scan_codebase.py,Extracted View state properties
AnnotationPopoverLayer,OpenIntelligence/Features/Telemetry/Visualizations/Embedding3DView.swift,Main,,,,,,,,"depthScale, depthOpacity",No,No,No,Low,,code_verified,high,OpenIntelligence/Features/Telemetry/Visualizations/Embedding3DView.swift,scan_codebase.py,Extracted View state properties
AnnotationBubble,OpenIntelligence/Features/Telemetry/Visualizations/Embedding3DView.swift,Main,,,,,,,,,No,No,No,Low,,code_verified,high,OpenIntelligence/Features/Telemetry/Visualizations/Embedding3DView.swift,scan_codebase.py,Extracted View state properties
InsightCard,OpenIntelligence/Features/Telemetry/Visualizations/Embedding3DView.swift,Main,,,,,,,,,No,No,No,Low,,code_verified,high,OpenIntelligence/Features/Telemetry/Visualizations/Embedding3DView.swift,scan_codebase.py,Extracted View state properties
AnnotationCandidate,OpenIntelligence/Features/Telemetry/Visualizations/Embedding3DView.swift,Main,,,,,,,,,No,No,No,Low,,code_verified,high,OpenIntelligence/Features/Telemetry/Visualizations/Embedding3DView.swift,scan_codebase.py,Extracted View state properties
Embedding3DSceneView,OpenIntelligence/Features/Telemetry/Visualizations/Embedding3DView.swift,Main,,,,,,,,,No,No,No,Low,,code_verified,high,OpenIntelligence/Features/Telemetry/Visualizations/Embedding3DView.swift,scan_codebase.py,Extracted View state properties
EmbeddingSpaceRenderer,OpenIntelligence/Features/Telemetry/Visualizations/Embedding3DView.swift,Main,,,,,,,,,No,No,No,Low,,code_verified,high,OpenIntelligence/Features/Telemetry/Visualizations/Embedding3DView.swift,scan_codebase.py,Extracted View state properties
VisualizationsView,OpenIntelligence/Features/Telemetry/Visualizations/VisualizationsView.swift,Main,selectedTab,,"ragService, containerService",,"RAGService, ContainerService",,Button Click,,No,No,No,Low,,code_verified,high,OpenIntelligence/Features/Telemetry/Visualizations/VisualizationsView.swift,scan_codebase.py,Extracted View state properties
EmptyVisualizationsView,OpenIntelligence/Features/Telemetry/Visualizations/VisualizationsView.swift,Main,,,,,,,Button Click,,No,No,No,Low,,code_verified,high,OpenIntelligence/Features/Telemetry/Visualizations/VisualizationsView.swift,scan_codebase.py,Extracted View state properties
EmbeddingSpaceView,OpenIntelligence/Features/Telemetry/Visualizations/VisualizationsView.swift,Main,"projectionMethod, showingInfo",,,,,,Button Click,,No,No,No,Low,,code_verified,high,OpenIntelligence/Features/Telemetry/Visualizations/VisualizationsView.swift,scan_codebase.py,Extracted View state properties
EmbeddingLegendCard,OpenIntelligence/Features/Telemetry/Visualizations/VisualizationsView.swift,Main,,,,,,,,,No,No,No,Low,,code_verified,high,OpenIntelligence/Features/Telemetry/Visualizations/VisualizationsView.swift,scan_codebase.py,Extracted View state properties
AxisRow,OpenIntelligence/Features/Telemetry/Visualizations/VisualizationsView.swift,Main,,,,,,,,,No,No,No,Low,,code_verified,high,OpenIntelligence/Features/Telemetry/Visualizations/VisualizationsView.swift,scan_codebase.py,Extracted View state properties
EmbeddingSpacePlaceholder,OpenIntelligence/Features/Telemetry/Visualizations/VisualizationsView.swift,Main,,,,,,,,drawSimulatedClusters,No,No,No,Low,,code_verified,high,OpenIntelligence/Features/Telemetry/Visualizations/VisualizationsView.swift,scan_codebase.py,Extracted View state properties
ChunkDistributionView,OpenIntelligence/Features/Telemetry/Visualizations/VisualizationsView.swift,Main,,,,,,,,,No,No,No,Low,,code_verified,high,OpenIntelligence/Features/Telemetry/Visualizations/VisualizationsView.swift,scan_codebase.py,Extracted View state properties
AdvancedCorpusStatsView,OpenIntelligence/Features/Telemetry/Visualizations/VisualizationsView.swift,Main,showNerdStats,,,,,,Button Click,"formatLargeNumber, formatTimeInterval, typeColor, calculateUniformityScore, calculateCoverageScore",No,No,No,Low,,code_verified,high,OpenIntelligence/Features/Telemetry/Visualizations/VisualizationsView.swift,scan_codebase.py,Extracted View state properties
CorpusQuickStat,OpenIntelligence/Features/Telemetry/Visualizations/VisualizationsView.swift,Main,,,,,,,,,No,No,No,Low,,code_verified,high,OpenIntelligence/Features/Telemetry/Visualizations/VisualizationsView.swift,scan_codebase.py,Extracted View state properties
NerdStatRow,OpenIntelligence/Features/Telemetry/Visualizations/VisualizationsView.swift,Main,,,,,,,,,No,No,No,Low,,code_verified,high,OpenIntelligence/Features/Telemetry/Visualizations/VisualizationsView.swift,scan_codebase.py,Extracted View state properties
QualityIndicatorRow,OpenIntelligence/Features/Telemetry/Visualizations/VisualizationsView.swift,Main,,,,,,,,,No,No,No,Low,,code_verified,high,OpenIntelligence/Features/Telemetry/Visualizations/VisualizationsView.swift,scan_codebase.py,Extracted View state properties
QueryAnalyticsView,OpenIntelligence/Features/Telemetry/Visualizations/VisualizationsView.swift,Main,,,,"ragService, telemetry",,,,,No,No,No,Low,,code_verified,high,OpenIntelligence/Features/Telemetry/Visualizations/VisualizationsView.swift,scan_codebase.py,Extracted View state properties
EmptyAnalyticsView,OpenIntelligence/Features/Telemetry/Visualizations/VisualizationsView.swift,Main,,,,,RAGService,,,,No,No,No,Low,,code_verified,high,OpenIntelligence/Features/Telemetry/Visualizations/VisualizationsView.swift,scan_codebase.py,Extracted View state properties
QueryStatsGrid,OpenIntelligence/Features/Telemetry/Visualizations/VisualizationsView.swift,Main,,,,telemetry,,,,,No,No,No,Low,,code_verified,high,OpenIntelligence/Features/Telemetry/Visualizations/VisualizationsView.swift,scan_codebase.py,Extracted View state properties
RecentQueriesList,OpenIntelligence/Features/Telemetry/Visualizations/VisualizationsView.swift,Main,,,,telemetry,,,,,No,No,No,Low,,code_verified,high,OpenIntelligence/Features/Telemetry/Visualizations/VisualizationsView.swift,scan_codebase.py,Extracted View state properties
QueryEventCard,OpenIntelligence/Features/Telemetry/Visualizations/VisualizationsView.swift,Main,,,,,,,,,No,No,No,Low,,code_verified,high,OpenIntelligence/Features/Telemetry/Visualizations/VisualizationsView.swift,scan_codebase.py,Extracted View state properties
RetrievalPatternsView,OpenIntelligence/Features/Telemetry/Visualizations/VisualizationsView.swift,Main,,,"ragService, containerService",,"RAGService, ContainerService",,,"statsGrid, chunkChart, documentChart, chunkDetailSection, buildChunkStats",No,No,No,Low,,code_verified,high,OpenIntelligence/Features/Telemetry/Visualizations/VisualizationsView.swift,scan_codebase.py,Extracted View state properties
PerformanceMetricsView,OpenIntelligence/Features/Telemetry/Visualizations/VisualizationsView.swift,Main,,,,"ragService, telemetry",,,,,No,No,No,Low,,code_verified,high,OpenIntelligence/Features/Telemetry/Visualizations/VisualizationsView.swift,scan_codebase.py,Extracted View state properties
PipelineStagesCard,OpenIntelligence/Features/Telemetry/Visualizations/VisualizationsView.swift,Main,,,,telemetry,RAGService,,,avgDuration,No,No,No,Low,,code_verified,high,OpenIntelligence/Features/Telemetry/Visualizations/VisualizationsView.swift,scan_codebase.py,Extracted View state properties
StageMetricRow,OpenIntelligence/Features/Telemetry/Visualizations/VisualizationsView.swift,Main,,,,,,,,,No,No,No,Low,,code_verified,high,OpenIntelligence/Features/Telemetry/Visualizations/VisualizationsView.swift,scan_codebase.py,Extracted View state properties
SystemMetricsGrid,OpenIntelligence/Features/Telemetry/Visualizations/VisualizationsView.swift,Main,,,,,,,,,No,No,No,Low,,code_verified,high,OpenIntelligence/Features/Telemetry/Visualizations/VisualizationsView.swift,scan_codebase.py,Extracted View state properties
StatCard,OpenIntelligence/Features/Telemetry/Visualizations/VisualizationsView.swift,Main,,,,,,,,,No,No,No,Low,,code_verified,high,OpenIntelligence/Features/Telemetry/Visualizations/VisualizationsView.swift,scan_codebase.py,Extracted View state properties
EmbeddingInfoSheet,OpenIntelligence/Features/Telemetry/Visualizations/VisualizationsView.swift,Main,,,"dismiss, settings",,SettingsStore,,,,Yes,No,No,Low,,code_verified,high,OpenIntelligence/Features/Telemetry/Visualizations/VisualizationsView.swift,scan_codebase.py,Extracted View state properties
SimilarityHeatmapView,OpenIntelligence/Features/Telemetry/Visualizations/VisualizationsView.swift,Main,"sampleChunks, chunkDescriptors, isLoading, lastUpdated, refreshNonce",,"ragService, containerService",,"RAGService, ContainerService",,Button Click,"refreshSample, buildDescriptors, headerLabel, sideLabel, heatmapCell",No,No,No,Low,,code_verified,high,OpenIntelligence/Features/Telemetry/Visualizations/VisualizationsView.swift,scan_codebase.py,Extracted View state properties
PipelineTimelineView,OpenIntelligence/Features/Telemetry/Visualizations/VisualizationsView.swift,Main,telemetry,,,,,,,"isStageActive, color",Yes,No,Yes,High,,code_verified,high,OpenIntelligence/Features/Telemetry/Visualizations/VisualizationsView.swift,scan_codebase.py,Extracted View state properties
StageChip,OpenIntelligence/Features/Telemetry/Visualizations/VisualizationsView.swift,Main,,,,,,,,,No,No,No,Low,,code_verified,high,OpenIntelligence/Features/Telemetry/Visualizations/VisualizationsView.swift,scan_codebase.py,Extracted View state properties
ActivityRow,OpenIntelligence/Features/Telemetry/Visualizations/VisualizationsView.swift,Main,,,,,,,,,No,No,No,Low,,code_verified,high,OpenIntelligence/Features/Telemetry/Visualizations/VisualizationsView.swift,scan_codebase.py,Extracted View state properties
SemanticClusteringView,OpenIntelligence/Features/Telemetry/Visualizations/VisualizationsView.swift,Main,"selectedK, sampleChunks, docNames, chunkNorms, clusters, isLoading, lastError, lastUpdated, refreshNonce, showClusterTopics",,"ragService, containerService",,"RAGService, ContainerService",,Button Click,"errorCard, refreshSample, recomputeClusters, docName, cosineSimilarity",No,No,No,Low,,code_verified,high,OpenIntelligence/Features/Telemetry/Visualizations/VisualizationsView.swift,scan_codebase.py,Extracted View state properties
MetricPill,OpenIntelligence/Features/Telemetry/Visualizations/VisualizationsView.swift,Main,,,,,,,,,No,No,No,Low,,code_verified,high,OpenIntelligence/Features/Telemetry/Visualizations/VisualizationsView.swift,scan_codebase.py,Extracted View state properties
ClusteringInfoCard,OpenIntelligence/Features/Telemetry/Visualizations/VisualizationsView.swift,Main,,,,,,,,,No,No,No,Low,,code_verified,high,OpenIntelligence/Features/Telemetry/Visualizations/VisualizationsView.swift,scan_codebase.py,Extracted View state properties
ClusterPreviewCard,OpenIntelligence/Features/Telemetry/Visualizations/VisualizationsView.swift,Main,,,,,,,,,No,No,No,Low,,code_verified,high,OpenIntelligence/Features/Telemetry/Visualizations/VisualizationsView.swift,scan_codebase.py,Extracted View state properties
FTS5StorageView,OpenIntelligence/Features/Telemetry/Visualizations/VisualizationsView.swift,Main,"stats, indexInfo, documentStats, isLoading, showDocumentList",,,,SQLiteFullTextService,,Button Click,"mainStatsGrid, indexHealthCard, containerBreakdownCard, loadStatistics, formatNumber",No,No,No,Low,,code_verified,high,OpenIntelligence/Features/Telemetry/Visualizations/VisualizationsView.swift,scan_codebase.py,Extracted View state properties
FTS5StatCard,OpenIntelligence/Features/Telemetry/Visualizations/VisualizationsView.swift,Main,,,,,SQLiteFullTextService,,,,No,No,No,Low,,code_verified,high,OpenIntelligence/Features/Telemetry/Visualizations/VisualizationsView.swift,scan_codebase.py,Extracted View state properties
StatusBadge,OpenIntelligence/Features/Telemetry/Visualizations/VisualizationsView.swift,Main,,,,,,,,,No,No,No,Low,,code_verified,high,OpenIntelligence/Features/Telemetry/Visualizations/VisualizationsView.swift,scan_codebase.py,Extracted View state properties
EmbeddingProviderSnippetView,OpenIntelligence/Services/Agentic/RAGAppIntents.swift,Main,,,,,ContainerService,,,,No,No,No,Low,,code_verified,high,OpenIntelligence/Services/Agentic/RAGAppIntents.swift,scan_codebase.py,Extracted View state properties
RAGResponseSnippetView,OpenIntelligence/Services/Agentic/RAGAppIntents.swift,Main,,,,,,,,,No,No,No,Low,,code_verified,high,OpenIntelligence/Services/Agentic/RAGAppIntents.swift,scan_codebase.py,Extracted View state properties
DocumentListSnippetView,OpenIntelligence/Services/Agentic/RAGAppIntents.swift,Main,,,,,,,,,No,No,No,Low,,code_verified,high,OpenIntelligence/Services/Agentic/RAGAppIntents.swift,scan_codebase.py,Extracted View state properties
DocumentImportStatusSnippetView,OpenIntelligence/Services/Agentic/RAGAppIntents.swift,Main,,,,,,,,,No,No,No,Low,,code_verified,high,OpenIntelligence/Services/Agentic/RAGAppIntents.swift,scan_codebase.py,Extracted View state properties
ErrorSnippetView,OpenIntelligence/Services/Agentic/RAGAppIntents.swift,Main,,,,,,,,,No,No,No,Low,,code_verified,high,OpenIntelligence/Services/Agentic/RAGAppIntents.swift,scan_codebase.py,Extracted View state properties
AskDocumentIntent,OpenIntelligence/Services/Agentic/RAGAppIntents.swift,Main,,,,,,,,perform,No,No,No,Low,,code_verified,high,OpenIntelligence/Services/Agentic/RAGAppIntents.swift,scan_codebase.py,Extracted View state properties
ScreenAwarenessSnippetView,OpenIntelligence/Services/Agentic/ScreenAwarenessIntents.swift,Main,,,,,,,,,No,No,No,Low,,code_verified,high,OpenIntelligence/Services/Agentic/ScreenAwarenessIntents.swift,scan_codebase.py,Extracted View state properties
VisualAnalysisSnippetView,OpenIntelligence/Services/Agentic/VisualIntelligenceIntents.swift,Main,,,,,,,,,No,No,No,Low,,code_verified,high,OpenIntelligence/Services/Agentic/VisualIntelligenceIntents.swift,scan_codebase.py,Extracted View state properties
CloudConsentPromptView,OpenIntelligence/UI/Components/CloudConsentPromptView.swift,Main,showDetails,,verticalSizeClass,,,,Button Click,,No,No,No,Low,,code_verified,high,OpenIntelligence/UI/Components/CloudConsentPromptView.swift,scan_codebase.py,Extracted View state properties
ConsentFeatureRow,OpenIntelligence/UI/Components/CloudConsentPromptView.swift,Main,,,,,,,,,No,No,No,Low,,code_verified,high,OpenIntelligence/UI/Components/CloudConsentPromptView.swift,scan_codebase.py,Extracted View state properties
ConsentDetailRow,OpenIntelligence/UI/Components/CloudConsentPromptView.swift,Main,,,,,,,,,No,No,No,Low,,code_verified,high,OpenIntelligence/UI/Components/CloudConsentPromptView.swift,scan_codebase.py,Extracted View state properties
InfoButtonView,OpenIntelligence/UI/Components/InfoButtonView.swift,Main,showingPopover,,,,,,Button Click,,No,No,No,Low,,code_verified,high,OpenIntelligence/UI/Components/InfoButtonView.swift,scan_codebase.py,Extracted View state properties
IngestionConsoleView,OpenIntelligence/UI/Components/IngestionQueueOverlay.swift,Main,"isExpanded, isFullHeight, hasAutoExpanded",,,,,,Button Click,,No,No,No,Low,,code_verified,high,OpenIntelligence/UI/Components/IngestionQueueOverlay.swift,scan_codebase.py,Extracted View state properties
IngestionConsoleLogRow,OpenIntelligence/UI/Components/IngestionQueueOverlay.swift,Main,,,,,,,,,No,No,No,Low,,code_verified,high,OpenIntelligence/UI/Components/IngestionQueueOverlay.swift,scan_codebase.py,Extracted View state properties
IngestionQueueOverlay,OpenIntelligence/UI/Components/IngestionQueueOverlay.swift,Main,"isMinimized, isDismissed",,horizontalSizeClass,,,,Button Click,sortOrder,No,No,No,Low,,code_verified,high,OpenIntelligence/UI/Components/IngestionQueueOverlay.swift,scan_codebase.py,Extracted View state properties
IngestionQueueRow,OpenIntelligence/UI/Components/IngestionQueueOverlay.swift,Main,showDetails,,,,,,Button Click,"metricLabel, extractionSection, visionLayoutSection, visionStatusBadge, visionStatsRow",No,No,No,Low,,code_verified,high,OpenIntelligence/UI/Components/IngestionQueueOverlay.swift,scan_codebase.py,Extracted View state properties
CustomProgressBar,OpenIntelligence/UI/Components/IngestionQueueOverlay.swift,Main,,,,,,,,,No,No,No,Low,,code_verified,high,OpenIntelligence/UI/Components/IngestionQueueOverlay.swift,scan_codebase.py,Extracted View state properties
TotalsSummaryCard,OpenIntelligence/UI/Components/IngestionQueueOverlay.swift,Main,,,,,,,,"totalStatItem, formatNumber",No,No,No,Low,,code_verified,high,OpenIntelligence/UI/Components/IngestionQueueOverlay.swift,scan_codebase.py,Extracted View state properties
ModelStatusIndicator,OpenIntelligence/UI/Components/ModelStatusIndicator.swift,Main,pulseScale,,"modelResolution, settings",,SettingsStore,,,cleanModelName,Yes,No,No,Low,,code_verified,high,OpenIntelligence/UI/Components/ModelStatusIndicator.swift,scan_codebase.py,Extracted View state properties
DetailRow,OpenIntelligence/UI/Components/ModelStatusIndicator.swift,Main,,,,,,,,,No,No,No,Low,,code_verified,high,OpenIntelligence/UI/Components/ModelStatusIndicator.swift,scan_codebase.py,Extracted View state properties
BulletPoint,OpenIntelligence/UI/Components/ModelStatusIndicator.swift,Main,,,,,,,,,No,No,No,Low,,code_verified,high,OpenIntelligence/UI/Components/ModelStatusIndicator.swift,scan_codebase.py,Extracted View state properties
ModelQuickSelector,OpenIntelligence/UI/Components/ModelStatusIndicator.swift,Main,showSelector,,settings,,SettingsStore,,Button Click,,Yes,No,No,Low,,code_verified,high,OpenIntelligence/UI/Components/ModelStatusIndicator.swift,scan_codebase.py,Extracted View state properties
QuickModelPickerSheet,OpenIntelligence/UI/Components/ModelStatusIndicator.swift,Main,deviceCapabilities,,"dismiss, settings",,"RAGService, SettingsStore",,Button Click,modelRow,Yes,No,No,Low,,code_verified,high,OpenIntelligence/UI/Components/ModelStatusIndicator.swift,scan_codebase.py,Extracted View state properties
SurfaceCard,OpenIntelligence/UI/DesignSystem/SurfaceCard.swift,Main,,,,,,,,,No,No,No,Low,,code_verified,high,OpenIntelligence/UI/DesignSystem/SurfaceCard.swift,scan_codebase.py,Extracted View state properties
SectionHeader,OpenIntelligence/UI/DesignSystem/SurfaceCard.swift,Main,,,,,,,,,No,No,No,Low,,code_verified,high,OpenIntelligence/UI/DesignSystem/SurfaceCard.swift,scan_codebase.py,Extracted View state properties
SectionFooter,OpenIntelligence/UI/DesignSystem/SurfaceCard.swift,Main,,,,,,,,,No,No,No,Low,,code_verified,high,OpenIntelligence/UI/DesignSystem/SurfaceCard.swift,scan_codebase.py,Extracted View state properties
BubbleBackground,OpenIntelligence/UI/DesignSystem/Theme.swift,Main,,,,,,,,,No,No,No,Low,,code_verified,high,OpenIntelligence/UI/DesignSystem/Theme.swift,scan_codebase.py,Extracted View state properties
IngestionLiveActivityLockScreenView,OpenIntelligenceLiveActivities/IngestionLiveActivityWidget.swift,Main,,,"activityFamily, isActivityFullscreen, isLuminanceReduced",,,,,,No,No,No,Low,,code_verified,high,OpenIntelligenceLiveActivities/IngestionLiveActivityWidget.swift,scan_codebase.py,Extracted View state properties
