path,extension,directory,file_size,line_count,category,type,inspected,reason_if_not,relevance,checksum
.geminirules,,,2490,35,other,asset,no,Excluded as asset file,none,71f36556d93b30ac31b3ef384139e9c9c944b9d779ce4650d3ffb3b88a241863
.gitattributes,,,578,9,other,asset,no,Excluded as asset file,none,e4a84197216849ff0a246a98b525a669956190268dc1a0af8a39fd52b3fd25f3
.github/ISSUE_TEMPLATE/bug_report.md,.md,.github/ISSUE_TEMPLATE,745,35,other,first-party,yes,,none,20f86a361c793f9b56743eba937b4b351ed2e6ecf4af7c8379cc017a1d8a9853
.github/ISSUE_TEMPLATE/feature_request.md,.md,.github/ISSUE_TEMPLATE,611,20,other,first-party,yes,,none,382f70119e1f715ecf0b701c78addc3fd5fa79a9e24fa8fc380da05d98827a23
.github/PULL_REQUEST_TEMPLATE.md,.md,.github,443,16,other,first-party,yes,,none,027040c047f72e72f4a37714e794a16a3108ef79512d1125e27a669c08933bea
.github/assets/openintelligence-app-icon.png,.png,.github/assets,933221,0,assets,asset,no,Excluded as asset file,none,4ade42cbc43fede3b9b23e2f74fa637ea30d7ab59ffa10779bbd6cac663ee4f8
.github/assets/openintelligence-social-preview.png,.png,.github/assets,731338,0,assets,asset,no,Excluded as asset file,none,e867c5e34ffd15c5bdaa6adbb5d0382d74bee998a6fd2c00e4ab17c13e3cb631
.github/assets/screenshots/openintelligence-answer-inspection.png,.png,.github/assets/screenshots,458156,0,assets,asset,no,Excluded as asset file,none,b25519c761dba8c5f69f15aab16f1e8f41e7a09a5f42a58ae49ce9042bf69f1b
.github/assets/screenshots/openintelligence-cited-answer.png,.png,.github/assets/screenshots,438692,0,assets,asset,no,Excluded as asset file,none,55eafdeca31615de1e1dd2f4c9fe5e4582f4858b97f62024343d637047df7ee4
.github/assets/screenshots/openintelligence-ingestion-pipeline.png,.png,.github/assets/screenshots,1161973,0,assets,asset,no,Excluded as asset file,none,9907275c9fe7013a1c4af0986ba689016fbaa35b1f7e1f0d23e990b07d0804b3
.github/assets/screenshots/openintelligence-library.png,.png,.github/assets/screenshots,297543,0,assets,asset,no,Excluded as asset file,none,63743d49785085acb9cdf8f619e9c6b08abf399e0b1f2a9d55d5d7d059813e30
.github/assets/screenshots/openintelligence-onboarding.png,.png,.github/assets/screenshots,1135241,0,assets,asset,no,Excluded as asset file,none,d8f0cf2f93a49e541185ea8fdddada4826ec03394853e8736ab0963fb67a9eb0
.github/workflows/appstore.yml,.yml,.github/workflows,2078,60,other,asset,no,Excluded as asset file,none,8640d30895db737b9720fe2a04958dc13ab9201fc111805d4ff6ff37353f2070
.github/workflows/ci.yml,.yml,.github/workflows,1635,55,other,asset,no,Excluded as asset file,none,a044713147358d57579e6f262fbd85b159c080eb623636222c24763cb7bb1c80
.github/workflows/release.yml,.yml,.github/workflows,946,42,other,asset,no,Excluded as asset file,none,7bdaaf7760ff35dae22c779cab56ddaca057512d5be5175d9c6865406691aa23
.gitignore,,,3940,216,other,asset,no,Excluded as asset file,none,da706e7da6d1b78fd0c2d4d955035378d70a3d29e88aff9fb51fdfd04d46e43c
.swift-format,,,2339,67,other,asset,no,Excluded as asset file,none,8fa7a8d706a6c58a4ec4aec88a438790cd198c2a82a3ecafd7aab2de621fe25b
Benchmarks/Fixtures/README.md,.md,Benchmarks/Fixtures,338,7,other,first-party,yes,,none,e245892113a99635ada63416370adb88e3d12384800f9afb786fd5e4d812127e
Benchmarks/README.md,.md,Benchmarks,11026,317,other,first-party,yes,,none,bcb0ab426d502c5dd38b5df62168e57b1c188fce562ebcbe386d2738cff58958
Benchmarks/ResearchFixtures/README.md,.md,Benchmarks/ResearchFixtures,2083,51,other,first-party,yes,,none,fcd985560747c767f7e09250b25cbb81e5bcda8969bf370e590730a32676bf15
Benchmarks/ResearchFixtures/tiny_research_suite/README.md,.md,Benchmarks/ResearchFixtures/tiny_research_suite,690,27,other,first-party,yes,,none,e8567a72bc153e17b5bd767e0253f8a2a0db29ae816ea6e86811aab0a98027dc
Benchmarks/ResearchFixtures/tiny_research_suite/fixtures/synthetic/exact/battery_limits.md,.md,Benchmarks/ResearchFixtures/tiny_research_suite/fixtures/synthetic/exact,326,10,other,first-party,yes,,none,3f95a30ac2739f09f032c53d8c281cc02ff6807b5004bf0744c762aebb6ceed4
Benchmarks/ResearchFixtures/tiny_research_suite/fixtures/synthetic/exact/equipment_table.md,.md,Benchmarks/ResearchFixtures/tiny_research_suite/fixtures/synthetic/exact,330,10,other,first-party,yes,,none,887f36c9ae60b10dc99e445c51412a607f6fe709c8e70fc0d4e8f0fb1ec7b7bc
Benchmarks/ResearchFixtures/tiny_research_suite/fixtures/synthetic/exact/finance_cash_flow.md,.md,Benchmarks/ResearchFixtures/tiny_research_suite/fixtures/synthetic/exact,336,10,other,first-party,yes,,none,717d0f108cb0039d0cd4acc01b0a27a17b41cde233b86b2954138bd21d895ba6
Benchmarks/ResearchFixtures/tiny_research_suite/fixtures/synthetic/exact/service_schedule.md,.md,Benchmarks/ResearchFixtures/tiny_research_suite/fixtures/synthetic/exact,333,10,other,first-party,yes,,none,9c3597d67c0b74fb05ecfcdb3bddd4bca9a4f30e554272ea69ed274fa103379a
Benchmarks/ResearchFixtures/tiny_research_suite/fixtures/synthetic/exact/vehicle_specs.md,.md,Benchmarks/ResearchFixtures/tiny_research_suite/fixtures/synthetic/exact,333,10,other,first-party,yes,,none,124077ac77743739e9a76c1bc0d8643d0572c1d4864eff56227db8e8ea613838
Benchmarks/ResearchFixtures/tiny_research_suite/fixtures/synthetic/lost_in_middle/answer_at_beginning.md,.md,Benchmarks/ResearchFixtures/tiny_research_suite/fixtures/synthetic/lost_in_middle,1763,37,other,first-party,yes,,none,fb980c48dd51eb88e4b308f7fd3e0df985d5c00a83ba51d932c22a6eb031be3a
Benchmarks/ResearchFixtures/tiny_research_suite/fixtures/synthetic/lost_in_middle/answer_at_end.md,.md,Benchmarks/ResearchFixtures/tiny_research_suite/fixtures/synthetic/lost_in_middle,1757,37,other,first-party,yes,,none,b20e63321737198ae23567a50dfd72a62348e22e4c7e8a2f0b780ad2af255d82
Benchmarks/ResearchFixtures/tiny_research_suite/fixtures/synthetic/lost_in_middle/answer_at_middle.md,.md,Benchmarks/ResearchFixtures/tiny_research_suite/fixtures/synthetic/lost_in_middle,1760,37,other,first-party,yes,,none,9c528247d769ccd91cff38da6bfcb8841eecb396ef98acab27e7a98e9d65ad2b
Benchmarks/ResearchFixtures/tiny_research_suite/fixtures/synthetic/missing/missing_battery_policy.md,.md,Benchmarks/ResearchFixtures/tiny_research_suite/fixtures/synthetic/missing,242,5,other,first-party,yes,,none,617c77792713d074ccbde00f5410384cee8ea12f7b284800501f1c30a1ec7e9d
Benchmarks/ResearchFixtures/tiny_research_suite/fixtures/synthetic/missing/missing_price_policy.md,.md,Benchmarks/ResearchFixtures/tiny_research_suite/fixtures/synthetic/missing,242,5,other,first-party,yes,,none,617c77792713d074ccbde00f5410384cee8ea12f7b284800501f1c30a1ec7e9d
Benchmarks/ResearchFixtures/tiny_research_suite/fixtures/synthetic/multi_hop/case_1_part_a.md,.md,Benchmarks/ResearchFixtures/tiny_research_suite/fixtures/synthetic/multi_hop,159,4,other,first-party,yes,,none,cf0f99650250e9e42f30c931a6bfaa38bab7b2b67edb9bc6bb5e137fd76fb189
Benchmarks/ResearchFixtures/tiny_research_suite/fixtures/synthetic/multi_hop/case_1_part_b.md,.md,Benchmarks/ResearchFixtures/tiny_research_suite/fixtures/synthetic/multi_hop,158,4,other,first-party,yes,,none,ecc8f4f196efc7d625d858f6bb11b034d385fffe2b41809d304bd75700077d79
Benchmarks/ResearchFixtures/tiny_research_suite/fixtures/synthetic/multi_hop/case_2_part_a.md,.md,Benchmarks/ResearchFixtures/tiny_research_suite/fixtures/synthetic/multi_hop,159,4,other,first-party,yes,,none,080007ec3d3ed27a72e77f59bb3cf91dff5a07faef8c22b0ca01f87bbffa3277
Benchmarks/ResearchFixtures/tiny_research_suite/fixtures/synthetic/multi_hop/case_2_part_b.md,.md,Benchmarks/ResearchFixtures/tiny_research_suite/fixtures/synthetic/multi_hop,158,4,other,first-party,yes,,none,7d44bd5d9c916656169f6c91a1f3313e05aea6c05ba8fe41ba7798fbd6ce1ddb
Benchmarks/ResearchFixtures/tiny_research_suite/fixtures/synthetic/multi_hop/case_3_part_a.md,.md,Benchmarks/ResearchFixtures/tiny_research_suite/fixtures/synthetic/multi_hop,159,4,other,first-party,yes,,none,1e70d7c58bc733c9686eb6e9ce22127d1ce1efdda409684c90bc13bd205c3dca
Benchmarks/ResearchFixtures/tiny_research_suite/fixtures/synthetic/multi_hop/case_3_part_b.md,.md,Benchmarks/ResearchFixtures/tiny_research_suite/fixtures/synthetic/multi_hop,158,4,other,first-party,yes,,none,810a99967424f0311e89893bfca3555c763f1ebbc2e5dda209282e21afcf9e79
Benchmarks/ResearchFixtures/tiny_research_suite/fixtures/synthetic/multi_hop/case_4_part_a.md,.md,Benchmarks/ResearchFixtures/tiny_research_suite/fixtures/synthetic/multi_hop,159,4,other,first-party,yes,,none,dbe35add39b743c767715425e181c5ce742a07076e91ae0f974cf4f6399ba4ca
Benchmarks/ResearchFixtures/tiny_research_suite/fixtures/synthetic/multi_hop/case_4_part_b.md,.md,Benchmarks/ResearchFixtures/tiny_research_suite/fixtures/synthetic/multi_hop,158,4,other,first-party,yes,,none,36afa9e33dc3e3a576f7488b8e751028c7099315be6c23e2fb12938e6df70430
Benchmarks/ResearchFixtures/tiny_research_suite/fixtures/synthetic/multi_hop/case_5_part_a.md,.md,Benchmarks/ResearchFixtures/tiny_research_suite/fixtures/synthetic/multi_hop,159,4,other,first-party,yes,,none,d8b0bd8402ba911670e751dae8c34214370b7c7803328980d795940967d73f32
Benchmarks/ResearchFixtures/tiny_research_suite/fixtures/synthetic/multi_hop/case_5_part_b.md,.md,Benchmarks/ResearchFixtures/tiny_research_suite/fixtures/synthetic/multi_hop,158,4,other,first-party,yes,,none,38e075cdfb85fc7b739327cf526b0c9a7e35438398d4fbd1fa33a296da89d9f5
Benchmarks/ResearchFixtures/tiny_research_suite/fixtures/synthetic/retrieval/retrieval_alpha.md,.md,Benchmarks/ResearchFixtures/tiny_research_suite/fixtures/synthetic/retrieval,224,7,other,first-party,yes,,none,38b60fcd463f7d5ed9d81b0cd6deb9049cb7948faf02191106a9b968c3bc4a7e
Benchmarks/ResearchFixtures/tiny_research_suite/fixtures/synthetic/retrieval/retrieval_beta.md,.md,Benchmarks/ResearchFixtures/tiny_research_suite/fixtures/synthetic/retrieval,233,7,other,first-party,yes,,none,72323672ae844aa5808a9be1f15176e94457098ea130ec3b554b86067ef6ca1b
Benchmarks/ResearchFixtures/tiny_research_suite/fixtures/synthetic/retrieval/retrieval_delta.md,.md,Benchmarks/ResearchFixtures/tiny_research_suite/fixtures/synthetic/retrieval,237,7,other,first-party,yes,,none,a8223b56046a0edc5991b0db240571cabc7c2f6313d183907a3e46fb18a1dab7
Benchmarks/ResearchFixtures/tiny_research_suite/fixtures/synthetic/retrieval/retrieval_epsilon.md,.md,Benchmarks/ResearchFixtures/tiny_research_suite/fixtures/synthetic/retrieval,242,7,other,first-party,yes,,none,899f9d1033cfae0d365969a10b291364f5facd4e1215f143049456d3053c2d95
Benchmarks/ResearchFixtures/tiny_research_suite/fixtures/synthetic/retrieval/retrieval_gamma.md,.md,Benchmarks/ResearchFixtures/tiny_research_suite/fixtures/synthetic/retrieval,242,7,other,first-party,yes,,none,596fd31b4b72227b4e1b8e2328aa8de860de2051a9ea9e7d138250766290d667
Benchmarks/ResearchFixtures/tiny_research_suite/manifest.json,.json,Benchmarks/ResearchFixtures/tiny_research_suite,16498,447,other,first-party,yes,,none,7a605529f3a816a170b4d8d62aa3483790926a89f6af388cc2f18c8377b94b8e
Benchmarks/rag_validation_sample.json,.json,Benchmarks,4649,133,other,first-party,yes,,none,ba25f1db0524d38043a10e2bdfc252c197cdc5fd0a554bf4d05567c209a64df4
Benchmarks/studio.html,.html,Benchmarks,14875,450,other,asset,no,Excluded as asset file,none,354e03cf21a1a582adf478a3739c12c5bc167313fcb8c3761e5349d3292f7614
CHANGELOG.md,.md,,22810,198,other,first-party,yes,,none,3510fb7e1014b0bc7682c4c362a3073ba382837bb4c0ae1e99af3f78937a98ce
Docs/ARCHITECTURE.md,.md,Docs,8762,133,docs,first-party,yes,,indirect,dcd5bdd9e9e71c52371a5c77e92752cd0df0fedb4e50f708d8ba9952b71f6cd0
Docs/AppleIntelligenceTransitionPlan.md,.md,Docs,16329,181,docs,first-party,yes,,indirect,90f8f8101914300532ae536d5ada4e0e0f459db8f82cb41bbf518c94622b71fa
Docs/AuditArtifacts/chat_state_callgraph.md,.md,Docs/AuditArtifacts,4971,79,docs,first-party,yes,,direct,c4285b82016fafe3ea99b62b5d82bbde2b9ffd6d48b7edf20d95a6cf7f8affc5
Docs/AuditArtifacts/evidence_threads_decision_log.md,.md,Docs/AuditArtifacts,6433,47,docs,first-party,yes,,indirect,f5010298ee282527eba627c4860c571841fc758a5c8ac038a0942175f99dcfe6
Docs/AuditArtifacts/persistence_map.csv,.csv,Docs/AuditArtifacts,2378,15,docs,first-party,yes,,direct,72428558cff197e47798915a7905599e3776a188c7808149df6a136ef7bfd236
Docs/AuditArtifacts/repo_file_inventory.csv,.csv,Docs/AuditArtifacts,70556,544,docs,first-party,yes,,indirect,16a75d52f947bd021ab5b50ae6f9c5431572506a9fd810c113e923859e1858ec
Docs/AuditArtifacts/routing_map.csv,.csv,Docs/AuditArtifacts,663,4,docs,first-party,yes,,indirect,8cfb6be696520c3a5f2c43214699dd1d6e3cae7c883c026b529563878cfbeb44
Docs/AuditArtifacts/swift_symbol_inventory.csv,.csv,Docs/AuditArtifacts,104603,998,docs,first-party,yes,,indirect,8ad844ae30a99ffee84e823ecd66ac7ad8d6ec70a2a70a0b055387a9adb10ef6
Docs/AuditArtifacts/sync_boundary_map.csv,.csv,Docs/AuditArtifacts,1565,11,docs,first-party,yes,,direct,8ac71a98ce14be1f2eb063a4dc2b9a63277259b2d21558f1388f5d3d84e61c83
Docs/BILLING_AND_LIMITS.md,.md,Docs,3530,48,docs,first-party,yes,,direct,8c0ad8946103b80c29638948ce441fa988c40641244b247c435696f8d7d4bec1
Docs/DEMO.md,.md,Docs,1319,36,docs,first-party,yes,,indirect,a3acdba5b506d9b2db9b08ca303df4022350f9639cbf539301e2aa70b8fab3c5
Docs/EVALS.md,.md,Docs,2841,72,docs,first-party,yes,,indirect,fd24626c4a7f329737f4d51c290656c9c6bdeea788588203ab049a4900aae56a
Docs/Engineering/APPLE_DOCUMENT_INTELLIGENCE.md,.md,Docs/Engineering,51195,1737,docs,first-party,yes,,indirect,25d2fd62c5cc2e90fcf1378b22569ce10b97e135d4388f89f2bdd7256255c6b1
Docs/Engineering/APPLE_FM_TECH_REPORT_2025.md,.md,Docs/Engineering,17186,385,docs,first-party,yes,,indirect,6cd179e0f9f5b36e96dc4117ca0b68befd0dce8e735625927c8378b8e1cfd40d
Docs/Engineering/APPLE_MODELS.md,.md,Docs/Engineering,21650,663,docs,first-party,yes,,direct,d7f09a26eeda4d132317bf365da9bb7a3d4f5dc53c6d7127bf634e5358a0a459
Docs/Engineering/HARD_LIMITS.md,.md,Docs/Engineering,7195,123,docs,first-party,yes,,indirect,3a563b49e1e523ee79071d75a55b1055dcda3b008ef8c132968e967112060add
Docs/Engineering/PRIVATE_CLOUD_COMPUTE.md,.md,Docs/Engineering,5341,94,docs,first-party,yes,,indirect,e62666d96373255cff8b0e6c387e269c90f18b3faa71fcf763485c981b3ab89a
Docs/Engineering/RAG_TECHNICAL.md,.md,Docs/Engineering,22458,645,docs,first-party,yes,,indirect,055483b381417eaaab55c2199fbcebfe1df49d06876f9cce393c03c238b8bcda
Docs/Engineering/STORAGE_AND_PIPELINE_TRACE.md,.md,Docs/Engineering,13774,183,docs,first-party,yes,,direct,7266e5cd65909d164a645191f1dbcfd7daf6fc606ac0c356143f6630847636b2
Docs/FULL_REPO_EVIDENCE_THREADS_ARCHITECTURE_AUDIT.md,.md,Docs,38220,479,docs,first-party,yes,,indirect,bac69c67f6849911e2b35e8de314a478944bf74a851dfefb12551dfc821c2615
Docs/FULL_REPO_EVIDENCE_THREADS_AUDIT_VERIFICATION.md,.md,Docs,23902,251,docs,first-party,yes,,indirect,789b70f38b840297a4bad5070aa397558656efe81c6fd61ea8eec867b3b90e3b
Docs/INGESTION_PIPELINE.md,.md,Docs,3606,62,docs,first-party,yes,,indirect,f0027bf1ba82ebfe9a359b7d68f1dedf0160498fe9c7ba9907fca66d5df5b605
Docs/LIMITATIONS.md,.md,Docs,1367,32,docs,first-party,yes,,indirect,3afd5bf4a4b63561ecf371a801e7d88ebcd5ebc2a1a0059c20b5eecb555d7115
Docs/PRIVACY_AND_ROUTING.md,.md,Docs,2803,44,docs,first-party,yes,,indirect,8862a18ed558210355b7360e92b73d6b415b8c4404ea810e03b85247172589b0
Docs/PRODUCT_POSITIONING_AND_EVIDENCE_THREADS_AUDIT.md,.md,Docs,6640,85,docs,first-party,yes,,indirect,d73d7da9accbab006bb862683f6977a5c8c2b78c6051b09bb3a2d2f2f05dbf00
Docs/PRODUCT_POSITIONING_AND_EVIDENCE_THREADS_AUDIT_V2.md,.md,Docs,5924,82,docs,first-party,yes,,indirect,067abe5a9c8bf876fd707464d371717d7ff88a0a33a279ead4760ac70293f240
Docs/RELEASE_NOTES.md,.md,Docs,16710,182,docs,first-party,yes,,indirect,0da25c4932fdad6d6b5aab57fc7076257416fad46b6893c9a9c2fc1414c2ee97
Docs/RETRIEVAL_PIPELINE.md,.md,Docs,4476,60,docs,first-party,yes,,indirect,2f811155343b1c081895c0e881087df280060dd9f7ebbe88375f5e92fc3d8d65
Docs/ROADMAP.md,.md,Docs,1755,29,docs,first-party,yes,,indirect,fa3541973249b9f90491d972fcb99a08b3cf3604f144265ac6d423a6b7c959fc
Docs/Research/APPLE_INTELLIGENCE_AND_FOUNDATION_MODELS.md,.md,Docs/Research,4102,50,docs,first-party,yes,,direct,c267513828114619d8739b0cc5472fa7874a067f0be6dd5d3aa128c56088dddd
Docs/Research/CAG_AND_CONTEXT_ENGINEERING_2024_2026.md,.md,Docs/Research,3883,56,docs,first-party,yes,,indirect,021fafdfdcf5b39794d53e2aa7b9292e6b197c5f54295ea8eb0ae84b2086835c
Docs/Research/COREML_METAL_ON_DEVICE_AI.md,.md,Docs/Research,4427,40,docs,first-party,yes,,indirect,671105050c5d2aefc1de8415ec7928611655ce095862641f71838f51f6da3f0b
Docs/Research/DOCUMENT_INTELLIGENCE_AND_OCR.md,.md,Docs/Research,3994,37,docs,first-party,yes,,indirect,ee81c3483ff17b0dcc2e4c0f135915555f318173cd1090ad723702d7acb29a93
Docs/Research/RAG_AND_RETRIEVAL_2024_2026.md,.md,Docs/Research,6780,62,docs,first-party,yes,,indirect,3b1dfb9bded81bd07d64728cfec1d4dd5bde35e32ebb3f74890bbef9e4280099
Docs/Research/README.md,.md,Docs/Research,2004,25,docs,first-party,yes,,indirect,3ef37784a9591a8076d5d23d52a102e23c19f5108300145f697783f1a95ddafc
Docs/TestDocuments/README.md,.md,Docs/TestDocuments,1291,39,docs,first-party,yes,,indirect,55d2d224ba2bd5116250642ee10d8a518980b4dafe0ccf533e17cadd54bfbad3
Docs/TestDocuments/sample_1page.txt,.txt,Docs/TestDocuments,1473,23,docs,first-party,yes,,indirect,a85c10fb555d215b4e5a9d020a7658e7a159e98b28f2f6b351d8e1a37dfc1c6a
Docs/TestDocuments/sample_empty.txt,.txt,Docs/TestDocuments,0,0,docs,first-party,yes,,indirect,e3b0c44298fc1c149afbf4c8996fb92427ae41e4649b934ca495991b7852b855
Docs/TestDocuments/sample_special_chars.txt,.txt,Docs/TestDocuments,1758,27,docs,first-party,yes,,indirect,992ad1748be254e6724aa1caeba508b3c224fcb7b30eaed639555a68ed08852e
Docs/TestDocuments/sample_technical.md,.md,Docs/TestDocuments,1765,59,docs,first-party,yes,,indirect,c50c34994dff525b77caeb81b796752b2c85f00e4fe86de726e6390195428588
Docs/TestDocuments/sample_unicode.txt,.txt,Docs/TestDocuments,2679,51,docs,first-party,yes,,indirect,4d37fe20f2d0bbf166107718a265c8134663b88407ff5c353b4c15c3f201247c
Docs/TestDocuments/sample_whitespace.txt,.txt,Docs/TestDocuments,774,45,docs,first-party,yes,,indirect,9219b1ea5eea82721f1ef3f55c578786cc9298ad7c31155aef1ce110e3732c9c
Docs/USER_CHANGELOG.md,.md,Docs,11303,121,docs,first-party,yes,,indirect,e63b0ae3e7e6390814214df46554b88d97a68bb9d7df149f2b0bc3519e8467b6
Gemfile,,,58,3,other,asset,no,Excluded as asset file,none,1730cf58313a05a2df6c9fb70886bf5b3903a6000aeb37e702994e3c6e9a70bf
Gemfile.lock,.lock,,15784,341,other,asset,no,Excluded as asset file,none,9388287f90e4c79a36a0c1da13a7dbcb403ed5401ae316a9df4626cb50e17cf9
HOW_IT_WORKS.md,.md,,2865,45,other,first-party,yes,,none,16755cbb0ef471a3ce8f8773a8d9ca6250ffa19ff53f5cc5da9c1cce3fd0b18b
Info.plist,.plist,,852,29,other,asset,no,Excluded as asset file,none,d85d3bf6eb6c4331e9ae7dbdcef2f29e5d286890e9858dc2af310d94f3227c2a
LICENSE,,,1073,21,other,asset,no,Excluded as asset file,none,0602e91ec3cdd714489582f9e84cf0ed6ec2d073528471222c2ba68ff16d716a
OpenIntelligence.xcodeproj/project.pbxproj,.pbxproj,OpenIntelligence.xcodeproj,42401,970,other,asset,no,Excluded as asset file,none,9af1cd5520e3f887f0a83a2ac1b78b2e9f9615a8fa8c65a620374caec6fcf0e0
OpenIntelligence.xcodeproj/project.xcworkspace/contents.xcworkspacedata,.xcworkspacedata,OpenIntelligence.xcodeproj/project.xcworkspace,135,7,other,asset,no,Excluded as asset file,none,7f3b00b5c3fdb45242d7b87e1e5c4e25d1fa8129a16c94295ecc4e8ea2235c5f
OpenIntelligence.xcodeproj/project.xcworkspace/xcshareddata/WorkspaceSettings.xcsettings,.xcsettings,OpenIntelligence.xcodeproj/project.xcworkspace/xcshareddata,181,5,other,asset,no,Excluded as asset file,none,97704a8960b4facceef54397a08fb5d0a456247c3627359215aa2a27df22656c
OpenIntelligence.xcodeproj/project.xcworkspace/xcshareddata/swiftpm/Package.resolved,.resolved,OpenIntelligence.xcodeproj/project.xcworkspace/xcshareddata/swiftpm,585,23,other,asset,no,Excluded as asset file,none,cff1961c3cb9cad00da0350bcff694c950c1ecdc9eb0d25d143794ad0e5a098a
OpenIntelligence.xcodeproj/xcshareddata/xcodecloud/manifest.json,.json,OpenIntelligence.xcodeproj/xcshareddata/xcodecloud,171,9,other,first-party,yes,,none,be91e214f86fd4fc20751cf42c4b34c5db940dc6c62a8b28847ae76eff3a151b
OpenIntelligence.xcodeproj/xcshareddata/xcschemes/OpenIntelligence-StoreKitTesting.xcscheme,.xcscheme,OpenIntelligence.xcodeproj/xcshareddata/xcschemes,3146,81,other,asset,no,Excluded as asset file,none,fe2520d5fad46289d890af5e43c83f01d3b2910fdffaa101ec51ded18cf3e339
OpenIntelligence.xcodeproj/xcshareddata/xcschemes/OpenIntelligence.xcscheme,.xcscheme,OpenIntelligence.xcodeproj/xcshareddata/xcschemes,3183,83,other,asset,no,Excluded as asset file,none,20fd97088750caaa81318fa0ef244b337a89590842cd94628696e2cef47ebcc1
OpenIntelligence.xcodeproj/xcshareddata/xcschemes/OpenIntelligenceEngine.xcscheme,.xcscheme,OpenIntelligence.xcodeproj/xcshareddata/xcschemes,2134,59,other,asset,no,Excluded as asset file,none,cf63f5e4cf47e0ec662022ddf6647d253350cb10858519b208cc0cbb20288adb
OpenIntelligence/App/ContentView.swift,.swift,OpenIntelligence/App,17430,407,app source,first-party,yes,,indirect,a19f0c2e31d57fc22bbf475c34a420b2879e9117cfbd7ce708392701fbfbe398
OpenIntelligence/App/DebugRAGValidationHarness.swift,.swift,OpenIntelligence/App,19849,480,app source,first-party,yes,,indirect,c809357426b1e211d3d50c2256d411a270bcc6a8ed34e7203aed86f138309a25
OpenIntelligence/App/OpenIntelligenceApp.swift,.swift,OpenIntelligence/App,7441,188,app source,first-party,yes,,indirect,fffa27dfe199ccce7120f1944819251c31562d8a8ea29eac79d71aa7e349a3db
OpenIntelligence/Core/Extensions/KeychainStorage.swift,.swift,OpenIntelligence/Core/Extensions,2086,58,app source,first-party,yes,,direct,43fae853f78a45ddbed71873c591e4580190f81869b27dd0b7e84c8d4109a839
OpenIntelligence/Core/Extensions/LaunchArguments.swift,.swift,OpenIntelligence/Core/Extensions,1452,40,app source,first-party,yes,,indirect,b531b56ee7090e05d8ed5619db7b358c0ce7b2e2ab95b54abd8f7ce2a1e3b9a5
OpenIntelligence/Core/Extensions/MarkdownRenderer.swift,.swift,OpenIntelligence/Core/Extensions,29902,785,app source,first-party,yes,,indirect,9b902347edf1cb7f0cd182ba2cdf49e1944685415996433d6381ffec0679087c
OpenIntelligence/Core/Extensions/NetworkMonitor.swift,.swift,OpenIntelligence/Core/Extensions,725,29,app source,first-party,yes,,indirect,54634579707f087ca45e6b6ca5ab66dc62b7af2efcdbfe3a0c46273c45f3c321
OpenIntelligence/Core/Models/ChatMessage.swift,.swift,OpenIntelligence/Core/Models,6371,157,app source,first-party,yes,,direct,9057eba61b4ddabded035fb54cac770201531eed8b2364c8a10a2d8dc4f5d940
OpenIntelligence/Core/Models/CloudTransmission.swift,.swift,OpenIntelligence/Core/Models,1780,72,app source,first-party,yes,,direct,a63117a5cf025530c0bf8d2a07266551000ec5195e6152ab06f4e8c8ca5d6dcb
OpenIntelligence/Core/Models/DocumentChunk.swift,.swift,OpenIntelligence/Core/Models,27417,679,app source,first-party,yes,,direct,91ec633e573d4c06f7684c2e54cdcb9365f47e0c15863e5a036aa1d2b0e8a9ea
OpenIntelligence/Core/Models/EvidenceSource.swift,.swift,OpenIntelligence/Core/Models,491,18,app source,first-party,yes,,direct,958571fe9749df28b613f30e2b6006a6c5059c4af23c9df83bf65f60c5d1aa82
OpenIntelligence/Core/Models/IngestionItem.swift,.swift,OpenIntelligence/Core/Models,12998,359,app source,first-party,yes,,direct,b8b5b6ec38c993b8986f9d15f58302cb029b31a457661e458e16e1cdc6f44cd7
OpenIntelligence/Core/Models/IngestionRuntimeBridge.swift,.swift,OpenIntelligence/Core/Models,3004,76,app source,first-party,yes,,direct,5d334f45c42e95140cbb6f08b3febbb16fba9a411bf744d6da3dfcd524d4e57a
OpenIntelligence/Core/Models/KnowledgeContainer.swift,.swift,OpenIntelligence/Core/Models,21010,526,app source,first-party,yes,,direct,1a869131888f4d775b2128791c46fa360e2a11904cc3a451c0981ec1135ca2fc
OpenIntelligence/Core/Models/LLMModel.swift,.swift,OpenIntelligence/Core/Models,8005,240,app source,first-party,yes,,direct,46aa5ebcea640dc1effe3e0bcbf13da4c4f5ed618c5bed22e6b0eaaab99a0562
OpenIntelligence/Core/Models/LLMModelType.swift,.swift,OpenIntelligence/Core/Models,8484,242,app source,first-party,yes,,direct,d6df6cfa23a668c2b3ddea17402af8f7dd45b25e8d09b06d0dc2ffa115026c16
OpenIntelligence/Core/Models/ModelResolutionState.swift,.swift,OpenIntelligence/Core/Models,3130,111,app source,first-party,yes,,direct,685d7c3cc1dd5c18bcfc7605c4f049ed78db6c073d3cbb3141201c810fe1f6e3
OpenIntelligence/Core/Models/QueryRuntimeBridge.swift,.swift,OpenIntelligence/Core/Models,2084,54,app source,first-party,yes,,direct,64f3234d74aa7089bd09471c52b0606fc27851f301cd47261fde9ea9ca0c6832
OpenIntelligence/Core/Models/RAGQualityMode.swift,.swift,OpenIntelligence/Core/Models,12911,340,app source,first-party,yes,,direct,88a65218aaec6f7d1e6c8edcbf2a0e9d41eddb6b4daa9dcd7848a112fee0fb13
OpenIntelligence/Core/Models/RAGQuery.swift,.swift,OpenIntelligence/Core/Models,8441,229,app source,first-party,yes,,direct,1db0b72defa1f77dbb9983a18aa61ffabf784e5f112e0810a0c22de589d35009
OpenIntelligence/Core/Models/RAGStructuredResponse.swift,.swift,OpenIntelligence/Core/Models,10563,293,app source,first-party,yes,,direct,ea8e0cbd1b4150acbbcec395c3072425846b8846aa3a62e066f1fb382520ed4e
OpenIntelligence/Core/Models/StructuredAnswer.swift,.swift,OpenIntelligence/Core/Models,45112,1201,app source,first-party,yes,,direct,88b85421219eb70f42c586aa2b9d6be44f8a674045753f742b01e65006af18fa
OpenIntelligence/Core/Models/ThinkingEvent.swift,.swift,OpenIntelligence/Core/Models,8733,201,app source,first-party,yes,,direct,bbdc98b20cc0891e4afae2d42546ffa6b0eb29785e70b59a2b51911883b41af3
OpenIntelligence/Core/Models/WorkspaceTier.swift,.swift,OpenIntelligence/Core/Models,850,32,app source,first-party,yes,,direct,9e98d21f17fbcff4ae254ab7c91eb76464ff11a324a1122d559b79fc81b7b810
OpenIntelligence/Core/Protocols/EngineInterfaces.swift,.swift,OpenIntelligence/Core/Protocols,2361,80,app source,first-party,yes,,indirect,a9e63fd3b099321582d54a820e7388ba41dc37b55f94e18c69287c9dd597c113
OpenIntelligence/Core/Support/EngineSDKCompatibility.swift,.swift,OpenIntelligence/Core/Support,5800,201,app source,first-party,yes,,indirect,2cd8135b53d62b531f63ccd3999a6258d467b4df09eab4fd41b030a903f31592
OpenIntelligence/Core/Support/OpenIntelligenceRuntimePaths.swift,.swift,OpenIntelligence/Core/Support,4506,124,app source,first-party,yes,,indirect,146ac6fae20ea3fbc234257826413f9541587733c9635c4537033dc295105a53
OpenIntelligence/Core/Support/test_write.txt,.txt,OpenIntelligence/Core/Support,5,1,other,asset,no,Excluded as asset file,none,f2ca1bb6c7e907d06dafe4687e579fce76b37e4e93b7605022da52e6ccc26fd2
OpenIntelligence/Features/Billing/PlanUpgradeEntryPoint.swift,.swift,OpenIntelligence/Features/Billing,2631,65,app source,first-party,yes,,direct,7f3c98bf78ae88dce2820684b37aa21c2ba9d0f75d452ac6bf55808a88e68da3
OpenIntelligence/Features/Billing/PlanUpgradeSheet.swift,.swift,OpenIntelligence/Features/Billing,30076,774,app source,first-party,yes,,direct,ad3b233b0cd58df3bc760b7463c69f40d248ab6a27733e0b92a59d6eeb7dc9c4
OpenIntelligence/Features/Billing/PrivacyPolicyView.swift,.swift,OpenIntelligence/Features/Billing,7062,147,app source,first-party,yes,,direct,990d3a3b2351e310e51bbf0cab64a30389dda47c08dac49fe5725af02f8014a9
OpenIntelligence/Features/Billing/TermsOfServiceView.swift,.swift,OpenIntelligence/Features/Billing,5646,119,app source,first-party,yes,,direct,fe4be7eb87ed2ed45755e5aa1fc1eb9561f71ee62cc46ea75d7d9902a36ca8fc
OpenIntelligence/Features/Camera/CameraManager.swift,.swift,OpenIntelligence/Features/Camera,48789,1224,app source,first-party,yes,,indirect,e05213e2f8ec021aae3ca6d798fa1cf81a406e396fdfb48f7ad790b7ac99d875
OpenIntelligence/Features/Camera/CameraVisionOverlayView.swift,.swift,OpenIntelligence/Features/Camera,56234,1597,app source,first-party,yes,,indirect,839be63978ff5428087aadff64c01ad3932d61e2ff1177e4a51dca2825331eaa
OpenIntelligence/Features/Camera/CaptureToRAGBridge.swift,.swift,OpenIntelligence/Features/Camera,14102,407,app source,first-party,yes,,indirect,c9fc3d16fea98dc91a8a759c906f576064e8bff90ba8b895619313873aff780f
OpenIntelligence/Features/Camera/DocumentCaptureView.swift,.swift,OpenIntelligence/Features/Camera,35453,1037,app source,first-party,yes,,indirect,1baf784fd52d0b8402fda7a9840358443e6cbe828f76b523fb8ba4b8fa2050b3
OpenIntelligence/Features/Chat/Conversation/ActivityView.swift,.swift,OpenIntelligence/Features/Chat/Conversation,2393,69,app source,first-party,yes,,direct,062bd1da96f2929e269049fe8edf888fc9a69739bb56fe603d27314d5f9e6945
OpenIntelligence/Features/Chat/Conversation/AttachmentPicker.swift,.swift,OpenIntelligence/Features/Chat/Conversation,20546,575,app source,first-party,yes,,direct,8f8909ba41acb6f72f26a5b70799454fd1595fd4d1466b6754ea374bc6ec0940
OpenIntelligence/Features/Chat/Conversation/ChatComposerV2.swift,.swift,OpenIntelligence/Features/Chat/Conversation,11123,307,app source,first-party,yes,,direct,7944e11cb008a42f1fe1ce3432cd0ea3097ce0f2def18152f34a40e1d4572f2d
OpenIntelligence/Features/Chat/Conversation/ChatScreen.swift,.swift,OpenIntelligence/Features/Chat/Conversation,161554,3912,app source,first-party,yes,,direct,e6cacb2a61e175ee01218c5a4208bfccbb643fa37fa6bcf0761582d58db99d28
OpenIntelligence/Features/Chat/Conversation/EventToasts.swift,.swift,OpenIntelligence/Features/Chat/Conversation,7068,239,app source,first-party,yes,,direct,db27aeb75ba05b0e4371decd72c1b1b75010c348a5ef7068df293b2bcf73741f
OpenIntelligence/Features/Chat/Conversation/MessageActionsBar.swift,.swift,OpenIntelligence/Features/Chat/Conversation,15089,417,app source,first-party,yes,,direct,acad916a4f632e3d4d91a15da9b8bc755c10f894ada1cd14cd3f93d2fc181e20
OpenIntelligence/Features/Chat/Conversation/MessageBubbleV2.swift,.swift,OpenIntelligence/Features/Chat/Conversation,22286,578,app source,first-party,yes,,direct,fb453c0c4e7349f100ad6baef08aef9bdf7d27592223cbd36fb67e14123ced97
OpenIntelligence/Features/Chat/Conversation/MessageListV2.swift,.swift,OpenIntelligence/Features/Chat/Conversation,17943,463,app source,first-party,yes,,direct,1d6ca14ae055e5ac9c0ee5d0d03f5696d8259071b6b2df7cc22a0c77dfce11d4
OpenIntelligence/Features/Chat/Conversation/ViewAnnotations.swift,.swift,OpenIntelligence/Features/Chat/Conversation,2616,72,app source,first-party,yes,,direct,9297badedaebd7b3469f105fed55289df979de102679db64bfd60724824cf27d
OpenIntelligence/Features/Chat/Pipeline/PipelineTraceExporter.swift,.swift,OpenIntelligence/Features/Chat/Pipeline,11256,268,app source,first-party,yes,,direct,219a0852075016f0c0b0b4a8e18cc03e8b36646392815460a1836bc20d6a49e3
OpenIntelligence/Features/Chat/Pipeline/ProcessingModels.swift,.swift,OpenIntelligence/Features/Chat/Pipeline,1793,71,app source,first-party,yes,,direct,3bd713e7ec2171a58ef3bbf76f1d40c1730a74a1b012c3281f306f9da7749cea
OpenIntelligence/Features/Chat/Response/AnswerIntelligenceView.swift,.swift,OpenIntelligence/Features/Chat/Response,26889,741,app source,first-party,yes,,direct,4ffa2a361de2387ebfccfa7207806eedc36c795a9f0d86510fe35429ebe7c5c6
OpenIntelligence/Features/Chat/Response/ContextUsageIndicator.swift,.swift,OpenIntelligence/Features/Chat/Response,8540,269,app source,first-party,yes,,direct,2c512454e1d25e6188e235c1f68d71fcfef54f13cca8bb5be76d56339d3897f1
OpenIntelligence/Features/Chat/Response/EnhancedCodeBlock.swift,.swift,OpenIntelligence/Features/Chat/Response,12165,335,app source,first-party,yes,,direct,91fda4bf16dbf13b2669a94a8e12c79c629b9554645894bf7e0ca30cba42df1f
OpenIntelligence/Features/Chat/Response/GroundedAnswerView.swift,.swift,OpenIntelligence/Features/Chat/Response,13771,318,app source,first-party,yes,,direct,93d232b6397c588a6c19b984d8f2e55d487c0470babe1828871e96e316360412
OpenIntelligence/Features/Chat/Response/ReportMessageSheet.swift,.swift,OpenIntelligence/Features/Chat/Response,5700,150,app source,first-party,yes,,direct,f1d35de2cea40947365e9fd81d7add91c5485673564a178a2fb18a91dd98e748
OpenIntelligence/Features/Chat/Response/ResponseDetailsView.swift,.swift,OpenIntelligence/Features/Chat/Response,39196,1019,app source,first-party,yes,,direct,4a7032e75008fdd2a30cb9205d1033e18d27dd0cae709062a2f616a44251c982
OpenIntelligence/Features/Chat/Response/RetrievalQualityView.swift,.swift,OpenIntelligence/Features/Chat/Response,10219,312,app source,first-party,yes,,direct,d52e8f6c76d5efdcc6edf5c00838e2c82b3baa61dd2762135a661d47fe7e6c6e
OpenIntelligence/Features/Chat/Response/RetrievalSourcesTray.swift,.swift,OpenIntelligence/Features/Chat/Response,8137,225,app source,first-party,yes,,direct,fd62e005c09545bbf4f7bdb226976d8d65f6c9e24acfe0beee6e69bc453c9db3
OpenIntelligence/Features/Chat/Response/SourceChipsView.swift,.swift,OpenIntelligence/Features/Chat/Response,6175,195,app source,first-party,yes,,direct,132efe95a4da249e672b4e01841fa7aa409b350134d783505d625bb87108ba49
OpenIntelligence/Features/Chat/Response/SourceFidelityStatus.swift,.swift,OpenIntelligence/Features/Chat/Response,3648,112,app source,first-party,yes,,direct,6552f8273f129d5e4970b4a3f757e1066f070959455b8c6c8b3aed188d0c2709
OpenIntelligence/Features/Chat/Response/StatusPillV2.swift,.swift,OpenIntelligence/Features/Chat/Response,6457,186,app source,first-party,yes,,direct,a7b0bca6f1ff97b0c420f41e0c989089d516cf2c1de7604e7ba154db3fb51126
OpenIntelligence/Features/Chat/Response/ThinkingStreamView.swift,.swift,OpenIntelligence/Features/Chat/Response,15040,382,app source,first-party,yes,,direct,861e6a87135247a1b61e4cc585a3e689d55f83e45fec83e5552e6dd6f9bbf470
OpenIntelligence/Features/Chat/Response/TimingBreakdownView.swift,.swift,OpenIntelligence/Features/Chat/Response,8171,248,app source,first-party,yes,,direct,72d0857a77ae64fdc49b56ef46110f0b52076b450552296beba5c775ac4a5392
OpenIntelligence/Features/Chat/Response/ToolCallBadge.swift,.swift,OpenIntelligence/Features/Chat/Response,3298,103,app source,first-party,yes,,direct,1836ceab3776ae1acf3f9449fe756c78f2b246644ed34e5f300374171f508230
OpenIntelligence/Features/Chat/Response/UnifiedMetricsBar.swift,.swift,OpenIntelligence/Features/Chat/Response,180287,4668,app source,first-party,yes,,direct,fb3d7c2bff39ae4d955b8f11d77e26318d26d1c000264801b7f63b1facf70cf8
OpenIntelligence/Features/Chat/Response/VerificationGatesOverlayView.swift,.swift,OpenIntelligence/Features/Chat/Response,10827,258,app source,first-party,yes,,direct,2533f283311c0c776dc64f25b973fa21cbee2a902c8789e3906d7e5fcace3879
OpenIntelligence/Features/Chat/Response/VisualEvidenceCard.swift,.swift,OpenIntelligence/Features/Chat/Response,2984,86,app source,first-party,yes,,direct,8ea9388812bbac0758635c1ab5d35774c5848ae2a4e02a84ed1888d061c70cec
OpenIntelligence/Features/Chat/Response/WritingToolsResultSheet.swift,.swift,OpenIntelligence/Features/Chat/Response,6710,171,app source,first-party,yes,,direct,f6e576b8616f6dbb00e75adc04bd49b7b146f34012ac5fdde962d167cf57357a
OpenIntelligence/Features/Database/DatabaseDashboardView.swift,.swift,OpenIntelligence/Features/Database,96348,2522,app source,first-party,yes,,indirect,6a8206f642d9da038eaede680f5b63062d7dc1fc6e0362d27afea9212e5dba5a
OpenIntelligence/Features/Diagnostics/Hub/DeveloperDiagnosticsHubView.swift,.swift,OpenIntelligence/Features/Diagnostics/Hub,11595,286,app source,first-party,yes,,indirect,c065115c14c4029baf70de2dfc1487249ace0c742900e20ec95cc6799c951326
OpenIntelligence/Features/Diagnostics/Monitoring/BackendHealthDiagnosticsView.swift,.swift,OpenIntelligence/Features/Diagnostics/Monitoring,5691,180,app source,first-party,yes,,indirect,93d636c2293b439230b07cc25b83ef24c4d91dd5628b484f4d09c4b6efb5761f
OpenIntelligence/Features/Diagnostics/Monitoring/LiveSystemMonitorWrapper.swift,.swift,OpenIntelligence/Features/Diagnostics/Monitoring,10929,294,app source,first-party,yes,,indirect,acf3dec755359b2abcac552ff54ac53510920bd70880ee68b56a2074e38d933a
OpenIntelligence/Features/Diagnostics/Validation/ChunkInspectorView.swift,.swift,OpenIntelligence/Features/Diagnostics/Validation,26297,667,app source,first-party,yes,,indirect,70556e9d68a513365f6e2a08062e36d935c8905ce7def7ea1c4cc8574d713e5a
OpenIntelligence/Features/Diagnostics/Validation/ContainerScopingSelfTestsView.swift,.swift,OpenIntelligence/Features/Diagnostics/Validation,14908,347,app source,first-party,yes,,indirect,8ba0c6f4fca4fea615649b19340685a815a9262ba7ef9fe2700bc1cc45e7c4a5
OpenIntelligence/Features/Diagnostics/Validation/CoreValidationView.swift,.swift,OpenIntelligence/Features/Diagnostics/Validation,27870,784,app source,first-party,yes,,indirect,bc03e538fe41ef9dcbc7ea4d7d2353d6e5fa4fe7069d9b85dd08201387f5bc97
OpenIntelligence/Features/Diagnostics/Validation/PCCRouteEvaluator.swift,.swift,OpenIntelligence/Features/Diagnostics/Validation,1701,49,app source,first-party,yes,,direct,68b0473e3199a10bb02f88df1f5fa35d3e876595acba04538723867d746fd884
OpenIntelligence/Features/Diagnostics/Validation/RAGAccuracyView.swift,.swift,OpenIntelligence/Features/Diagnostics/Validation,19408,507,app source,first-party,yes,,indirect,283bcd70fbdbbd84e6c733f86631d8ca3ce8a95a6516fe046357c9a865fab3f9
OpenIntelligence/Features/Diagnostics/Validation/RAGPipelineAuditView.swift,.swift,OpenIntelligence/Features/Diagnostics/Validation,14405,323,app source,first-party,yes,,indirect,0b14dca2c2575780eb3745f3c9f4d42dc2436e850b2dcfb14d29a0d3c1215a14
OpenIntelligence/Features/Documents/Components/ContainerPicker.swift,.swift,OpenIntelligence/Features/Documents/Components,9326,270,app source,first-party,yes,,indirect,dcbf747dcda17911ddb17851762ce5d6a1126a66b93dee8266cbc8785fee31c2
OpenIntelligence/Features/Documents/Components/DocumentCard.swift,.swift,OpenIntelligence/Features/Documents/Components,8345,245,app source,first-party,yes,,indirect,f7d596138d14b83d737f4e0b1070c83d67a267cae81a21621f7e0de839c52b8f
OpenIntelligence/Features/Documents/Components/DocumentPicker.swift,.swift,OpenIntelligence/Features/Documents/Components,5108,137,app source,first-party,yes,,indirect,9eff6ee5f61284076ef4372d6fc9085719da6c6ebb8dd49e53cf6d134171d47e
OpenIntelligence/Features/Documents/Components/DocumentQuotaBanner.swift,.swift,OpenIntelligence/Features/Documents/Components,4533,123,app source,first-party,yes,,direct,14b023fe6dc5e7513c5d8777ffbf41870cb6df41670c6b03797800938dc2b14c
OpenIntelligence/Features/Documents/Components/DocumentRow.swift,.swift,OpenIntelligence/Features/Documents/Components,2948,111,app source,first-party,yes,,indirect,c2b7da9ff15eb3ce0ae27d52401e890ea71c4784808fc06eee3f3880e8f2cddc
OpenIntelligence/Features/Documents/Components/EmptyDocumentsView.swift,.swift,OpenIntelligence/Features/Documents/Components,7621,202,app source,first-party,yes,,indirect,6e5a4c461da8edd1a9828396ffa647dd9dfb2298c23465e1bbc49510d01cc8fa
OpenIntelligence/Features/Documents/Components/ProcessingSummaryView.swift,.swift,OpenIntelligence/Features/Documents/Components,7705,193,app source,first-party,yes,,indirect,a15329ea2904bec4aea4cf3c397cc7c41ef9d2f51a7020f8b45ee15623854b2a
OpenIntelligence/Features/Documents/Components/StatsFooter.swift,.swift,OpenIntelligence/Features/Documents/Components,2385,78,app source,first-party,yes,,indirect,fec4ceba0ffa6475dc9252adafe6ab4567ad3c6067bc93cef2e8a16f5b03f974
OpenIntelligence/Features/Documents/Details/DocumentDetailsView.swift,.swift,OpenIntelligence/Features/Documents/Details,31746,923,app source,first-party,yes,,indirect,f05944d7d6291885629996ad6968e6b39f65cbbc23803b1d1979edef70d214a5
OpenIntelligence/Features/Documents/Library/CachedDocsView.swift,.swift,OpenIntelligence/Features/Documents/Library,12661,382,app source,first-party,yes,,indirect,3ed4e2471141aea95b1008578feba53c5c629f74e669af33da00b16d2625ba51
OpenIntelligence/Features/Documents/Library/DocumentLibraryView.swift,.swift,OpenIntelligence/Features/Documents/Library,67176,1724,app source,first-party,yes,,indirect,f62291bc7d61671b331fe645e96e349da341cbd3307cf02f6620142449a33084
OpenIntelligence/Features/Documents/Library/SampleDocumentManager.swift,.swift,OpenIntelligence/Features/Documents/Library,11708,307,app source,first-party,yes,,indirect,57e746e72b4af90159148c79fdcad2a0373cabda54aa10a64a6a76f3f5f34027
OpenIntelligence/Features/Documents/Search/SemanticSearchView.swift,.swift,OpenIntelligence/Features/Documents/Search,11459,328,app source,first-party,yes,,indirect,733035e6a5b24c12b7999fddad65662c7f06e710f5bcc83b751d697f56e325ad
OpenIntelligence/Features/Documents/Settings/ColorPicker.swift,.swift,OpenIntelligence/Features/Documents/Settings,18707,551,app source,first-party,yes,,indirect,77dfab877a07892b5def0217a14607ee77380499f45966763569654b1e4bc626
OpenIntelligence/Features/Documents/Settings/ContainerSettingsSheet+Sections.swift,.swift,OpenIntelligence/Features/Documents/Settings,65960,1630,app source,first-party,yes,,indirect,dcb2a70735dbbaddc909ea4e7db1d7fd191579297e51c3863b05ff15a402a8e7
OpenIntelligence/Features/Documents/Settings/ContainerSettingsSheet.swift,.swift,OpenIntelligence/Features/Documents/Settings,52035,1352,app source,first-party,yes,,indirect,6cbb2233b014de690c11a3cb6ba86bbae0a61a92b8118a3a9edcb941c752dcae
OpenIntelligence/Features/Documents/Settings/SFSymbolPicker.swift,.swift,OpenIntelligence/Features/Documents/Settings,16346,406,app source,first-party,yes,,indirect,fd91635d0efb4bb1109f93c8f71659855099ec927ea04c468d1b067d40ad2e47
OpenIntelligence/Features/Onboarding/OnboardingChecklistLauncher.swift,.swift,OpenIntelligence/Features/Onboarding,2729,74,app source,first-party,yes,,indirect,79c85e04deda89a2370fbb26c5038028891c84cca2b76358b847f808ffdc9ed7
OpenIntelligence/Features/Onboarding/OnboardingChecklistView.swift,.swift,OpenIntelligence/Features/Onboarding,41716,969,app source,first-party,yes,,indirect,96795da11dad275e9f3855e7fb68b172e10664f32928b382046f41d4fae71117
OpenIntelligence/Features/Onboarding/OnboardingStateStore.swift,.swift,OpenIntelligence/Features/Onboarding,5033,129,app source,first-party,yes,,indirect,d2b2ad42fed197b228f7447e983aa3855dc7b8dd52ae4682f87d44734c29d57d
OpenIntelligence/Features/Settings/AboutView.swift,.swift,OpenIntelligence/Features/Settings,13648,289,app source,first-party,yes,,indirect,1a4a532f20050060543fc882867c3db2f44e7a789fd671ffda56a0fe57639baf
OpenIntelligence/Features/Settings/Components/FeatureRow.swift,.swift,OpenIntelligence/Features/Settings/Components,805,33,app source,first-party,yes,,indirect,b299a6c7aed36628230e59007bee24d45d93641c28866fd3e6cc9e1445be16d9
OpenIntelligence/Features/Settings/Components/InfoRow.swift,.swift,OpenIntelligence/Features/Settings/Components,814,33,app source,first-party,yes,,indirect,73c0107a3a12b3fe44a895d4cb7066223cb2c9450a6f8b03adee74cfb496cb36
OpenIntelligence/Features/Settings/Components/ModelConfigurationSheet.swift,.swift,OpenIntelligence/Features/Settings/Components,20397,614,app source,first-party,yes,,direct,5c6b38ff5e97f8b972d5b8c5993b65ce93e1c19644c57c68b76f678936e29ca5
OpenIntelligence/Features/Settings/Components/ModelInfoCard.swift,.swift,OpenIntelligence/Features/Settings/Components,5656,173,app source,first-party,yes,,direct,887a38f82b910ac6d4b95e48c809a90991ae1dae544c78f0fc48c9cba6261a96
OpenIntelligence/Features/Settings/Components/ModelPipelineRow.swift,.swift,OpenIntelligence/Features/Settings/Components,2710,90,app source,first-party,yes,,direct,60979fab84415ce4ef4cd6f680e9fce8ad92d66dad95412b56d1c47fa91ece68
OpenIntelligence/Features/Settings/Components/ModelPipelineStage.swift,.swift,OpenIntelligence/Features/Settings/Components,1654,74,app source,first-party,yes,,direct,87ca625a91871ce4433378cba78fd1ffe64a9b04ca1db80271f9db71eb3f8684
OpenIntelligence/Features/Settings/Components/ModelSelectorSheet.swift,.swift,OpenIntelligence/Features/Settings/Components,9612,226,app source,first-party,yes,,direct,d3ec8203323eae63cb11da478b7de3a739ade95362647591d4e73c484d227b14
OpenIntelligence/Features/Settings/SettingsView.swift,.swift,OpenIntelligence/Features/Settings,107119,2571,app source,first-party,yes,,indirect,37e6d48d05477857e3ce58f9acd53c5c7c75145faa9dcf272f44c68bf8ff50c0
OpenIntelligence/Features/Telemetry/Dashboard/LiveTelemetryStatsView.swift,.swift,OpenIntelligence/Features/Telemetry/Dashboard,12427,362,app source,first-party,yes,,indirect,82b736972ae254c78b53a738bce3cacf55b4a934f787979f94530d7a74f67d07
OpenIntelligence/Features/Telemetry/Dashboard/MotherboardHUDView.swift,.swift,OpenIntelligence/Features/Telemetry/Dashboard,31096,774,app source,first-party,yes,,indirect,548e69e89a4dbd92329ffbab1047b2e51b1a9b423f4c22f432e904556666c807
OpenIntelligence/Features/Telemetry/Dashboard/TelemetryDashboardView.swift,.swift,OpenIntelligence/Features/Telemetry/Dashboard,8141,250,app source,first-party,yes,,indirect,0af255e53861628958aa37c80712385027e0e9399d3d1e403ffce373c5ee893e
OpenIntelligence/Features/Telemetry/Diagnostics/NLChunkingDiagnosticsView.swift,.swift,OpenIntelligence/Features/Telemetry/Diagnostics,8361,184,app source,first-party,yes,,indirect,fb3d8e956ccb7b5e8b948342da379528e786e0d17b6f3f00bed86df91ee05248
OpenIntelligence/Features/Telemetry/Visualizations/AdaptiveVisualizationsView.swift,.swift,OpenIntelligence/Features/Telemetry/Visualizations,152994,3966,app source,first-party,yes,,indirect,6296deffd45b3306d2a74cce357e52207fe564097394bb13bc11a1587b566c7c
OpenIntelligence/Features/Telemetry/Visualizations/Embedding3DView.swift,.swift,OpenIntelligence/Features/Telemetry/Visualizations,193066,4871,app source,first-party,yes,,indirect,c46abc181994f7735f80f75ff6963d34480875f05a76b50c7bb52df79e572d90
OpenIntelligence/Features/Telemetry/Visualizations/VisualizationsView.swift,.swift,OpenIntelligence/Features/Telemetry/Visualizations,127677,3665,app source,first-party,yes,,indirect,53c06770ce44a8995864ae69bbfe984971f619f730bffc332de57fc80a6cce1e
OpenIntelligence/OpenIntelligence.entitlements,.entitlements,OpenIntelligence,670,22,other,asset,no,Excluded as asset file,none,00be39991a2fb71d6a63ec5ad5286ae2442c385fa88ab4dde33dcd3bc9253ce1
OpenIntelligence/Resources/Assets/Assets.xcassets/AccentColor.colorset/Contents.json,.json,OpenIntelligence/Resources/Assets/Assets.xcassets/AccentColor.colorset,329,20,other,first-party,yes,,none,1c86da25164fbf355100729749c76728af318ac7182713c79a8a9e3d6ca599f0
OpenIntelligence/Resources/Assets/Assets.xcassets/AppIcon.appiconset/AppIcon-1024.png,.png,OpenIntelligence/Resources/Assets/Assets.xcassets/AppIcon.appiconset,933221,0,assets,asset,no,Excluded as asset file,none,4ade42cbc43fede3b9b23e2f74fa637ea30d7ab59ffa10779bbd6cac663ee4f8
OpenIntelligence/Resources/Assets/Assets.xcassets/AppIcon.appiconset/AppIcon-ipad-app-76@1x.png,.png,OpenIntelligence/Resources/Assets/Assets.xcassets/AppIcon.appiconset,4182,0,assets,asset,no,Excluded as asset file,none,42743d6d67a5e4d6601c94cbd3b76dc2ccc9dc7d706b733a0887d2a386c292ef
OpenIntelligence/Resources/Assets/Assets.xcassets/AppIcon.appiconset/AppIcon-ipad-app-76@2x.png,.png,OpenIntelligence/Resources/Assets/Assets.xcassets/AppIcon.appiconset,15644,0,assets,asset,no,Excluded as asset file,none,a6570e4fe5e943c6d3e1419d2d3b4b9f1e180afdad057b60d557959b9f9472ff
OpenIntelligence/Resources/Assets/Assets.xcassets/AppIcon.appiconset/AppIcon-ipad-notification-20@1x.png,.png,OpenIntelligence/Resources/Assets/Assets.xcassets/AppIcon.appiconset,610,0,assets,asset,no,Excluded as asset file,none,fc701809e25af1de1194adbdc575564957c66beff7b172cdb14f3f13dada42c2
OpenIntelligence/Resources/Assets/Assets.xcassets/AppIcon.appiconset/AppIcon-ipad-notification-20@2x.png,.png,OpenIntelligence/Resources/Assets/Assets.xcassets/AppIcon.appiconset,1473,0,assets,asset,no,Excluded as asset file,none,358a24a93a318208d5594ddd742a102b4f8899fecb087a6b4f0c6cbd07b487f8
OpenIntelligence/Resources/Assets/Assets.xcassets/AppIcon.appiconset/AppIcon-ipad-pro-app-83.5@2x.png,.png,OpenIntelligence/Resources/Assets/Assets.xcassets/AppIcon.appiconset,19166,0,assets,asset,no,Excluded as asset file,none,dad6859b62de9bf4b9165ea5cc49cbc3e387a0c511803e01369d6fa685de04be
OpenIntelligence/Resources/Assets/Assets.xcassets/AppIcon.appiconset/AppIcon-ipad-settings-29@1x.png,.png,OpenIntelligence/Resources/Assets/Assets.xcassets/AppIcon.appiconset,993,0,assets,asset,no,Excluded as asset file,none,698a7b59d3cfdaea846e7274e06cffe51546f31ab79cb2e1dbef1b2ef9f0990d
OpenIntelligence/Resources/Assets/Assets.xcassets/AppIcon.appiconset/AppIcon-ipad-settings-29@2x.png,.png,OpenIntelligence/Resources/Assets/Assets.xcassets/AppIcon.appiconset,2674,0,assets,asset,no,Excluded as asset file,none,a7decb4135c1b2207b0d6713a80b6c8e7a59cec99ce6c89ea5df39b1c54cd70b
OpenIntelligence/Resources/Assets/Assets.xcassets/AppIcon.appiconset/AppIcon-ipad-spotlight-40@1x.png,.png,OpenIntelligence/Resources/Assets/Assets.xcassets/AppIcon.appiconset,1473,0,assets,asset,no,Excluded as asset file,none,358a24a93a318208d5594ddd742a102b4f8899fecb087a6b4f0c6cbd07b487f8
OpenIntelligence/Resources/Assets/Assets.xcassets/AppIcon.appiconset/AppIcon-ipad-spotlight-40@2x.png,.png,OpenIntelligence/Resources/Assets/Assets.xcassets/AppIcon.appiconset,4513,0,assets,asset,no,Excluded as asset file,none,6d29244c82ceacf6b511ec94fff9e5fbc4d8267491fcc7d7437be3f03d84949c
OpenIntelligence/Resources/Assets/Assets.xcassets/AppIcon.appiconset/AppIcon-iphone-app-60@2x.png,.png,OpenIntelligence/Resources/Assets/Assets.xcassets/AppIcon.appiconset,9544,0,assets,asset,no,Excluded as asset file,none,b21376c2650c119ace410df0641322959fc0486fdcb396e61bfac50b38d5bcbd
OpenIntelligence/Resources/Assets/Assets.xcassets/AppIcon.appiconset/AppIcon-iphone-app-60@3x.png,.png,OpenIntelligence/Resources/Assets/Assets.xcassets/AppIcon.appiconset,22118,0,assets,asset,no,Excluded as asset file,none,6068d8f15e790a2abcd215665fedb0c8a340295388889999d90585baf8465919
OpenIntelligence/Resources/Assets/Assets.xcassets/AppIcon.appiconset/AppIcon-iphone-notification-20@2x.png,.png,OpenIntelligence/Resources/Assets/Assets.xcassets/AppIcon.appiconset,1473,0,assets,asset,no,Excluded as asset file,none,358a24a93a318208d5594ddd742a102b4f8899fecb087a6b4f0c6cbd07b487f8
OpenIntelligence/Resources/Assets/Assets.xcassets/AppIcon.appiconset/AppIcon-iphone-notification-20@3x.png,.png,OpenIntelligence/Resources/Assets/Assets.xcassets/AppIcon.appiconset,2781,0,assets,asset,no,Excluded as asset file,none,9ca7318b9a019e2fd1268a95c89525e0494e6e02c9a44765633fcf12ef980415
OpenIntelligence/Resources/Assets/Assets.xcassets/AppIcon.appiconset/AppIcon-iphone-settings-29@2x.png,.png,OpenIntelligence/Resources/Assets/Assets.xcassets/AppIcon.appiconset,2674,0,assets,asset,no,Excluded as asset file,none,a7decb4135c1b2207b0d6713a80b6c8e7a59cec99ce6c89ea5df39b1c54cd70b
OpenIntelligence/Resources/Assets/Assets.xcassets/AppIcon.appiconset/AppIcon-iphone-settings-29@3x.png,.png,OpenIntelligence/Resources/Assets/Assets.xcassets/AppIcon.appiconset,5333,0,assets,asset,no,Excluded as asset file,none,d93ab81735aaf42634739b30d47caa70f2b8d3cb58e6373d15610ba2b8876242
OpenIntelligence/Resources/Assets/Assets.xcassets/AppIcon.appiconset/AppIcon-iphone-spotlight-40@2x.png,.png,OpenIntelligence/Resources/Assets/Assets.xcassets/AppIcon.appiconset,4513,0,assets,asset,no,Excluded as asset file,none,6d29244c82ceacf6b511ec94fff9e5fbc4d8267491fcc7d7437be3f03d84949c
OpenIntelligence/Resources/Assets/Assets.xcassets/AppIcon.appiconset/AppIcon-iphone-spotlight-40@3x.png,.png,OpenIntelligence/Resources/Assets/Assets.xcassets/AppIcon.appiconset,9544,0,assets,asset,no,Excluded as asset file,none,b21376c2650c119ace410df0641322959fc0486fdcb396e61bfac50b38d5bcbd
OpenIntelligence/Resources/Assets/Assets.xcassets/AppIcon.appiconset/AppIcon-mac-128@1x.png,.png,OpenIntelligence/Resources/Assets/Assets.xcassets/AppIcon.appiconset,11067,0,assets,asset,no,Excluded as asset file,none,108ca8c9c57ee3931b350aa3d8de07e8a4af8b945b720d9b038744789111b105
OpenIntelligence/Resources/Assets/Assets.xcassets/AppIcon.appiconset/AppIcon-mac-128@2x.png,.png,OpenIntelligence/Resources/Assets/Assets.xcassets/AppIcon.appiconset,46706,0,assets,asset,no,Excluded as asset file,none,dcf46fe65c9994e418cde1503883ac014fe3890a44c3d2fe1dd2f84bce4fdd55
OpenIntelligence/Resources/Assets/Assets.xcassets/AppIcon.appiconset/AppIcon-mac-16@1x.png,.png,OpenIntelligence/Resources/Assets/Assets.xcassets/AppIcon.appiconset,510,0,assets,asset,no,Excluded as asset file,none,654c274331e8e019da4d2df83a4f142db7673895f753ffba5412f67b446b19a7
OpenIntelligence/Resources/Assets/Assets.xcassets/AppIcon.appiconset/AppIcon-mac-16@2x.png,.png,OpenIntelligence/Resources/Assets/Assets.xcassets/AppIcon.appiconset,1116,0,assets,asset,no,Excluded as asset file,none,a1d1781a33e3c390cc10051b1c549822115972f5cb11a652e0312d056d9b7abe
OpenIntelligence/Resources/Assets/Assets.xcassets/AppIcon.appiconset/AppIcon-mac-256@1x.png,.png,OpenIntelligence/Resources/Assets/Assets.xcassets/AppIcon.appiconset,46706,0,assets,asset,no,Excluded as asset file,none,dcf46fe65c9994e418cde1503883ac014fe3890a44c3d2fe1dd2f84bce4fdd55
OpenIntelligence/Resources/Assets/Assets.xcassets/AppIcon.appiconset/AppIcon-mac-256@2x.png,.png,OpenIntelligence/Resources/Assets/Assets.xcassets/AppIcon.appiconset,208748,0,assets,asset,no,Excluded as asset file,none,b4feade610e61e61474bdd58dd93f0604fd9d1eb47aef31847d21caeca568ce7
OpenIntelligence/Resources/Assets/Assets.xcassets/AppIcon.appiconset/AppIcon-mac-32@1x.png,.png,OpenIntelligence/Resources/Assets/Assets.xcassets/AppIcon.appiconset,1116,0,assets,asset,no,Excluded as asset file,none,a1d1781a33e3c390cc10051b1c549822115972f5cb11a652e0312d056d9b7abe
OpenIntelligence/Resources/Assets/Assets.xcassets/AppIcon.appiconset/AppIcon-mac-32@2x.png,.png,OpenIntelligence/Resources/Assets/Assets.xcassets/AppIcon.appiconset,3112,0,assets,asset,no,Excluded as asset file,none,4435a88f70e5833928127d3903b4103125f4cc09ae6ae556f88cd7d27853bff0
OpenIntelligence/Resources/Assets/Assets.xcassets/AppIcon.appiconset/AppIcon-mac-512@1x.png,.png,OpenIntelligence/Resources/Assets/Assets.xcassets/AppIcon.appiconset,208748,0,assets,asset,no,Excluded as asset file,none,b4feade610e61e61474bdd58dd93f0604fd9d1eb47aef31847d21caeca568ce7
OpenIntelligence/Resources/Assets/Assets.xcassets/AppIcon.appiconset/AppIcon-mac-512@2x.png,.png,OpenIntelligence/Resources/Assets/Assets.xcassets/AppIcon.appiconset,933221,0,assets,asset,no,Excluded as asset file,none,4ade42cbc43fede3b9b23e2f74fa637ea30d7ab59ffa10779bbd6cac663ee4f8
OpenIntelligence/Resources/Assets/Assets.xcassets/AppIcon.appiconset/Contents.json,.json,OpenIntelligence/Resources/Assets/Assets.xcassets/AppIcon.appiconset,3716,176,other,first-party,yes,,none,ae7df61a0b5e3a9451ff9e8a5fc7906570bbd0e130cfd253259a9974cb740238
OpenIntelligence/Resources/Assets/Assets.xcassets/Contents.json,.json,OpenIntelligence/Resources/Assets/Assets.xcassets,63,6,other,first-party,yes,,none,991ae939fbd598450a066b66404e06c5ae9b7d37e9aa0026de9e318443ba46fb
OpenIntelligence/Resources/Assets/Assets.xcassets/LogicBoard_A18Pro.imageset/Contents.json,.json,OpenIntelligence/Resources/Assets/Assets.xcassets/LogicBoard_A18Pro.imageset,352,22,other,first-party,yes,,none,0ae3056507f51c64c1f1fbe4cfc0b022d0b278ba412c1f3d8c1ddef27bd5be06
OpenIntelligence/Resources/Assets/Assets.xcassets/LogicBoard_A18Pro.imageset/LogicBoard_A18Pro.jpeg,.jpeg,OpenIntelligence/Resources/Assets/Assets.xcassets/LogicBoard_A18Pro.imageset,156028,0,assets,asset,no,Excluded as asset file,none,fee72d3c75b4795093a031aa0e352ec8b0b607b8b18706a6847dc71944d8fd3b
OpenIntelligence/Resources/Assets/Assets.xcassets/LogicBoard_A18Pro.imageset/LogicBoard_A18Pro@2x.jpeg,.jpeg,OpenIntelligence/Resources/Assets/Assets.xcassets/LogicBoard_A18Pro.imageset,169129,0,assets,asset,no,Excluded as asset file,none,2362d082443c964db9898e5452af28560df0d3c0999fc96cdbde94c26f2ea743
OpenIntelligence/Resources/MLModels/EmbeddingModel.mlpackage/Data/com.apple.CoreML/FeatureDescriptions.json,.json,OpenIntelligence/Resources/MLModels/EmbeddingModel.mlpackage/Data/com.apple.CoreML,453,27,other,first-party,yes,,direct,6d740aebeafccfc94f4221e262797fc3bd762a3e444a624f63b1fbbe1d68ddae
OpenIntelligence/Resources/MLModels/EmbeddingModel.mlpackage/Data/com.apple.CoreML/Metadata.json,.json,OpenIntelligence/Resources/MLModels/EmbeddingModel.mlpackage/Data/com.apple.CoreML,401,11,other,first-party,yes,,direct,341934f69b534df19bd21a86010b7b4b7ea99392bc8aeab05ce4891284e2844c
OpenIntelligence/Resources/MLModels/EmbeddingModel.mlpackage/Data/com.apple.CoreML/model.mlmodel,.mlmodel,OpenIntelligence/Resources/MLModels/EmbeddingModel.mlpackage/Data/com.apple.CoreML,70981,0,assets,asset,no,Excluded as asset file,none,bde3f6fd8f4d5ed32595e129c055c0adb2d2d8e79bfa6fbb7f490ec30317efc5
OpenIntelligence/Resources/MLModels/EmbeddingModel.mlpackage/Data/com.apple.CoreML/weights/weight.bin,.bin,OpenIntelligence/Resources/MLModels/EmbeddingModel.mlpackage/Data/com.apple.CoreML/weights,45433088,0,other,asset,no,Excluded as asset file,none,e49dd6923b24be4c6c61bd5a1b89cddb846484271081199734c93d1c9f9d3009
OpenIntelligence/Resources/MLModels/EmbeddingModel.mlpackage/Manifest.json,.json,OpenIntelligence/Resources/MLModels/EmbeddingModel.mlpackage,1147,30,other,first-party,yes,,direct,1e70ad5361843419b68ff991975c4fb392a5baa50b2eb8e8fbeb8f73119d1c0e
OpenIntelligence/Resources/MLModels/ReRankerModel.mlpackage/Data/com.apple.CoreML/model.mlmodel,.mlmodel,OpenIntelligence/Resources/MLModels/ReRankerModel.mlpackage/Data/com.apple.CoreML,29912,0,assets,asset,no,Excluded as asset file,none,0a5007311322ca0aa49393a32011575e2e62395dae8ce2c0cea0b3e85fa757a4
OpenIntelligence/Resources/MLModels/ReRankerModel.mlpackage/Data/com.apple.CoreML/weights/weight.bin,.bin,OpenIntelligence/Resources/MLModels/ReRankerModel.mlpackage/Data/com.apple.CoreML/weights,8774720,0,other,asset,no,Excluded as asset file,none,95b8deecc896cfac917a3d886aa143b97128b97a39891d4b870030102cea46c5
OpenIntelligence/Resources/MLModels/ReRankerModel.mlpackage/Manifest.json,.json,OpenIntelligence/Resources/MLModels/ReRankerModel.mlpackage,617,18,other,first-party,yes,,direct,4a28cee06db168f73e408fa8934b06d8320cf408f2e7266e07da794fbe0f6a44
OpenIntelligence/Resources/MLModels/embedding_vocab.json,.json,OpenIntelligence/Resources/MLModels,525622,1,other,first-party,yes,,direct,c0ce9b1d236e8b3f158cec0dda1c6c4d3347e8af1555ea5958736c8cf940b839
OpenIntelligence/Resources/MLModels/reranker_vocab.json,.json,OpenIntelligence/Resources/MLModels,525622,1,other,first-party,yes,,direct,6055adb468d3023cf5f33abb7db9b42f45be172bb930e5390439a30164587dd2
OpenIntelligence/Resources/PrivacyInfo.xcprivacy,.xcprivacy,OpenIntelligence/Resources,1389,42,other,asset,no,Excluded as asset file,none,1ac6af02a1e2e993c6a0c8ec728b08bd393e3442425b104d2df33a5e52fb1be1
OpenIntelligence/Resources/StoreKit/StoreKitConfiguration.storekit,.storekit,OpenIntelligence/Resources/StoreKit,4377,173,other,asset,no,Excluded as asset file,none,d828a02c4973fcc2428e87b986d670ed76958509b123f8674884f3e3496eb66c
OpenIntelligence/Resources/StoreKit/StoreKitTestHarness.swift,.swift,OpenIntelligence/Resources/StoreKit,445,12,app source,first-party,yes,,direct,0d6a45cc092c40435e9b93630fd6944a3bad798ef220ca51b506180cdccdd303
OpenIntelligence/SDK/OpenIntelligenceEngine.swift,.swift,OpenIntelligence/SDK,31992,909,app source,first-party,yes,,indirect,1a925371b9da790dd250867a984ab35888fd2bc5d17a49407cbff05b816e7481
OpenIntelligence/Services/.gitignore,,OpenIntelligence/Services,1525,96,other,asset,no,Excluded as asset file,none,e940f5594e37e3ef2ef523da57a35fd1285aa3e25899215f48f7fd6c30730013
OpenIntelligence/Services/AIPlatform/AppleFoundationModels/FoundationModelDynamicProfileRegistry.swift,.swift,OpenIntelligence/Services/AIPlatform/AppleFoundationModels,2233,63,app source,first-party,yes,,direct,8e4ae964b1f48cdcc07a7085fd9e7445d686769093c7da7cc49cb4b9529ef1fa
OpenIntelligence/Services/AIPlatform/AppleFoundationModels/FoundationModelErrorMapper.swift,.swift,OpenIntelligence/Services/AIPlatform/AppleFoundationModels,6514,119,app source,first-party,yes,,direct,756e1a8b4e90b0e2a4eaa3a468afe20c60f06a5bdf6baf7ababba27c53cace66
OpenIntelligence/Services/AIPlatform/AppleFoundationModels/FoundationModelPromptCompiler.swift,.swift,OpenIntelligence/Services/AIPlatform/AppleFoundationModels,6402,146,app source,first-party,yes,,direct,3535dfd36e1049945150a90d4a1515442c0a937344606bedd58b6aac220c0416
OpenIntelligence/Services/AIPlatform/AppleFoundationModels/FoundationModelRoute.swift,.swift,OpenIntelligence/Services/AIPlatform/AppleFoundationModels,525,27,app source,first-party,yes,,direct,2023e871f9d395b38d49846ea851eddbb809e52e96015da117b1ff5bb19c398d
OpenIntelligence/Services/AIPlatform/AppleFoundationModels/FoundationModelRoutePolicy.swift,.swift,OpenIntelligence/Services/AIPlatform/AppleFoundationModels,3321,103,app source,first-party,yes,,direct,0ee78a8b11e43290d1a23946f3d6738d7f77e1a6f954f15b6e7caf15d96097e4
OpenIntelligence/Services/AIPlatform/AppleFoundationModels/FoundationModelSessionFactory.swift,.swift,OpenIntelligence/Services/AIPlatform/AppleFoundationModels,5195,114,app source,first-party,yes,,direct,5f45b494e825e41b0de28e7d02b2d98a93f3848b4063da58b9a4aa0b82a484f0
OpenIntelligence/Services/AIPlatform/AppleFoundationModels/FoundationModelStructuredGenerator.swift,.swift,OpenIntelligence/Services/AIPlatform/AppleFoundationModels,8402,203,app source,first-party,yes,,direct,d90f2a49170c4a4894e24468b7d86e0775993e8610e9a36873cf2c289ec7c39c
OpenIntelligence/Services/AIPlatform/AppleFoundationModels/FoundationModelTokenBudget.swift,.swift,OpenIntelligence/Services/AIPlatform/AppleFoundationModels,4259,102,app source,first-party,yes,,direct,d027105bd6062bb26110bcc824ed57fdcc8e77e7914a67013cfb981d5395e834
OpenIntelligence/Services/AIPlatform/AppleFoundationModels/FoundationModelToolRegistry.swift,.swift,OpenIntelligence/Services/AIPlatform/AppleFoundationModels,14959,449,app source,first-party,yes,,direct,202806cfb3586371f680dd4a735e9699df24407c5a1bb3350eebf25fb212a8ee
OpenIntelligence/Services/AIPlatform/AppleFoundationModels/FoundationModelTranscriptStore.swift,.swift,OpenIntelligence/Services/AIPlatform/AppleFoundationModels,3342,77,app source,first-party,yes,,direct,b31bf34032d93b944ba81450b19e0e537157cd0e7572db9d66d7c5de1a38fd49
OpenIntelligence/Services/AIPlatform/CoreAI/CoreAIEmbeddingBackend.swift,.swift,OpenIntelligence/Services/AIPlatform/CoreAI,450,19,app source,first-party,yes,,indirect,8c031d5a1b0d44a1b4d14f8a58744eccf8d05f0f2d6f6ff97b1fb451464b1874
OpenIntelligence/Services/AIPlatform/CoreAI/CoreAIExecutionBackend.swift,.swift,OpenIntelligence/Services/AIPlatform/CoreAI,631,23,app source,first-party,yes,,indirect,c336f6588145f94ed5f2f03407e59f8d53acfab5cd9cb3ce48bd0edeede6a03b
OpenIntelligence/Services/AIPlatform/CoreAI/CoreAIModelRegistry.swift,.swift,OpenIntelligence/Services/AIPlatform/CoreAI,839,36,app source,first-party,yes,,direct,0fd86fd7928fc18031ed72a62110ef3baf9c3eb0398fb91a1f73cca30b98c7a2
OpenIntelligence/Services/Agentic/AgenticOrchestrator.swift,.swift,OpenIntelligence/Services/Agentic,329634,6973,app source,first-party,yes,,indirect,f2f112036f862fdc4b1d36be82de5168c3d04f63208d017fea18e540cef1e7de
OpenIntelligence/Services/Agentic/ConversationMemoryService.swift,.swift,OpenIntelligence/Services/Agentic,28611,727,app source,first-party,yes,,indirect,755f47ed1096ea84b5df16acddee98891b51c78f8d7ad3c32aaf59260367c60e
OpenIntelligence/Services/Agentic/Entities/OIDocumentEntity.swift,.swift,OpenIntelligence/Services/Agentic/Entities,618,27,app source,first-party,yes,,indirect,e1946d70e54721de2a8cd1c0c364fb534ca0b5a36cc67ad3a395186b8193212d
OpenIntelligence/Services/Agentic/Entities/OIEntityQueries.swift,.swift,OpenIntelligence/Services/Agentic/Entities,2687,75,app source,first-party,yes,,indirect,6907e9bfe062a3766c24cb89d2269034cd60678c530a0323b3d03581ef9da490
OpenIntelligence/Services/Agentic/Entities/OILibraryEntity.swift,.swift,OpenIntelligence/Services/Agentic/Entities,615,27,app source,first-party,yes,,indirect,ce9cb4be2f4a2d77b70fdefa257eac131a6ad4494f10c1171af2cbc3893126db
OpenIntelligence/Services/Agentic/RAGAppIntents.swift,.swift,OpenIntelligence/Services/Agentic,28159,788,app source,first-party,yes,,direct,12d03a925af3fcb2ceb61bc162a36e5f416833795c14f5262b3ebd6194370973
OpenIntelligence/Services/Agentic/ResponseTransformService.swift,.swift,OpenIntelligence/Services/Agentic,13082,313,app source,first-party,yes,,indirect,30aa7fccb5e9d67965ed36dbdab7baf39f930741b21f8bfa68cbff43a0eaccf4
OpenIntelligence/Services/Agentic/ScreenAwarenessIntents.swift,.swift,OpenIntelligence/Services/Agentic,3581,115,app source,first-party,yes,,direct,52365496d958d2204a709bbb23d773847825290d365849eff9c3c1c5dce5ec74
OpenIntelligence/Services/Agentic/ToolCallCounter.swift,.swift,OpenIntelligence/Services/Agentic,751,28,app source,first-party,yes,,indirect,661be4d4f2f473387609266c4d973ef5f785274b056193e12172d4df835bcda0
OpenIntelligence/Services/Agentic/VisualIntelligenceIntents.swift,.swift,OpenIntelligence/Services/Agentic,9468,276,app source,first-party,yes,,direct,98d4d46a847054007f15a80ddc626cc78db07585bbbb3aa5b2ccfa4711842d78
OpenIntelligence/Services/Agentic/WritingToolsService.swift,.swift,OpenIntelligence/Services/Agentic,12829,349,app source,first-party,yes,,indirect,39d721e09bb5dae87296c0156a856ecb737cd33f01ae2c4bb31a62773712813d
OpenIntelligence/Services/Billing/BillingError.swift,.swift,OpenIntelligence/Services/Billing,6810,164,app source,first-party,yes,,direct,2d33b3aafea966174f3e91f4a4cc3d5825b09416a067d5749370b9c79f5575ef
OpenIntelligence/Services/Billing/BillingEvent.swift,.swift,OpenIntelligence/Services/Billing,575,13,app source,first-party,yes,,direct,5e71ea73f12be52de89693f1b102fc543f3b431946d250d5b89a9dc7770d5175
OpenIntelligence/Services/Billing/BillingProduct.swift,.swift,OpenIntelligence/Services/Billing,1536,54,app source,first-party,yes,,direct,e1ebe4f748c63bbcbb9e6d6e965cb7e90b3b28a6955179ec8f0ef6bf4c6e0a02
OpenIntelligence/Services/Billing/BillingService.swift,.swift,OpenIntelligence/Services/Billing,595,17,app source,first-party,yes,,direct,c82f0e7edfb180a5790d8d4a2e4724c580415d29ef98201c0173bb19b4c9e6dc
OpenIntelligence/Services/Billing/EntitlementStore.swift,.swift,OpenIntelligence/Services/Billing,23191,614,app source,first-party,yes,,direct,9d827bba46e55b207d487fd8e64eb18a63c4c688a1e6e72910e6ac238b2e6c15
OpenIntelligence/Services/Billing/MaximumModeQuotaStore.swift,.swift,OpenIntelligence/Services/Billing,2445,70,app source,first-party,yes,,direct,d547ec955274248a7bcdce7ecf9bdfe0ed7769747258b175fd25b6d0d079a385
OpenIntelligence/Services/Billing/MonetizationPolicy.swift,.swift,OpenIntelligence/Services/Billing,1526,58,app source,first-party,yes,,direct,d698229ab16ff5d752b843f1a7eb4a362dfe4be8ee2b216275e78a8e34489c1a
OpenIntelligence/Services/Billing/StoreKitBillingService.swift,.swift,OpenIntelligence/Services/Billing,17957,415,app source,first-party,yes,,direct,312bee5a0354a140979e90d7a6963bed897da1a40775dc0dbea5fdc831bcde29
OpenIntelligence/Services/Document/Analysis/DocumentSummaryService.swift,.swift,OpenIntelligence/Services/Document/Analysis,16293,418,app source,first-party,yes,,indirect,afd233d5182f81ce4c591c93ad16f77f839c90c352fe14f4dcc8dfdfd404f464
OpenIntelligence/Services/Document/Analysis/EntityIndexService.swift,.swift,OpenIntelligence/Services/Document/Analysis,17488,448,app source,first-party,yes,,indirect,edb657673ed225d9bc756829d1174d85ea9fbab9f2092209f45b8c32df5bb6af
OpenIntelligence/Services/Document/Analysis/SpatialDocumentAnalyzer.swift,.swift,OpenIntelligence/Services/Document/Analysis,27923,795,app source,first-party,yes,,indirect,57afaac21359b8c7f36dbc032d119a04cfd8d6b97224bdc624d7cc123693efda
OpenIntelligence/Services/Document/Analysis/SpecificationDetector.swift,.swift,OpenIntelligence/Services/Document/Analysis,11251,272,app source,first-party,yes,,indirect,48295da162e01e9d14b1b0bbcc919cb329d8a95925695db0603994f5b713cffc
OpenIntelligence/Services/Document/Analysis/SpeechAnalyzerService.swift,.swift,OpenIntelligence/Services/Document/Analysis,10503,308,app source,first-party,yes,,indirect,b3003cbc37dbeda0ff2580949c41d737df909830b73b698fc9b821bba5a6c052
OpenIntelligence/Services/Document/Chunking/ContentTaggingService.swift,.swift,OpenIntelligence/Services/Document/Chunking,15582,381,app source,first-party,yes,,indirect,9f22563871f0af29e86ab3a739c4fe6c93515262ca7b22c97bbbf9fba2047bea
OpenIntelligence/Services/Document/Chunking/PageComplexityAnalyzer.swift,.swift,OpenIntelligence/Services/Document/Chunking,58840,1318,app source,first-party,yes,,indirect,6190d6954c146d30a5534019d84b9e549caa9cd8cfe9c776386ef921a7fede4b
OpenIntelligence/Services/Document/Chunking/SemanticChunker.swift,.swift,OpenIntelligence/Services/Document/Chunking,85795,1858,app source,first-party,yes,,indirect,4748b157a237b9af15577b7dbeb57f5bd8fc4f78d4d986aa79f7763a2096e9be
OpenIntelligence/Services/Document/Classification/CoreMLDocumentClassifier.swift,.swift,OpenIntelligence/Services/Document/Classification,18362,446,app source,first-party,yes,,indirect,ae307703b35a8b347aefe6dc0269685f7bd9c84f3ff3d1653eaa7fbfb9bccd2c
OpenIntelligence/Services/Document/Classification/CoreMLRegionDetector.swift,.swift,OpenIntelligence/Services/Document/Classification,23938,602,app source,first-party,yes,,indirect,307ae9f5c1b3442d24d186394366349303a20b0ef39b00370eb34e1fea84908e
OpenIntelligence/Services/Document/Classification/ImageUnderstandingService.swift,.swift,OpenIntelligence/Services/Document/Classification,43766,1105,app source,first-party,yes,,indirect,033910a4126651fc2c25743f021b1db5a11e527e79b3f0d93ae8492f4aedaad9
OpenIntelligence/Services/Document/Classification/YOLODetectionService.swift,.swift,OpenIntelligence/Services/Document/Classification,12953,308,app source,first-party,yes,,indirect,f452dabe8141cb1a4726e82a5aeeac860476476fe65fe32b514c8fdc4904bd24
OpenIntelligence/Services/Document/Config/OCRConfiguration.swift,.swift,OpenIntelligence/Services/Document/Config,62322,1396,app source,first-party,yes,,indirect,35f033935474489fa1ac45dc1d834bff67e822394769ba5aade75e4a68a8818a
OpenIntelligence/Services/Document/Config/VisionOCRThrottle.swift,.swift,OpenIntelligence/Services/Document/Config,12505,308,app source,first-party,yes,,indirect,ab72553da9e7d2613d8d430bd4f2e5a53b9896bb10c089e172836d3511f15072
OpenIntelligence/Services/Document/Extraction/AudioTranscriptionService.swift,.swift,OpenIntelligence/Services/Document/Extraction,15697,431,app source,first-party,yes,,indirect,ef1c9f7a8b8ef5c65cca3a503de84478934f598880980a71267a7763e6060530
OpenIntelligence/Services/Document/Extraction/GazetteerService.swift,.swift,OpenIntelligence/Services/Document/Extraction,10662,285,app source,first-party,yes,,indirect,00f03a37b705c4f906bbf013e3bec541880d262fcda5e20913b061f4d87287f9
OpenIntelligence/Services/Document/Extraction/LanguageDetectionService.swift,.swift,OpenIntelligence/Services/Document/Extraction,8357,243,app source,first-party,yes,,indirect,b8e1b138875dd1663678ed9bfbdd60016bb00824ebc7a8e20efafcb0bb3c7bd0
OpenIntelligence/Services/Document/Extraction/TranslationService.swift,.swift,OpenIntelligence/Services/Document/Extraction,11297,287,app source,first-party,yes,,indirect,9002182872606f492f06fbfbdb981491acbbabd1586aa27d9c1f964fd979a3be
OpenIntelligence/Services/Document/Processing/DocumentProcessor+DocumentIngestionEngine.swift,.swift,OpenIntelligence/Services/Document/Processing,987,34,app source,first-party,yes,,indirect,6e004dab861b63fc0c4022e8c26706dcb083d180c61cc46d711579941c800054
OpenIntelligence/Services/Document/Processing/DocumentProcessor.swift,.swift,OpenIntelligence/Services/Document/Processing,440298,9277,app source,first-party,yes,,indirect,ec90ce19725e3fca8fcaed4485557f0aae84c0bc72c3882706600ef7138395a2
OpenIntelligence/Services/Document/Processing/IntelligentDocumentProcessor.swift,.swift,OpenIntelligence/Services/Document/Processing,41936,1094,app source,first-party,yes,,indirect,6c5905ead3021569ac9dc00ac862fb0c5b4e67ac67746830d4d69db67e390e3b
OpenIntelligence/Services/Document/Processing/LayoutAwareExtractor.swift,.swift,OpenIntelligence/Services/Document/Processing,31657,815,app source,first-party,yes,,indirect,861d90e95cbf5df24134370a319a58db818677d5e9e0b71d0190539b94c0cbd7
OpenIntelligence/Services/Document/Processing/StreamingXMLProcessor.swift,.swift,OpenIntelligence/Services/Document/Processing,32070,779,app source,first-party,yes,,indirect,be1cdd7aa69574a1b48e63341c0a41f0706438450b84c71c869411eb64b63c00
OpenIntelligence/Services/Document/Processing/StructuredDocumentParser.swift,.swift,OpenIntelligence/Services/Document/Processing,78346,1764,app source,first-party,yes,,indirect,0c64a2b9524f3fb1798ea32bd55cb20d892a92ee5e2191e6f579ab1d81b61118
OpenIntelligence/Services/Document/Processing/VisualCaptioningService.swift,.swift,OpenIntelligence/Services/Document/Processing,3643,70,app source,first-party,yes,,indirect,cf514ac4c6cc754ea8051049b937a7891fb39c3c2c33792cf932d8968f1c3d70
OpenIntelligence/Services/Embedding/AdaptiveEmbeddingOptimizer.swift,.swift,OpenIntelligence/Services/Embedding,30708,786,app source,first-party,yes,,indirect,11881bd73e1371d1362961449d4ec1ce8784217abd1fea2fd83daddb0ba4f098
OpenIntelligence/Services/Embedding/EmbeddingService.swift,.swift,OpenIntelligence/Services/Embedding,19962,483,app source,first-party,yes,,indirect,2be0287af8335dfc59cd0c8d265de7570199f86f30819436e4cc084b1c078ff8
OpenIntelligence/Services/Embedding/Providers/AppleFMEmbeddingProvider.swift,.swift,OpenIntelligence/Services/Embedding/Providers,1585,47,app source,first-party,yes,,indirect,3d870b24a58350e43557be3860df74a85068f85ffdeff58ab7b48e60a6f1fdc2
OpenIntelligence/Services/Embedding/Providers/CoreAISentenceEmbeddingProvider.swift,.swift,OpenIntelligence/Services/Embedding/Providers,4828,147,app source,first-party,yes,,indirect,99bb876116fa454b57502b41e384f4daf7395f90f1c863b154c28bc9d4d624ee
OpenIntelligence/Services/Embedding/Providers/CoreMLSentenceEmbeddingProvider.swift,.swift,OpenIntelligence/Services/Embedding/Providers,21389,467,app source,first-party,yes,,indirect,7e08f843c22ccbc57b161721fc62d422c3795623e34788c881e480f976fc248a
OpenIntelligence/Services/Embedding/Providers/EmbeddingProvider.swift,.swift,OpenIntelligence/Services/Embedding/Providers,2032,56,app source,first-party,yes,,indirect,239458bdc19c93af5ea5e719284f902ad93b867b2eea729529428f512ff5343b
OpenIntelligence/Services/Embedding/Providers/NLContextualEmbeddingProvider.swift,.swift,OpenIntelligence/Services/Embedding/Providers,11286,306,app source,first-party,yes,,indirect,26d9814d922c72dcd81d06414acdef90fb4eecc44cb2cef70f47f14eadf289f1
OpenIntelligence/Services/Embedding/Providers/NLEmbeddingProvider.swift,.swift,OpenIntelligence/Services/Embedding/Providers,7773,212,app source,first-party,yes,,indirect,63212c6ae47ab6b26dab387bf8d2e61725c666fb30664b9eba903cb5b43be73c
OpenIntelligence/Services/Evaluation/AppleEvaluationsBridge.swift,.swift,OpenIntelligence/Services/Evaluation,2436,69,app source,first-party,yes,,indirect,d3cf08dfe5676f77e77765d93710debb2ad37b3d7398a42e36d47758f141e48f
OpenIntelligence/Services/Evaluation/RAGEvalCase.swift,.swift,OpenIntelligence/Services/Evaluation,4039,139,app source,first-party,yes,,indirect,8a1bd0451a906c04583e937d2c2fabee1de5deecaaecc8a2ea905038385137ff
OpenIntelligence/Services/Evaluation/RAGEvalDataset.swift,.swift,OpenIntelligence/Services/Evaluation,3937,119,app source,first-party,yes,,indirect,479655d2071bd35f2ee3af2b1f0983d18609542428998d90d485447637d0c08e
OpenIntelligence/Services/Evaluation/RAGEvalMetrics.swift,.swift,OpenIntelligence/Services/Evaluation,7495,197,app source,first-party,yes,,indirect,e44e0e6433d25a259e1ef1c3134dda77e50cfa2ad76348968b8ab7bed683c8e4
OpenIntelligence/Services/Evaluation/RAGEvalReportWriter.swift,.swift,OpenIntelligence/Services/Evaluation,3709,85,app source,first-party,yes,,indirect,0689988432f1cafb9f194c75457706c716c964894befc87c03d64f25ab4baac8
OpenIntelligence/Services/Evaluation/RAGEvalRunner.swift,.swift,OpenIntelligence/Services/Evaluation,7113,169,app source,first-party,yes,,indirect,9e539d7a4b7b64d216a421f938c90f5324ff2b7d3918450531756679b606ee32
OpenIntelligence/Services/Infrastructure/Background/BackgroundTaskService.swift,.swift,OpenIntelligence/Services/Infrastructure/Background,54518,1425,app source,first-party,yes,,indirect,42868541ca4accbdbc1ed57b5dc873fb9bea1abdc477be56138e2093d1d7a757
OpenIntelligence/Services/Infrastructure/Background/IngestionLiveActivityAttributes.swift,.swift,OpenIntelligence/Services/Infrastructure/Background,2528,88,app source,first-party,yes,,indirect,b6e5789268e4510f38acfc5c7da28f34be49041e9f6f0f537cf81a367a1f29e5
OpenIntelligence/Services/Infrastructure/Background/IngestionLiveActivityService.swift,.swift,OpenIntelligence/Services/Infrastructure/Background,14660,387,app source,first-party,yes,,indirect,282a06a145c1659a8ee0b9233fa5d07d5efe282110653ad584407a205182207e
OpenIntelligence/Services/Infrastructure/Background/SpotlightIndexService.swift,.swift,OpenIntelligence/Services/Infrastructure/Background,12778,307,app source,first-party,yes,,indirect,8eec9bfb4430bda4758b52efda4d98768a2601b7429943be126f3755ad9de102
OpenIntelligence/Services/Infrastructure/Background/TranscriptPersistenceService.swift,.swift,OpenIntelligence/Services/Infrastructure/Background,8341,205,app source,first-party,yes,,direct,8679d80fc7bcb5cc939fcb783c4e43d6aea6d503a24727b5ef0a4480fdaedda1
OpenIntelligence/Services/Infrastructure/Compute/BNNSGraphService.swift,.swift,OpenIntelligence/Services/Infrastructure/Compute,12386,329,app source,first-party,yes,,indirect,445c8ff2a637c17751b07d9e04d6f69c922a7f8c5245a1eef1765ecef9b4309c
OpenIntelligence/Services/Infrastructure/Compute/GPUComputeService.swift,.swift,OpenIntelligence/Services/Infrastructure/Compute,64832,1523,app source,first-party,yes,,indirect,f741ee0fcd7a36e5881cbaa2e5211a2909ae2a50699c727cd092e02471d30424
OpenIntelligence/Services/Infrastructure/Configuration/LoggingConfiguration.swift,.swift,OpenIntelligence/Services/Infrastructure/Configuration,15589,416,app source,first-party,yes,,indirect,2c0e2d8d189b9f733bb661c7b4e78c77704ca08578488af2fd186125e1f62858
OpenIntelligence/Services/Infrastructure/Configuration/QuotaPolicy.swift,.swift,OpenIntelligence/Services/Infrastructure/Configuration,2754,85,app source,first-party,yes,,direct,05d25fc12db8825a7c079e2a00c26c2e104abf119ecae3f1d82f6c4a6070f56f
OpenIntelligence/Services/Infrastructure/Configuration/SettingsStore.swift,.swift,OpenIntelligence/Services/Infrastructure/Configuration,45534,1007,app source,first-party,yes,,indirect,694edb8095d681a2022a641288934ac8e025315501ed04a5d8a2b8124a2f1fba
OpenIntelligence/Services/Infrastructure/Integration/ContainerService.swift,.swift,OpenIntelligence/Services/Infrastructure/Integration,11241,285,app source,first-party,yes,,indirect,e0b76f0ef593c660a34666101c2c03c743ef9f4d85982af21082c11d8d2622cc
OpenIntelligence/Services/Infrastructure/Integration/ImagePlaygroundService.swift,.swift,OpenIntelligence/Services/Infrastructure/Integration,46141,909,app source,first-party,yes,,indirect,5a7785b89e64d4aea330de51d673be8c6f8043213a244e5d20bb1048e1a7bf7f
OpenIntelligence/Services/Infrastructure/Monitoring/DeviceCapabilityService.swift,.swift,OpenIntelligence/Services/Infrastructure/Monitoring,54231,1378,app source,first-party,yes,,indirect,6a33071aeba559a6eee433f0a12fd5e21e36edb5c2a22ede365b89375f34bb55
OpenIntelligence/Services/Infrastructure/Monitoring/HardwareTelemetryState.swift,.swift,OpenIntelligence/Services/Infrastructure/Monitoring,38834,1018,app source,first-party,yes,,indirect,e76d4ae2b6a219d26d0272235468466622fa5c7e2dcec12b4a6395dbb1f4fd0a
OpenIntelligence/Services/Infrastructure/Monitoring/SystemStateMonitor.swift,.swift,OpenIntelligence/Services/Infrastructure/Monitoring,22576,658,app source,first-party,yes,,indirect,f76183fe15c5881ecf165c6748afb3f60a0ed5bb8fb90f3382d34f12ea00fa48
OpenIntelligence/Services/Infrastructure/Monitoring/TelemetryCenter.swift,.swift,OpenIntelligence/Services/Infrastructure/Monitoring,4462,164,app source,first-party,yes,,indirect,1ba14750230bb504289eff470c11912813b4cd79ddd937cc7c8a560b5d77aba7
OpenIntelligence/Services/Infrastructure/Optimization/AdaptivePipelineOptimizer.swift,.swift,OpenIntelligence/Services/Infrastructure/Optimization,23603,645,app source,first-party,yes,,indirect,26a4450af65e3bf42634312b7a10e0d123362ed517ae4a18210106d2a57c35dd
OpenIntelligence/Services/Infrastructure/Presentation/ClusterLabelService.swift,.swift,OpenIntelligence/Services/Infrastructure/Presentation,23685,568,app source,first-party,yes,,indirect,0359869555debf373997f709cfc855b9d9039a6b993dd5dc6857d29dd036ebb7
OpenIntelligence/Services/Infrastructure/Presentation/LibraryIconSuggestionService.swift,.swift,OpenIntelligence/Services/Infrastructure/Presentation,17532,308,app source,first-party,yes,,indirect,5c01400e8ccc5a1b689ccb85d5f572a1ff3004f33341040370750c9a5812b707
OpenIntelligence/Services/Infrastructure/Presentation/LibraryVisualizationEngine.swift,.swift,OpenIntelligence/Services/Infrastructure/Presentation,62097,1614,app source,first-party,yes,,indirect,c91afd7e07105a5b9a597e0858469a42caa1b8a403e2f4c5e41ae88a3b7f93d5
OpenIntelligence/Services/Infrastructure/Presentation/ProjectionCache.swift,.swift,OpenIntelligence/Services/Infrastructure/Presentation,1566,54,app source,first-party,yes,,indirect,ce0b602d1ab1440f3b1c97eac15df1f20679302df8823a4760f14aed2f070e90
OpenIntelligence/Services/Infrastructure/Presentation/ProjectionService.swift,.swift,OpenIntelligence/Services/Infrastructure/Presentation,21510,610,app source,first-party,yes,,indirect,49626c7e0b2bc0e538c70a60d3d4247b1188be4d09535c0c5f7f6be6da0f4d05
OpenIntelligence/Services/Infrastructure/Storage/WorkspaceSyncService.swift,.swift,OpenIntelligence/Services/Infrastructure/Storage,125239,2945,app source,first-party,yes,,direct,3bcd21eb8895682a47915c00898ba67afad4175b891f90f6af0d7866a877124c
OpenIntelligence/Services/Infrastructure/Tips/AppTips.swift,.swift,OpenIntelligence/Services/Infrastructure/Tips,4912,196,app source,first-party,yes,,indirect,0c104d54e89c7c49ec24542d9291404d0814e5442c22383fdc69b338468d7390
OpenIntelligence/Services/LLM/AdapterManager.swift,.swift,OpenIntelligence/Services/LLM,16485,414,app source,first-party,yes,,indirect,06ea844b4b3291e4df878dfaad5edc151d99f76f9e483109f2ecdbd26a7ad568
OpenIntelligence/Services/LLM/LLMService.swift,.swift,OpenIntelligence/Services/LLM,88249,2045,app source,first-party,yes,,indirect,24bed9b96ae780c555f88071aed23e207eaa2551d8fc2913642fb53aa0f4dbdb
OpenIntelligence/Services/LLM/LLMStreamingContext.swift,.swift,OpenIntelligence/Services/LLM,55,1,app source,first-party,yes,,indirect,b2bffe70d7cbc1b2f8642f220b9aeae5da8f430d26fe40dfff6786abda885079
OpenIntelligence/Services/LLM/LocalOpenAIServerLLMService.swift,.swift,OpenIntelligence/Services/LLM,17565,411,app source,first-party,yes,,indirect,966f845b28b4f24646b877144cdf49355dc73fc54fd5b5db2d23fa34b166296e
OpenIntelligence/Services/LLM/ModelResolutionService.swift,.swift,OpenIntelligence/Services/LLM,13576,406,app source,first-party,yes,,direct,d8d22a5feb8338f472ccc11085a392aa1867d3fd1ddd007dea6a18d61efc14d9
OpenIntelligence/Services/LLM/PromptEvaluationService.swift,.swift,OpenIntelligence/Services/LLM,14268,365,app source,first-party,yes,,indirect,cff2014e836ee43657ab0005369bcc8e9fd4e0c3fe40b4488558350575fd0e05
OpenIntelligence/Services/Query/Analysis/GroundedAnswerPolicy.swift,.swift,OpenIntelligence/Services/Query/Analysis,2247,67,app source,first-party,yes,,indirect,3ff977a3f30ba9b3f1d9ed425ef0fcd378891cb19d5fcc948f4f9850420779da
OpenIntelligence/Services/Query/Analysis/QueryComplexityAnalyzer.swift,.swift,OpenIntelligence/Services/Query/Analysis,10743,253,app source,first-party,yes,,indirect,1a83d9906397c0b40a8e3e13c4b9fa656997b64f7a711093a5958fdca501f4de
OpenIntelligence/Services/Query/Analysis/QueryExecutionPlannerService.swift,.swift,OpenIntelligence/Services/Query/Analysis,16027,420,app source,first-party,yes,,indirect,43499926717211312526b3db858c94b3476135832c43ab4d6b5898223017cf47
OpenIntelligence/Services/Query/Analysis/QueryProfileService.swift,.swift,OpenIntelligence/Services/Query/Analysis,4291,115,app source,first-party,yes,,indirect,037029104203d33485e3b73df74ebb15c0e49fc96438e52bb004aec18158f399
OpenIntelligence/Services/Query/Analysis/SpecificationExtractor.swift,.swift,OpenIntelligence/Services/Query/Analysis,70175,1549,app source,first-party,yes,,indirect,061e114edcbbc4b7aa4c2e4c33c658533dcc91132a81c243abd17c1126bda1fe
OpenIntelligence/Services/Query/Enhancement/ContextualCompressionService.swift,.swift,OpenIntelligence/Services/Query/Enhancement,23037,558,app source,first-party,yes,,indirect,a49db4a23ce58519bcfeb34064a2192de98b1113d2b346656d4924f46c417f7d
OpenIntelligence/Services/Query/Enhancement/QueryEnhancementService.swift,.swift,OpenIntelligence/Services/Query/Enhancement,56326,1235,app source,first-party,yes,,indirect,2d326692cbb701d4fccbfbe1165ca82f653f365af951b879bc548eb8e8ed6992
OpenIntelligence/Services/Query/Rewriting/HyDEService.swift,.swift,OpenIntelligence/Services/Query/Rewriting,10882,307,app source,first-party,yes,,indirect,f8dde2acb1ebec2679bee53234ddc7672b7676caad9b924b3999a314cea78e0a
OpenIntelligence/Services/Query/Rewriting/QueryRewriterService.swift,.swift,OpenIntelligence/Services/Query/Rewriting,16460,456,app source,first-party,yes,,indirect,843906a8b7234f23a741b254fae655bdf63a8e788ffaa99db8df291694e105f0
OpenIntelligence/Services/Query/Routing/QueryRouterService.swift,.swift,OpenIntelligence/Services/Query/Routing,10526,329,app source,first-party,yes,,direct,2318379a4808d1c29cbf3b848246dbef9b0d3f28c6418ef7f4723d9e9c8c4d1d
OpenIntelligence/Services/Query/UX/SmartReplyService.swift,.swift,OpenIntelligence/Services/Query/UX,21070,545,app source,first-party,yes,,indirect,ab99f50423792d4b9d128159dae4cd9b754390aeaae07410693f4bc3ba0578f9
OpenIntelligence/Services/Query/UX/SuggestedQuestionsService.swift,.swift,OpenIntelligence/Services/Query/UX,172841,4007,app source,first-party,yes,,indirect,dbc81c0922bcf5a9b05f77933cf0f64716d21668d9dcb38f714e080e22f6f9d8
OpenIntelligence/Services/RAG/Evidence/VisualEvidenceSource.swift,.swift,OpenIntelligence/Services/RAG/Evidence,1118,41,app source,first-party,yes,,indirect,533bb668970ef44e40cf46415bf6dab1283b6ccd2e5745458b6cc76b444d3dfd
OpenIntelligence/Services/RAG/Extraction/ExtractiveQAService.swift,.swift,OpenIntelligence/Services/RAG/Extraction,23680,593,app source,first-party,yes,,indirect,3f430ca014a5e585f78cbc439398bd90ed2f4b2e06280e12579d18e6a4432356
OpenIntelligence/Services/RAG/Extraction/ExtractiveSummarizationService.swift,.swift,OpenIntelligence/Services/RAG/Extraction,10038,315,app source,first-party,yes,,indirect,4b4bdf7f181fd1d3339cb4635ef17628799101a9dfa8349de372f96d7229eff4
OpenIntelligence/Services/RAG/Orchestration/QueryRuntimeCoordinator.swift,.swift,OpenIntelligence/Services/RAG/Orchestration,11814,290,app source,first-party,yes,,indirect,f2859b6e9e5cfba66f5bf100aed787a37ead0ab43353acae445fa5c23016ab8a
OpenIntelligence/Services/RAG/Orchestration/RAGEngine.swift,.swift,OpenIntelligence/Services/RAG/Orchestration,67357,1486,app source,first-party,yes,,indirect,9938ef6f264114d1b9bf775b8f93964f49e47a7024a94e9affa3764ca1e7c848
OpenIntelligence/Services/RAG/Orchestration/RAGService+KnowledgeRetrievalEngine.swift,.swift,OpenIntelligence/Services/RAG/Orchestration,416,14,app source,first-party,yes,,indirect,dafe987133cdc99e491fa9b70cdc889decfaceb88998f6ce3ca1723c8da6252e
OpenIntelligence/Services/RAG/Orchestration/RAGService.swift,.swift,OpenIntelligence/Services/RAG/Orchestration,823725,17106,app source,first-party,yes,,indirect,a1c30aaf1901af636d5cf176000a5c873ff68e86780a1076d9f8a749baa98bad
OpenIntelligence/Services/RAG/Retrieval/ContainerVocabularyService.swift,.swift,OpenIntelligence/Services/RAG/Retrieval,14936,430,app source,first-party,yes,,indirect,3058373ea4f89738ea4ffb951b7868789aa194b0ca5f58ec714184d3af8c9922
OpenIntelligence/Services/RAG/Retrieval/ContextPackingService.swift,.swift,OpenIntelligence/Services/RAG/Retrieval,17334,494,app source,first-party,yes,,indirect,b8995985156d4d57e86b8ad57c961dac05bee359ffc57d50ee3857975b92d4c3
OpenIntelligence/Services/RAG/Retrieval/GraphIndexService.swift,.swift,OpenIntelligence/Services/RAG/Retrieval,18937,524,app source,first-party,yes,,indirect,d62a3eaec2fc15803ad5a5a44f8c11e76073d41283bac2f560722b0e4024fe26
OpenIntelligence/Services/RAG/Retrieval/HybridSearchService.swift,.swift,OpenIntelligence/Services/RAG/Retrieval,50243,1074,app source,first-party,yes,,indirect,420dd51cea90be7390130109b3f0d6494f7fb992424969f001dd35cc4a5a08e6
OpenIntelligence/Services/RAG/Retrieval/IterativeRetrievalService.swift,.swift,OpenIntelligence/Services/RAG/Retrieval,14854,441,app source,first-party,yes,,indirect,17c822661b2ed16f50d055c43f0ad37c3cc35ebeb6bbb8bee34aad3d5eaefe98
OpenIntelligence/Services/RAG/Retrieval/ParentDocumentService.swift,.swift,OpenIntelligence/Services/RAG/Retrieval,17266,405,app source,first-party,yes,,indirect,a363ac3b7fe593ff6f050a73bf77fc5563a522658698af2373443e98ae18d761
OpenIntelligence/Services/RAG/Retrieval/RAPTORSummaryRouter.swift,.swift,OpenIntelligence/Services/RAG/Retrieval,747,22,app source,first-party,yes,,direct,b328b07a984568eba6574558952150b357568feceb83f29a466c586c41900a98
OpenIntelligence/Services/RAG/Safety/ConfidenceCalibrationService.swift,.swift,OpenIntelligence/Services/RAG/Safety,9458,301,app source,first-party,yes,,indirect,9245d7ab812a465827b37e7ca03428ab7502fdf4af79a732b86abf0d43a6e0aa
OpenIntelligence/Services/RAG/Safety/DomainIsolationService.swift,.swift,OpenIntelligence/Services/RAG/Safety,14405,328,app source,first-party,yes,,indirect,444d58a22fbf9b54a0dafac7689ca4ba69234e8d7b650b2385862b836b0c2283
OpenIntelligence/Services/RAG/Safety/QualityAssuranceService.swift,.swift,OpenIntelligence/Services/RAG/Safety,36574,858,app source,first-party,yes,,indirect,709d3af3e109105f3a4349cc720558de58fb43ddc3c28dce57cdd1f88ccdd1a2
OpenIntelligence/Services/RAG/Safety/SourceOnlyAnswerService.swift,.swift,OpenIntelligence/Services/RAG/Safety,48391,1112,app source,first-party,yes,,indirect,b0d69b2490e75d6381c462037ceb995ffe3391bb48168e1d6e9c09a23d71e695
OpenIntelligence/Services/RAG/Safety/VerificationGateService.swift,.swift,OpenIntelligence/Services/RAG/Safety,70271,1551,app source,first-party,yes,,indirect,7d19861ca2f842e70067c10af1eb09d2657f0b888b0a3d7f77333986d2cfed51
OpenIntelligence/Services/RAG/Tuning/AgenticPolicyService.swift,.swift,OpenIntelligence/Services/RAG/Tuning,11414,298,app source,first-party,yes,,indirect,0e3ae552411d49a836753dbf289375f7f7b8d4653844b252c722021a722ad209
OpenIntelligence/Services/RAG/Tuning/AutoTuneService.swift,.swift,OpenIntelligence/Services/RAG/Tuning,2127,59,app source,first-party,yes,,indirect,a6dd31f39a5b8384160980ceb3128234cf47c40105e739dc1ae26fa184673573
OpenIntelligence/Services/RAG/Tuning/ConfidencePolicyService.swift,.swift,OpenIntelligence/Services/RAG/Tuning,3751,116,app source,first-party,yes,,indirect,7262d3cc012a01dfa8d310fe0fd35874fc2f497c8873fc1bf489117449a0989a
OpenIntelligence/Services/RAG/Tuning/EvidenceScoringPolicyService.swift,.swift,OpenIntelligence/Services/RAG/Tuning,17164,439,app source,first-party,yes,,indirect,7cf017d5e34734b3393a727f9186e7c523108b074326df63b203d3c19b14f310
OpenIntelligence/Services/RAG/Tuning/RetrievalPolicyService.swift,.swift,OpenIntelligence/Services/RAG/Tuning,6818,196,app source,first-party,yes,,indirect,ec6467015d908ca692b89413ebfdc1a77cbbddd23bf5762f076ba1728e03c0ae
OpenIntelligence/Services/Storage/DocumentationCacheService.swift,.swift,OpenIntelligence/Services/Storage,17030,455,app source,first-party,yes,,direct,5a887db0b181583bcca0553b1009fa6d7661bc1295ed2f34bed251809de7f4b1
OpenIntelligence/Services/Storage/FullTextStorageService.swift,.swift,OpenIntelligence/Services/Storage,12596,320,app source,first-party,yes,,direct,17e6c539de5cee4a35ead575b2ca426c1c7b422ad2b5f90b26c0853523ace02c
OpenIntelligence/Services/Storage/SQLiteFullTextService.swift,.swift,OpenIntelligence/Services/Storage,147149,3525,app source,first-party,yes,,direct,5bfe1e6d5bb745e74e0096b96ad7991debbe3091e6f07d400486de9f379c1e71
OpenIntelligence/Services/VectorStore/BNNSVectorDatabase.swift,.swift,OpenIntelligence/Services/VectorStore,33219,785,app source,first-party,yes,,indirect,2da30372ab29264500705e6d412ad7ef3e501e727af640d66565e5f978bf93b4
OpenIntelligence/Services/VectorStore/VectorDatabase.swift,.swift,OpenIntelligence/Services/VectorStore,15544,423,app source,first-party,yes,,indirect,5bb1df9f60c231315b207fce5e1a19e801e545b60efd7f0cc497fe4b98303f2d
OpenIntelligence/Services/VectorStore/VectorStoreRouter.swift,.swift,OpenIntelligence/Services/VectorStore,7294,185,app source,first-party,yes,,direct,1401bad999abd795b8ef7f796fe2a9a9aa7c3716fc06892963160f7d7ae46dd7
OpenIntelligence/Services/VectorStore/VecturaVectorDatabase.swift,.swift,OpenIntelligence/Services/VectorStore,7516,231,app source,first-party,yes,,indirect,bed3e9a1e06898194066803b7e9453e189270fbef9dd163045e24c820dc33d7d
OpenIntelligence/UI/Components/CloudConsentPromptView.swift,.swift,OpenIntelligence/UI/Components,10792,326,app source,first-party,yes,,indirect,f91d0d28e305c83e6712456dd36cbe564b8aea975ae23ea3d5d75204d3ac7190
OpenIntelligence/UI/Components/InfoButtonView.swift,.swift,OpenIntelligence/UI/Components,1039,44,app source,first-party,yes,,indirect,2e31522d2aa8e0990cf42b8da1b4be019e303f9648fb0d81c5a61c82e7f09e6f
OpenIntelligence/UI/Components/IngestionQueueOverlay.swift,.swift,OpenIntelligence/UI/Components,66443,1674,app source,first-party,yes,,indirect,bac6903416198d8f647277770b81c9f8a48a07f7520bd0ce75cc2262b5eb34e3
OpenIntelligence/UI/Components/ModelStatusIndicator.swift,.swift,OpenIntelligence/UI/Components,8905,279,app source,first-party,yes,,direct,91808c721b292099e15ca69ca92d20996f275a7f66f4f418c52e2c21b2601613
OpenIntelligence/UI/DesignSystem/SurfaceCard.swift,.swift,OpenIntelligence/UI/DesignSystem,3013,93,app source,first-party,yes,,indirect,a032cab79cefb1a1467812f4a0863bd2e2713f8da2d6ceab813a2db32504c7ac
OpenIntelligence/UI/DesignSystem/Theme.swift,.swift,OpenIntelligence/UI/DesignSystem,26668,921,app source,first-party,yes,,indirect,30f9622992c4120723bf75214b6d7930c70e3d1b78a42d71c2307c521a46245a
OpenIntelligence/swift-transformers/.git-blame-ignore-revs,,OpenIntelligence/swift-transformers,81,2,vendor/submodule,vendor,no,Excluded as vendor file,none,1baa1a3712df30eac12eb31d1c5985de99b2d0c99d14f10a66a223cfb70d130f
OpenIntelligence/swift-transformers/.github/workflows/ci.yml,.yml,OpenIntelligence/swift-transformers/.github/workflows,1736,50,vendor/submodule,vendor,no,Excluded as vendor file,none,a8decd1938f00406eb840440a24dbbcd9c10eb06e033982ab2abb4b700e01e7c
OpenIntelligence/swift-transformers/.gitignore,,OpenIntelligence/swift-transformers,219,14,vendor/submodule,vendor,no,Excluded as vendor file,none,be7762b6a1bab739fa13f15738f386d2d8ef8ef70520e814daa6f8c37680d456
OpenIntelligence/swift-transformers/.spi.yml,.yml,OpenIntelligence/swift-transformers,98,4,vendor/submodule,vendor,no,Excluded as vendor file,none,eb5246702a6588c98bf8415a8d9318e49a83244b9a3919db11f32940ab3bb7cf
OpenIntelligence/swift-transformers/.swift-format,,OpenIntelligence/swift-transformers,2905,77,vendor/submodule,vendor,no,Excluded as vendor file,none,9f6fd8e56898828ae994712319ced1ec1f3bb2275efb7c39b56c517218c5d9e1
OpenIntelligence/swift-transformers/LICENSE,,OpenIntelligence/swift-transformers,11347,201,vendor/submodule,vendor,no,Excluded as vendor file,none,648b81e6c6f9975c3b6cf6d630229b6c8d6f1ddaef55f5770f576adda19f3495
OpenIntelligence/swift-transformers/Package.swift,.swift,OpenIntelligence/swift-transformers,1484,39,vendor/submodule,vendor,no,Excluded as vendor file,none,2fd8f8410dbc6a85a4634544daefd0e9fe2836e7a26d1d32d9fbaa8a6479d6c2
OpenIntelligence/swift-transformers/README.md,.md,OpenIntelligence/swift-transformers,6878,171,vendor/submodule,vendor,no,Excluded as vendor file,none,ac3ae708db9d8552667b57ed312995dfc0026bdd128c0854a44feb7f575e3896
OpenIntelligence/swift-transformers/Sources/Generation/Decoders.swift,.swift,OpenIntelligence/swift-transformers/Sources/Generation,2471,55,vendor/submodule,vendor,no,Excluded as vendor file,none,4e8ab37a6b67f5d3048e501b0033d0ad0931c072efc87749420d3c80be49a221
OpenIntelligence/swift-transformers/Sources/Generation/Generation.swift,.swift,OpenIntelligence/swift-transformers/Sources/Generation,7595,201,vendor/submodule,vendor,no,Excluded as vendor file,none,ab8ee7388798aab91b2b36effbe10bbfc6302f2244e511966a41749acf9f9864
OpenIntelligence/swift-transformers/Sources/Generation/GenerationConfig.swift,.swift,OpenIntelligence/swift-transformers/Sources/Generation,4147,123,vendor/submodule,vendor,no,Excluded as vendor file,none,de524f228eabbcd87900d678c5f196ae09ddcc97cf92b65399b0e4d97122d61f
OpenIntelligence/swift-transformers/Sources/Generation/LogitsWarper/LogitsProcessor.swift,.swift,OpenIntelligence/swift-transformers/Sources/Generation/LogitsWarper,2946,59,vendor/submodule,vendor,no,Excluded as vendor file,none,9648099ae20dc1dfee824aa24b830a39090d51c8a4a09312f18bc1365cee82d4
OpenIntelligence/swift-transformers/Sources/Generation/LogitsWarper/MinPLogitsWarper.swift,.swift,OpenIntelligence/swift-transformers/Sources/Generation/LogitsWarper,4868,98,vendor/submodule,vendor,no,Excluded as vendor file,none,fb2a6412de6984f42d3dd08bfa02ee792f288b25715eecd115cd63b213b866cb
OpenIntelligence/swift-transformers/Sources/Generation/LogitsWarper/RepetitionPenaltyLogitsProcessor.swift,.swift,OpenIntelligence/swift-transformers/Sources/Generation/LogitsWarper,4197,92,vendor/submodule,vendor,no,Excluded as vendor file,none,54dcab0c42cb509d90c9c71d050ff54a2fb9c2cd097f27b62c2ff618be8692bf
OpenIntelligence/swift-transformers/Sources/Generation/LogitsWarper/TemperatureLogitsWarper.swift,.swift,OpenIntelligence/swift-transformers/Sources/Generation/LogitsWarper,1446,34,vendor/submodule,vendor,no,Excluded as vendor file,none,cd53677a17072c993a6d66a499f866596c352e9711a1ec5cfe8e940018d98519
OpenIntelligence/swift-transformers/Sources/Generation/LogitsWarper/TopKLogitsWarper.swift,.swift,OpenIntelligence/swift-transformers/Sources/Generation/LogitsWarper,3472,85,vendor/submodule,vendor,no,Excluded as vendor file,none,4461b3d78a5af48eff56478cc635f74eec98b83b5f64b0b35be18673735ef52a
OpenIntelligence/swift-transformers/Sources/Generation/LogitsWarper/TopPLogitsWarper.swift,.swift,OpenIntelligence/swift-transformers/Sources/Generation/LogitsWarper,4710,105,vendor/submodule,vendor,no,Excluded as vendor file,none,1338cf020fce09a5ab44456a747a362d166053ec02088f42d468a0c1be96cc11
OpenIntelligence/swift-transformers/Sources/Hub/BinaryDistinct.swift,.swift,OpenIntelligence/swift-transformers/Sources/Hub,9457,270,vendor/submodule,vendor,no,Excluded as vendor file,none,8621283ca3313c3cb87044a61462911d8c5c417d96184d7ba69aadf76a485c61
OpenIntelligence/swift-transformers/Sources/Hub/Config.swift,.swift,OpenIntelligence/swift-transformers/Sources/Hub,24223,834,vendor/submodule,vendor,no,Excluded as vendor file,none,4c112d450123f35f2a9b4c49451365a11b2117f4af29cb29ee2436a9097a5c90
OpenIntelligence/swift-transformers/Sources/Hub/Downloader.swift,.swift,OpenIntelligence/swift-transformers/Sources/Hub,18810,495,vendor/submodule,vendor,no,Excluded as vendor file,none,806e9e284f0b7799f88a678563fbe8207730edf67466b681be89a8df8ba4fcf5
OpenIntelligence/swift-transformers/Sources/Hub/Extensions/JSONSerialization+BOM.swift,.swift,OpenIntelligence/swift-transformers/Sources/Hub/Extensions,2547,65,vendor/submodule,vendor,no,Excluded as vendor file,none,fd67850fd616b1cd5f3694066ce8b70b780b02d15fe5a2ad8d6f715bcc8f6090
OpenIntelligence/swift-transformers/Sources/Hub/Hub.swift,.swift,OpenIntelligence/swift-transformers/Sources/Hub,14761,340,vendor/submodule,vendor,no,Excluded as vendor file,none,a32c1c982d3ba8d1ec060eca0fab1522f0c1bf7f416ada3014bb8d111f1c8999
OpenIntelligence/swift-transformers/Sources/Hub/HubApi.swift,.swift,OpenIntelligence/swift-transformers/Sources/Hub,48197,1107,vendor/submodule,vendor,no,Excluded as vendor file,none,f58d9a01a269dc6eb273bbe1b36b66d627c13c63024939e13e64efd6161c690b
OpenIntelligence/swift-transformers/Sources/Hub/Resources/gpt2_tokenizer_config.json,.json,OpenIntelligence/swift-transformers/Sources/Hub/Resources,234,9,vendor/submodule,vendor,no,Excluded as vendor file,none,551e26ec611d8d0c8edc3ef72e518a38418cb71f40de1347dd486a595e1557d7
OpenIntelligence/swift-transformers/Sources/Hub/Resources/t5_tokenizer_config.json,.json,OpenIntelligence/swift-transformers/Sources/Hub/Resources,20746,937,vendor/submodule,vendor,no,Excluded as vendor file,none,e0aff0b1de9071e30d9a60a199303b6abe916a64a19932bd1c46992279b41a1f
OpenIntelligence/swift-transformers/Sources/Models/LanguageModel.swift,.swift,OpenIntelligence/swift-transformers/Sources/Models,21912,582,vendor/submodule,vendor,no,Excluded as vendor file,none,8ea24ff548212105c0a773baf70d78bf8868a5ec07674464d87359f22ebd51b9
OpenIntelligence/swift-transformers/Sources/Models/LanguageModelTypes.swift,.swift,OpenIntelligence/swift-transformers/Sources/Models,4674,120,vendor/submodule,vendor,no,Excluded as vendor file,none,b0adcfed5725417124ffe322a59ccc9374be5cb81fb9960b67b344a8209aeb29
OpenIntelligence/swift-transformers/Sources/Models/Weights.swift,.swift,OpenIntelligence/swift-transformers/Sources/Models,6035,137,vendor/submodule,vendor,no,Excluded as vendor file,none,6f4d3b15b1203fb4d3565883d5ee979f7d9beb84ac6c50b90fdb3726d61c3324
OpenIntelligence/swift-transformers/Sources/Tokenizers/BPETokenizer.swift,.swift,OpenIntelligence/swift-transformers/Sources/Tokenizers,8431,240,vendor/submodule,vendor,no,Excluded as vendor file,none,e2ba3d2d44382f6d6b245077c956d744596d0a880f2e3dbff26e62c22688d520
OpenIntelligence/swift-transformers/Sources/Tokenizers/BertTokenizer.swift,.swift,OpenIntelligence/swift-transformers/Sources/Tokenizers,11811,342,vendor/submodule,vendor,no,Excluded as vendor file,none,d46dc2b6620953597939efbe1d88134aadc405970d3830668127f8f84a6e0618
OpenIntelligence/swift-transformers/Sources/Tokenizers/ByteEncoder.swift,.swift,OpenIntelligence/swift-transformers/Sources/Tokenizers,4871,270,vendor/submodule,vendor,no,Excluded as vendor file,none,a8c14f6361bd80f912fbcb9219528ad28d85f3a3c15d745a80cb9b5df3504a8e
OpenIntelligence/swift-transformers/Sources/Tokenizers/Decoder.swift,.swift,OpenIntelligence/swift-transformers/Sources/Tokenizers,9075,276,vendor/submodule,vendor,no,Excluded as vendor file,none,4ff9f8e570017c1459e5861c5b2b6cdb77faae02bec4aaaa7e945adc740f0b99
OpenIntelligence/swift-transformers/Sources/Tokenizers/Normalizer.swift,.swift,OpenIntelligence/swift-transformers/Sources/Tokenizers,10894,355,vendor/submodule,vendor,no,Excluded as vendor file,none,364832777fd5a0407f852630a414638aa6f857f59fa99507838ea1ae51fbdcc9
OpenIntelligence/swift-transformers/Sources/Tokenizers/PostProcessor.swift,.swift,OpenIntelligence/swift-transformers/Sources/Tokenizers,8302,214,vendor/submodule,vendor,no,Excluded as vendor file,none,e2568da8adb55a5c0fcf48ef0ed5c065f38e0401b42dca5eaa4fad17b2f0d824
OpenIntelligence/swift-transformers/Sources/Tokenizers/PreTokenizer.swift,.swift,OpenIntelligence/swift-transformers/Sources/Tokenizers,10412,278,vendor/submodule,vendor,no,Excluded as vendor file,none,359a0819693760d22d9bd382e722ff097b9f7c8feffa06d451fb90f43b580711
OpenIntelligence/swift-transformers/Sources/Tokenizers/String+PreTokenization.swift,.swift,OpenIntelligence/swift-transformers/Sources/Tokenizers,5941,158,vendor/submodule,vendor,no,Excluded as vendor file,none,89d189398e3bc94e458262c2821370c04e37f844c27aeaa9926ce19b80a1c831
OpenIntelligence/swift-transformers/Sources/Tokenizers/TokenLattice.swift,.swift,OpenIntelligence/swift-transformers/Sources/Tokenizers,5566,152,vendor/submodule,vendor,no,Excluded as vendor file,none,d17a52867cdebe28caa6332c0db9399df1f7ffc36e7188cf4d2c1fa59bd18c29
OpenIntelligence/swift-transformers/Sources/Tokenizers/Tokenizer.swift,.swift,OpenIntelligence/swift-transformers/Sources/Tokenizers,44728,1013,vendor/submodule,vendor,no,Excluded as vendor file,none,e82d430222a269bb500f3dbb34d0f01a16b8edaa004826c20507ed49129e4c90
OpenIntelligence/swift-transformers/Sources/Tokenizers/Trie.swift,.swift,OpenIntelligence/swift-transformers/Sources/Tokenizers,2680,101,vendor/submodule,vendor,no,Excluded as vendor file,none,7a40d98d252bfe161dd93334fb85e39ad113915ecc425c86be62b198c176de81
OpenIntelligence/swift-transformers/Sources/Tokenizers/UnigramTokenizer.swift,.swift,OpenIntelligence/swift-transformers/Sources/Tokenizers,5990,161,vendor/submodule,vendor,no,Excluded as vendor file,none,f02006aa10c8b083e47b8afee6da2a86fc22155b42dbefb4914545a0db378439
OpenIntelligence/swift-transformers/Sources/Tokenizers/Utils.swift,.swift,OpenIntelligence/swift-transformers/Sources/Tokenizers,2618,75,vendor/submodule,vendor,no,Excluded as vendor file,none,5d92103223d160ca78de3d32f1b191282ea22399d1664cb740aba20f3d8778dd
OpenIntelligenceLiveActivities/Info.plist,.plist,OpenIntelligenceLiveActivities,801,25,other,asset,no,Excluded as asset file,none,305b98125ecdc33612e1fbaf39bb65af73f753a007c4d3b4f4fd52b16da5c85d
OpenIntelligenceLiveActivities/IngestionLiveActivityWidget.swift,.swift,OpenIntelligenceLiveActivities,11631,309,other,first-party,yes,,none,836a5afcfe815cf0f1fb998cc964806f6f5622573ee0ab4942e8aae39afa9b75
OpenIntelligenceLiveActivities/OpenIntelligenceActivityIcon.png,.png,OpenIntelligenceLiveActivities,933221,0,assets,asset,no,Excluded as asset file,none,4ade42cbc43fede3b9b23e2f74fa637ea30d7ab59ffa10779bbd6cac663ee4f8
OpenIntelligenceLiveActivities/OpenIntelligenceLiveActivitiesBundle.swift,.swift,OpenIntelligenceLiveActivities,244,11,other,first-party,yes,,none,5d577c0d901880d99159615d600dee19677c22b43becf1670f85db17867f2730
OpenIntelligenceTests/OpenIntelligenceEngineTests.swift,.swift,OpenIntelligenceTests,1234,38,tests,first-party,yes,,indirect,ce31bd1ed1fe73f54429bd7870c99de6e02cba257bd28fca2e81b8335f947d1c
OpenIntelligenceTests/Services/Document/Chunking/SemanticChunkerTests.swift,.swift,OpenIntelligenceTests/Services/Document/Chunking,5180,142,tests,first-party,yes,,indirect,3302c3433ec6e1510ebf12c6e454e7e4fbd752f72aa17bf2f641d078b74f917c
OpenIntelligenceTests/Services/Document/Processing/DocumentProcessorTests.swift,.swift,OpenIntelligenceTests/Services/Document/Processing,1517,37,tests,first-party,yes,,indirect,ff2cc8a059f407da743d08cb852787519720be30a29eefe2920371869c9de1d8
OpenIntelligenceTests/Services/RAG/Retrieval/ContextPackingServiceTests.swift,.swift,OpenIntelligenceTests/Services/RAG/Retrieval,7220,180,tests,first-party,yes,,indirect,cd0f474527a7068ccd5fe360d29a2cde4943cee66931ea79a26ae13f8c424d32
OpenIntelligenceTests/Services/RAG/Retrieval/HybridSearchServiceTests.swift,.swift,OpenIntelligenceTests/Services/RAG/Retrieval,7790,160,tests,first-party,yes,,indirect,6b0a49ff04713783c8eb3195fab94c7671554dd88121d112db35ca00c7b56647
PRIVACY.md,.md,,3657,45,other,first-party,yes,,none,6203889ce6ce341fd4041c2d9a5a5c660e5549f2a28b766cede333e5796d2e78
Package.swift,.swift,,3975,101,other,first-party,yes,,none,3ac6589afe25cb3d7e9316b676462acd901a227122393897cbe0f0fcc477d8d6
README.md,.md,,7919,135,other,first-party,yes,,none,549bd05505343fee75a007fe1a4049e2b23ece95ac4cc3a8aaa9721e2ebda7e6
THIRD_PARTY_NOTICES.md,.md,,515,15,other,first-party,yes,,none,0e3ec02b693656bb409ed5c5e92cafec0bf605447ecfae53973ea5235382fc38
WHATS_NEW.md,.md,,19592,187,other,first-party,yes,,none,6617994cb094122b147d84f06c7a43bf3e267e67adba3d74476e2c129a381dfd
Xrays/pipeline-xray/app.js,.js,Xrays/pipeline-xray,39703,1152,other,asset,no,Excluded as asset file,none,2f9b80f0225208cc707ba4be8715945693069192f8887bc25317819d0af19062
Xrays/pipeline-xray/data/canonical-pipeline.json,.json,Xrays/pipeline-xray/data,28736,848,other,first-party,yes,,none,842ab9ad03fe02e3b7530bdd5ecbd5fd2ac1e3823bb31791738a2a830988ac24
Xrays/pipeline-xray/data/demo-traces/deep-think-brake-comparison.txt,.txt,Xrays/pipeline-xray/data/demo-traces,15217,256,other,asset,no,Excluded as asset file,none,f2e5bba6e94bcf1c7f1e335bae2c96fcde751e3a06626f6fb9e2838879201d1d
Xrays/pipeline-xray/data/demo-traces/standard-oil-query.txt,.txt,Xrays/pipeline-xray/data/demo-traces,8823,143,other,asset,no,Excluded as asset file,none,73ce81e99f47e1d6f777611593a3c0beffd2b4b9a42263935c7c82981bd7f335
Xrays/pipeline-xray/index.html,.html,Xrays/pipeline-xray,10805,277,other,asset,no,Excluded as asset file,none,e9f34877dee396742ad613ab218ffe871ffc7cf754538b18550a10866ae4645f
Xrays/pipeline-xray/pipeline-data.js,.js,Xrays/pipeline-xray,58327,1268,other,asset,no,Excluded as asset file,none,00ac5c8a460f5aff8a9b2886b2055f0dbc3bc472620c65e99fd0852983456351
Xrays/pipeline-xray/styles.css,.css,Xrays/pipeline-xray,29356,1596,other,asset,no,Excluded as asset file,none,a41e62c067b693a6d485990467990ab9167a8ae9067f5d1d4dd49f026e858150
ci_scripts/ci_post_clone.sh,.sh,ci_scripts,923,23,other,first-party,yes,,none,bfb6c52c846e82d92b4d0486358f5d5c441b829a473e651fe22962c47b19ab28
fastlane/Appfile,,fastlane,70,2,other,asset,no,Excluded as asset file,none,3cbac0e2694ea1d3ff982178d45b53b1ec6598215734b863f1044c0e346a960c
fastlane/Fastfile,,fastlane,4435,138,other,asset,no,Excluded as asset file,none,f20e92f17da9ccc2458be4658e93c04b807216599b534868800e193f0ff5d207
fastlane/README.md,.md,fastlane,1228,56,other,first-party,yes,,none,ad0135704bc511a4a07ab4c2bbe2b4941022a99e85758e57d1ccd02c8d4a4282
fastlane/metadata/en-US/release_notes.txt,.txt,fastlane/metadata/en-US,1426,9,other,asset,no,Excluded as asset file,none,6b780ccfa9209af22378c6f0464e139a1b227a64e8e9549b06bd3de711e3fd92
scripts/analyze_pdf.py,.py,scripts,3170,96,scripts,first-party,yes,,indirect,e50a0552ebc6215206df6b2a5fc9722dc442280927ded1cfb2139f5f5bacf5dc
scripts/audit_components.py,.py,scripts,38065,868,scripts,first-party,yes,,indirect,dfdb41f67b4c00c7365a1917d6a31aab1cd9284f3f1417c51d3eb74137163dca
scripts/audit_entry_points.py,.py,scripts,5831,86,scripts,first-party,yes,,indirect,c0357b82de4f01d2f56092b620da64569989d8c9d51c35724780b1960b0917d2
scripts/audit_feature_claims.py,.py,scripts,9707,67,scripts,first-party,yes,,indirect,f1a6970c2ab4d0c4619f9c79514dfb1dde011051ed860bca4d0e0d405bc3d641
scripts/audit_source_inventory.py,.py,scripts,13028,288,scripts,first-party,yes,,indirect,24e63f85135f4803ed766021a69284aa71e3c4cd50b7f2b7ab007f8b12f139b4
scripts/audit_target_membership.py,.py,scripts,4202,73,scripts,first-party,yes,,indirect,78d3a7f3fd1be0c9684484a0ff3065e43e365f89bad566bcbbdfd9a9dda8a910
scripts/build_simulator_smoke.sh,.sh,scripts,1663,40,scripts,first-party,yes,,indirect,100e594fddcce4dc0b94ae75346fbab8a4f34a9e19021c8dc0322ed81547afdd
scripts/create_video_campaign.py,.py,scripts,6609,147,scripts,first-party,yes,,indirect,70c40e7795b3a5bacfb7d02de32377e1d0447c5771b926aecb4b8ee745c6bfc2
scripts/deep_audit.py,.py,scripts,904,31,scripts,first-party,yes,,indirect,24ae131ae92705168c8981c9cb2c1d56ca978dfc821d1990635071bff25aaaa5
scripts/enforce_docs_hook.sh,.sh,scripts,2706,65,scripts,first-party,yes,,indirect,1db34e1dc39a9c63e2b5cb967bb953640ae75bee957f6d86c50f86946e10c378
scripts/google_ads/delete_campaigns.py,.py,scripts/google_ads,1042,29,scripts,first-party,yes,,indirect,e193d1e08144c1f15a51901fa2d5bb95b0528ddf0be9e3a26348012b3321c094
scripts/google_ads/deploy_pmax_campaign.py,.py,scripts/google_ads,10476,197,scripts,first-party,yes,,indirect,f1eba12795b32cfe3a1bab6ec187381d19fce22a54a44fb5ccbd9312e4d27865
scripts/google_ads/fetch_search_ads.py,.py,scripts/google_ads,1456,41,scripts,first-party,yes,,indirect,9dba8daef9406c9a8b2fd97b436830160d97f894f44cf2f910370e936b760366
scripts/google_ads/get_campaign_details.py,.py,scripts/google_ads,814,22,scripts,first-party,yes,,indirect,5cd40fde7d1c0261aa60965576232ddf0c2319425b6a814c5aea61d74e02c992
scripts/google_ads/list_campaigns.py,.py,scripts/google_ads,1158,35,scripts,first-party,yes,,indirect,545fb56e9eb1a5a7ebc50b09bf7a1458d0fff682d9001e87abc7d50d15e8279e
scripts/google_ads/pause_generic_campaign.py,.py,scripts/google_ads,1896,47,scripts,first-party,yes,,indirect,d4a6febe3afa572ee131687af2973bf0c83e264f2a56d6f2b0eb9a620a81e7c7
scripts/link_youtube_oauth.py,.py,scripts,4967,124,scripts,first-party,yes,,indirect,12f37e2b2d5a91ed7bbc9c4263da288d7476149692a2b8e724ed35c5e6c35d8f
scripts/populate_core_v2.py,.py,scripts,4969,114,scripts,first-party,yes,,indirect,d0b3c400e6faeca653d48c6cdccaa7a630a0a234db3ef7b0995b139ead9427fa
scripts/prepare_pmax_assets.py,.py,scripts,2374,53,scripts,first-party,yes,,indirect,c13daa5d4ca5d196cd0387ca2d83c2b4b5b64d5096a1c35859ddfabdbef5aeba
scripts/prepare_rag_research_fixtures.py,.py,scripts,34685,859,scripts,first-party,yes,,indirect,f45ff87179fc497d4d63af64933259c01958e22170f4ea1560764b2f67448fd1
scripts/rag_benchmark_studio.py,.py,scripts,17924,505,scripts,first-party,yes,,indirect,35a8c2db70ef415cb70bed11513fe9c485e5620ae6e6a28a550a2abb396b393c
scripts/run_rag_benchmarks.py,.py,scripts,90084,2355,scripts,first-party,yes,,indirect,8d52c2a2e48b4d0d343af77502d68f4359406f2c4bc324c3abb53c1ace94c76f
scripts/secret_scan.py,.py,scripts,3404,128,scripts,first-party,yes,,indirect,686c33f877c45409a0f00b9627959f06351308b0585985179b48452cea18635a
youtube_videos.json,.json,,10158,378,other,first-party,yes,,none,5aabae3c3c625327890d8219d7f13d421b106c4f1e9c5b3c04dfed893895ae6e
