symbol_name,symbol_kind,path,line_range,module_category,relevance,inspected,notes
ContentView,struct,OpenIntelligence/App/ContentView.swift,11-21,UI,indirect,yes,Scanned type definition for ContentView
Tab,enum,OpenIntelligence/App/ContentView.swift,60-70,lifecycle,indirect,yes,Scanned type definition for Tab
DebugRAGValidationHarness,enum,OpenIntelligence/App/DebugRAGValidationHarness.swift,3-13,RAG,indirect,yes,Scanned type definition for DebugRAGValidationHarness
Configuration,struct,OpenIntelligence/App/DebugRAGValidationHarness.swift,17-27,RAG,indirect,yes,Scanned type definition for Configuration
OpenIntelligenceApp,struct,OpenIntelligence/App/OpenIntelligenceApp.swift,16-26,lifecycle,indirect,yes,Scanned type definition for OpenIntelligenceApp
KeychainStorage,enum,OpenIntelligence/Core/Extensions/KeychainStorage.swift,6-16,persistence,direct,yes,Scanned type definition for KeychainStorage
LaunchArguments,enum,OpenIntelligence/Core/Extensions/LaunchArguments.swift,5-15,model,indirect,yes,Scanned type definition for LaunchArguments
Example,struct,OpenIntelligence/Core/Extensions/MarkdownRenderer.swift,771-781,model,indirect,yes,Scanned type definition for Example
ChatMessage,struct,OpenIntelligence/Core/Models/ChatMessage.swift,9-19,chat,direct,yes,Scanned type definition for ChatMessage
Role,enum,OpenIntelligence/Core/Models/ChatMessage.swift,78-88,chat,direct,yes,Scanned type definition for Role
CodingKeys,enum,OpenIntelligence/Core/Models/ChatMessage.swift,86-96,chat,direct,yes,Scanned type definition for CodingKeys
CloudProvider,enum,OpenIntelligence/Core/Models/CloudTransmission.swift,2-12,routing,direct,yes,Scanned type definition for CloudProvider
CloudConsentState,enum,OpenIntelligence/Core/Models/CloudTransmission.swift,19-29,routing,direct,yes,Scanned type definition for CloudConsentState
CloudConsentDecision,enum,OpenIntelligence/Core/Models/CloudTransmission.swift,33-43,routing,direct,yes,Scanned type definition for CloudConsentDecision
CloudTransmissionRecord,struct,OpenIntelligence/Core/Models/CloudTransmission.swift,39-49,routing,direct,yes,Scanned type definition for CloudTransmissionRecord
DocumentChunk,struct,OpenIntelligence/Core/Models/DocumentChunk.swift,12-22,model,direct,yes,Scanned type definition for DocumentChunk
ChunkAbstractionLevel,enum,OpenIntelligence/Core/Models/DocumentChunk.swift,58-68,model,direct,yes,Scanned type definition for ChunkAbstractionLevel
DocumentSemanticCategory,enum,OpenIntelligence/Core/Models/DocumentChunk.swift,88-98,model,direct,yes,Scanned type definition for DocumentSemanticCategory
ChunkSemanticType,enum,OpenIntelligence/Core/Models/DocumentChunk.swift,106-116,model,direct,yes,Scanned type definition for ChunkSemanticType
ChunkMetadata,struct,OpenIntelligence/Core/Models/DocumentChunk.swift,115-125,model,direct,yes,Scanned type definition for ChunkMetadata
Document,struct,OpenIntelligence/Core/Models/DocumentChunk.swift,430-440,model,direct,yes,Scanned type definition for Document
ProcessingMetadata,struct,OpenIntelligence/Core/Models/DocumentChunk.swift,535-545,ingestion,direct,yes,Scanned type definition for ProcessingMetadata
ChunkStatistics,struct,OpenIntelligence/Core/Models/DocumentChunk.swift,567-577,model,direct,yes,Scanned type definition for ChunkStatistics
DocumentType,enum,OpenIntelligence/Core/Models/DocumentChunk.swift,573-583,model,direct,yes,Scanned type definition for DocumentType
ProcessingSummary,struct,OpenIntelligence/Core/Models/DocumentChunk.swift,634-644,ingestion,direct,yes,Scanned type definition for ProcessingSummary
ChunkStatistics,struct,OpenIntelligence/Core/Models/DocumentChunk.swift,673-683,model,direct,yes,Scanned type definition for ChunkStatistics
EvidenceSource,enum,OpenIntelligence/Core/Models/EvidenceSource.swift,13-23,citation,direct,yes,Scanned type definition for EvidenceSource
IngestionStage,enum,OpenIntelligence/Core/Models/IngestionItem.swift,2-12,ingestion,direct,yes,Scanned type definition for IngestionStage
IngestionEvent,struct,OpenIntelligence/Core/Models/IngestionItem.swift,99-109,ingestion,direct,yes,Scanned type definition for IngestionEvent
PipelineMetrics,struct,OpenIntelligence/Core/Models/IngestionItem.swift,116-126,ingestion,direct,yes,Scanned type definition for PipelineMetrics
IngestionItem,struct,OpenIntelligence/Core/Models/IngestionItem.swift,194-204,ingestion,direct,yes,Scanned type definition for IngestionItem
IngestionBatchResult,struct,OpenIntelligence/Core/Models/IngestionItem.swift,353-363,ingestion,direct,yes,Scanned type definition for IngestionBatchResult
VectorDBKind,enum,OpenIntelligence/Core/Models/KnowledgeContainer.swift,10-20,model,direct,yes,Scanned type definition for VectorDBKind
LibrarySyncMode,enum,OpenIntelligence/Core/Models/KnowledgeContainer.swift,16-26,sync,direct,yes,Scanned type definition for LibrarySyncMode
KnowledgeContainer,struct,OpenIntelligence/Core/Models/KnowledgeContainer.swift,39-49,model,direct,yes,Scanned type definition for KnowledgeContainer
RetrievalConfig,struct,OpenIntelligence/Core/Models/KnowledgeContainer.swift,218-228,model,direct,yes,Scanned type definition for RetrievalConfig
ChunkingDirective,struct,OpenIntelligence/Core/Models/KnowledgeContainer.swift,383-393,model,direct,yes,Scanned type definition for ChunkingDirective
Source,enum,OpenIntelligence/Core/Models/KnowledgeContainer.swift,385-395,citation,direct,yes,Scanned type definition for Source
AppSupportPaths,enum,OpenIntelligence/Core/Models/KnowledgeContainer.swift,425-435,model,direct,yes,Scanned type definition for AppSupportPaths
LLMModel,struct,OpenIntelligence/Core/Models/LLMModel.swift,11-21,model,direct,yes,Scanned type definition for LLMModel
ModelType,enum,OpenIntelligence/Core/Models/LLMModel.swift,45-55,model,direct,yes,Scanned type definition for ModelType
InferencePathway,enum,OpenIntelligence/Core/Models/LLMModel.swift,56-66,model,direct,yes,Scanned type definition for InferencePathway
InferenceConfig,struct,OpenIntelligence/Core/Models/LLMModel.swift,69-79,model,direct,yes,Scanned type definition for InferenceConfig
PCCSettings,enum,OpenIntelligence/Core/Models/LLMModel.swift,141-151,routing,direct,yes,Scanned type definition for PCCSettings
FoundationModelPreference,enum,OpenIntelligence/Core/Models/LLMModel.swift,148-158,model,direct,yes,Scanned type definition for FoundationModelPreference
ExecutionContext,enum,OpenIntelligence/Core/Models/LLMModel.swift,177-187,model,direct,yes,Scanned type definition for ExecutionContext
LLMModelType,enum,OpenIntelligence/Core/Models/LLMModelType.swift,13-23,model,direct,yes,Scanned type definition for LLMModelType
ModelCapabilityCardInfo,struct,OpenIntelligence/Core/Models/LLMModelType.swift,37-47,model,direct,yes,Scanned type definition for ModelCapabilityCardInfo
ModelCapabilityChipInfo,struct,OpenIntelligence/Core/Models/LLMModelType.swift,47-57,model,direct,yes,Scanned type definition for ModelCapabilityChipInfo
Tone,enum,OpenIntelligence/Core/Models/LLMModelType.swift,48-58,model,direct,yes,Scanned type definition for Tone
ModelCapabilityStatInfo,struct,OpenIntelligence/Core/Models/LLMModelType.swift,64-74,model,direct,yes,Scanned type definition for ModelCapabilityStatInfo
Accent,enum,OpenIntelligence/Core/Models/LLMModelType.swift,65-75,model,direct,yes,Scanned type definition for Accent
LLMModelType,extension,OpenIntelligence/Core/Models/LLMModelType.swift,80-90,model,direct,yes,Scanned type definition for LLMModelType
ModelResolutionState,struct,OpenIntelligence/Core/Models/ModelResolutionState.swift,11-21,model,direct,yes,Scanned type definition for ModelResolutionState
ResolutionReason,enum,OpenIntelligence/Core/Models/ModelResolutionState.swift,19-29,model,direct,yes,Scanned type definition for ResolutionReason
ExecutionPath,enum,OpenIntelligence/Core/Models/ModelResolutionState.swift,39-49,model,direct,yes,Scanned type definition for ExecutionPath
ModelStatus,enum,OpenIntelligence/Core/Models/ModelResolutionState.swift,67-77,model,direct,yes,Scanned type definition for ModelStatus
LocalModelInfo,struct,OpenIntelligence/Core/Models/ModelResolutionState.swift,73-83,model,direct,yes,Scanned type definition for LocalModelInfo
ModelBackendType,enum,OpenIntelligence/Core/Models/ModelResolutionState.swift,79-89,model,direct,yes,Scanned type definition for ModelBackendType
ActiveParameters,struct,OpenIntelligence/Core/Models/ModelResolutionState.swift,85-95,model,direct,yes,Scanned type definition for ActiveParameters
ModelBackend,enum,OpenIntelligence/Core/Models/ModelResolutionState.swift,93-103,model,direct,yes,Scanned type definition for ModelBackend
ModelAutoSelectionPayload,struct,OpenIntelligence/Core/Models/ModelResolutionState.swift,102-112,model,direct,yes,Scanned type definition for ModelAutoSelectionPayload
Notification.Name,extension,OpenIntelligence/Core/Models/ModelResolutionState.swift,106-116,model,direct,yes,Scanned type definition for Notification.Name
RAGQualityMode,enum,OpenIntelligence/Core/Models/RAGQualityMode.swift,13-23,RAG,direct,yes,Scanned type definition for RAGQualityMode
RAGQuery,struct,OpenIntelligence/Core/Models/RAGQuery.swift,11-21,RAG,direct,yes,Scanned type definition for RAGQuery
RAGResponse,struct,OpenIntelligence/Core/Models/RAGQuery.swift,26-36,RAG,direct,yes,Scanned type definition for RAGResponse
RetrievedChunk,struct,OpenIntelligence/Core/Models/RAGQuery.swift,57-67,RAG,direct,yes,Scanned type definition for RetrievedChunk
ResponseMetadata,struct,OpenIntelligence/Core/Models/RAGQuery.swift,74-84,RAG,direct,yes,Scanned type definition for ResponseMetadata
ExecutionRoute,struct,OpenIntelligence/Core/Models/RAGQuery.swift,106-116,RAG,direct,yes,Scanned type definition for ExecutionRoute
TokenBudget,struct,OpenIntelligence/Core/Models/RAGQuery.swift,113-123,RAG,direct,yes,Scanned type definition for TokenBudget
RAGAnswerClaim,struct,OpenIntelligence/Core/Models/RAGStructuredResponse.swift,24-34,RAG,direct,yes,Scanned type definition for RAGAnswerClaim
RAGAnswer,struct,OpenIntelligence/Core/Models/RAGStructuredResponse.swift,39-49,RAG,direct,yes,Scanned type definition for RAGAnswer
DirectRAGAnswer,struct,OpenIntelligence/Core/Models/RAGStructuredResponse.swift,61-71,RAG,direct,yes,Scanned type definition for DirectRAGAnswer
RAGSearchResult,struct,OpenIntelligence/Core/Models/RAGStructuredResponse.swift,82-92,RAG,direct,yes,Scanned type definition for RAGSearchResult
RAGSearchResults,struct,OpenIntelligence/Core/Models/RAGStructuredResponse.swift,102-112,RAG,direct,yes,Scanned type definition for RAGSearchResults
RAGDocumentSummary,struct,OpenIntelligence/Core/Models/RAGStructuredResponse.swift,118-128,RAG,direct,yes,Scanned type definition for RAGDocumentSummary
RAGDocumentComparison,struct,OpenIntelligence/Core/Models/RAGStructuredResponse.swift,144-154,RAG,direct,yes,Scanned type definition for RAGDocumentComparison
RAGEnhancedQuery,struct,OpenIntelligence/Core/Models/RAGStructuredResponse.swift,166-176,RAG,direct,yes,Scanned type definition for RAGEnhancedQuery
RAGRetrievalDiagnostics,struct,OpenIntelligence/Core/Models/RAGStructuredResponse.swift,188-198,RAG,direct,yes,Scanned type definition for RAGRetrievalDiagnostics
ReasonedAnswer,struct,OpenIntelligence/Core/Models/RAGStructuredResponse.swift,219-229,RAG,direct,yes,Scanned type definition for ReasonedAnswer
ReasonedInsight,struct,OpenIntelligence/Core/Models/RAGStructuredResponse.swift,238-248,RAG,direct,yes,Scanned type definition for ReasonedInsight
ReasonedSynthesis,struct,OpenIntelligence/Core/Models/RAGStructuredResponse.swift,256-266,RAG,direct,yes,Scanned type definition for ReasonedSynthesis
ChainLink,struct,OpenIntelligence/Core/Models/RAGStructuredResponse.swift,278-288,RAG,direct,yes,Scanned type definition for ChainLink
AnswerType,enum,OpenIntelligence/Core/Models/StructuredAnswer.swift,52-62,model,direct,yes,Scanned type definition for AnswerType
Claim,struct,OpenIntelligence/Core/Models/StructuredAnswer.swift,65-75,model,direct,yes,Scanned type definition for Claim
VerificationVerdict,enum,OpenIntelligence/Core/Models/StructuredAnswer.swift,66-76,model,direct,yes,Scanned type definition for VerificationVerdict
Evidence,struct,OpenIntelligence/Core/Models/StructuredAnswer.swift,101-111,model,direct,yes,Scanned type definition for Evidence
DebugInfo,struct,OpenIntelligence/Core/Models/StructuredAnswer.swift,127-137,model,direct,yes,Scanned type definition for DebugInfo
StructuredAnswer,extension,OpenIntelligence/Core/Models/StructuredAnswer.swift,164-174,model,direct,yes,Scanned type definition for StructuredAnswer
StructuredAnswer,extension,OpenIntelligence/Core/Models/StructuredAnswer.swift,305-315,model,direct,yes,Scanned type definition for StructuredAnswer
ThinkingEvent,struct,OpenIntelligence/Core/Models/ThinkingEvent.swift,6-16,model,direct,yes,Scanned type definition for ThinkingEvent
Kind,enum,OpenIntelligence/Core/Models/ThinkingEvent.swift,7-17,model,direct,yes,Scanned type definition for Kind
WorkspaceTier,enum,OpenIntelligence/Core/Models/WorkspaceTier.swift,5-15,model,direct,yes,Scanned type definition for WorkspaceTier
RetrievalRequest,struct,OpenIntelligence/Core/Protocols/EngineInterfaces.swift,5-15,model,indirect,yes,Scanned type definition for RetrievalRequest
KnowledgeRetrievalEngine,protocol,OpenIntelligence/Core/Protocols/EngineInterfaces.swift,30-40,model,indirect,yes,Scanned type definition for KnowledgeRetrievalEngine
DocumentChunkingOverride,struct,OpenIntelligence/Core/Protocols/EngineInterfaces.swift,35-45,model,indirect,yes,Scanned type definition for DocumentChunkingOverride
IngestedChunk,struct,OpenIntelligence/Core/Protocols/EngineInterfaces.swift,48-58,ingestion,indirect,yes,Scanned type definition for IngestedChunk
IngestedDocumentPayload,struct,OpenIntelligence/Core/Protocols/EngineInterfaces.swift,61-71,ingestion,indirect,yes,Scanned type definition for IngestedDocumentPayload
DocumentIngestionEngine,protocol,OpenIntelligence/Core/Protocols/EngineInterfaces.swift,74-84,ingestion,indirect,yes,Scanned type definition for DocumentIngestionEngine
DSHaptics,enum,OpenIntelligence/Core/Support/EngineSDKCompatibility.swift,8-18,model,indirect,yes,Scanned type definition for DSHaptics
LegacyProtectionState,enum,OpenIntelligence/Core/Support/EngineSDKCompatibility.swift,106-116,model,indirect,yes,Scanned type definition for LegacyProtectionState
MaximumModeExecutionDecision,enum,OpenIntelligence/Core/Support/EngineSDKCompatibility.swift,112-122,model,indirect,yes,Scanned type definition for MaximumModeExecutionDecision
LanguageModelSession,extension,OpenIntelligence/Core/Support/EngineSDKCompatibility.swift,190-200,model,indirect,yes,Scanned type definition for LanguageModelSession
OpenIntelligenceRuntimePaths,enum,OpenIntelligence/Core/Support/OpenIntelligenceRuntimePaths.swift,2-12,model,indirect,yes,Scanned type definition for OpenIntelligenceRuntimePaths
OpenIntelligenceResourceBundle,enum,OpenIntelligence/Core/Support/OpenIntelligenceRuntimePaths.swift,69-79,citation,indirect,yes,Scanned type definition for OpenIntelligenceResourceBundle
PlanUpgradeEntryPoint,enum,OpenIntelligence/Features/Billing/PlanUpgradeEntryPoint.swift,4-14,billing,direct,yes,Scanned type definition for PlanUpgradeEntryPoint
PlanUpgradeSheet,struct,OpenIntelligence/Features/Billing/PlanUpgradeSheet.swift,8-18,billing,direct,yes,Scanned type definition for PlanUpgradeSheet
PrivacyPolicyView,struct,OpenIntelligence/Features/Billing/PrivacyPolicyView.swift,5-15,billing,direct,yes,Scanned type definition for PrivacyPolicyView
TermsOfServiceView,struct,OpenIntelligence/Features/Billing/TermsOfServiceView.swift,4-14,billing,direct,yes,Scanned type definition for TermsOfServiceView
CameraManager,class,OpenIntelligence/Features/Camera/CameraManager.swift,22-32,model,indirect,yes,Scanned type definition for CameraManager
CameraManager,extension,OpenIntelligence/Features/Camera/CameraManager.swift,593-603,model,indirect,yes,Scanned type definition for CameraManager
CameraManager,extension,OpenIntelligence/Features/Camera/CameraManager.swift,777-787,model,indirect,yes,Scanned type definition for CameraManager
CameraManager,extension,OpenIntelligence/Features/Camera/CameraManager.swift,820-830,model,indirect,yes,Scanned type definition for CameraManager
ClassificationCategory,enum,OpenIntelligence/Features/Camera/CameraManager.swift,1078-1088,model,indirect,yes,Scanned type definition for ClassificationCategory
CameraError,enum,OpenIntelligence/Features/Camera/CameraManager.swift,1207-1217,model,indirect,yes,Scanned type definition for CameraError
CameraVisionOverlayView,struct,OpenIntelligence/Features/Camera/CameraVisionOverlayView.swift,19-29,UI,indirect,yes,Scanned type definition for CameraVisionOverlayView
RegionType,enum,OpenIntelligence/Features/Camera/CameraVisionOverlayView.swift,675-685,model,indirect,yes,Scanned type definition for RegionType
DetectedRegion,struct,OpenIntelligence/Features/Camera/CameraVisionOverlayView.swift,720-730,model,indirect,yes,Scanned type definition for DetectedRegion
PoseJoint,struct,OpenIntelligence/Features/Camera/CameraVisionOverlayView.swift,729-739,model,indirect,yes,Scanned type definition for PoseJoint
PoseConnection,struct,OpenIntelligence/Features/Camera/CameraVisionOverlayView.swift,737-747,model,indirect,yes,Scanned type definition for PoseConnection
DetectedPose,struct,OpenIntelligence/Features/Camera/CameraVisionOverlayView.swift,745-755,model,indirect,yes,Scanned type definition for DetectedPose
FrameAnalysis,struct,OpenIntelligence/Features/Camera/CameraVisionOverlayView.swift,755-765,model,indirect,yes,Scanned type definition for FrameAnalysis
CaptureResult,struct,OpenIntelligence/Features/Camera/CameraVisionOverlayView.swift,767-777,model,indirect,yes,Scanned type definition for CaptureResult
CaptureType,enum,OpenIntelligence/Features/Camera/CameraVisionOverlayView.swift,768-778,model,indirect,yes,Scanned type definition for CaptureType
StructuredCaptureElement,struct,OpenIntelligence/Features/Camera/CameraVisionOverlayView.swift,785-795,model,indirect,yes,Scanned type definition for StructuredCaptureElement
ElementType,enum,OpenIntelligence/Features/Camera/CameraVisionOverlayView.swift,786-796,model,indirect,yes,Scanned type definition for ElementType
CameraPreviewLayer,struct,OpenIntelligence/Features/Camera/CameraVisionOverlayView.swift,799-809,UI,indirect,yes,Scanned type definition for CameraPreviewLayer
CameraPreviewUIView,class,OpenIntelligence/Features/Camera/CameraVisionOverlayView.swift,815-825,UI,indirect,yes,Scanned type definition for CameraPreviewUIView
DetectionOverlayView,struct,OpenIntelligence/Features/Camera/CameraVisionOverlayView.swift,847-857,UI,indirect,yes,Scanned type definition for DetectionOverlayView
FaceSilhouetteOverlay,struct,OpenIntelligence/Features/Camera/CameraVisionOverlayView.swift,886-896,model,indirect,yes,Scanned type definition for FaceSilhouetteOverlay
HumanSilhouetteOverlay,struct,OpenIntelligence/Features/Camera/CameraVisionOverlayView.swift,980-990,model,indirect,yes,Scanned type definition for HumanSilhouetteOverlay
RegionBoundingBox,struct,OpenIntelligence/Features/Camera/CameraVisionOverlayView.swift,1087-1097,model,indirect,yes,Scanned type definition for RegionBoundingBox
PoseWireframeOverlay,struct,OpenIntelligence/Features/Camera/CameraVisionOverlayView.swift,1158-1168,model,indirect,yes,Scanned type definition for PoseWireframeOverlay
HumanWireframe,struct,OpenIntelligence/Features/Camera/CameraVisionOverlayView.swift,1182-1192,model,indirect,yes,Scanned type definition for HumanWireframe
AnimalWireframe,struct,OpenIntelligence/Features/Camera/CameraVisionOverlayView.swift,1276-1286,model,indirect,yes,Scanned type definition for AnimalWireframe
WireframeLine,struct,OpenIntelligence/Features/Camera/CameraVisionOverlayView.swift,1371-1381,model,indirect,yes,Scanned type definition for WireframeLine
WireframeJoint,struct,OpenIntelligence/Features/Camera/CameraVisionOverlayView.swift,1402-1412,model,indirect,yes,Scanned type definition for WireframeJoint
CaptureConfirmationSheet,struct,OpenIntelligence/Features/Camera/CameraVisionOverlayView.swift,1434-1444,model,indirect,yes,Scanned type definition for CaptureConfirmationSheet
StatBadge,struct,OpenIntelligence/Features/Camera/CameraVisionOverlayView.swift,1536-1546,model,indirect,yes,Scanned type definition for StatBadge
MetricPill,struct,OpenIntelligence/Features/Camera/CameraVisionOverlayView.swift,1560-1570,model,indirect,yes,Scanned type definition for MetricPill
CaptureToRAGBridge,actor,OpenIntelligence/Features/Camera/CaptureToRAGBridge.swift,18-28,RAG,indirect,yes,Scanned type definition for CaptureToRAGBridge
CaptureIngestionError,enum,OpenIntelligence/Features/Camera/CaptureToRAGBridge.swift,229-239,RAG,indirect,yes,Scanned type definition for CaptureIngestionError
LiveAnalysisService,actor,OpenIntelligence/Features/Camera/CaptureToRAGBridge.swift,247-257,RAG,indirect,yes,Scanned type definition for LiveAnalysisService
DocumentCaptureView,struct,OpenIntelligence/Features/Camera/DocumentCaptureView.swift,18-28,UI,indirect,yes,Scanned type definition for DocumentCaptureView
CaptureMode,enum,OpenIntelligence/Features/Camera/DocumentCaptureView.swift,213-223,model,indirect,yes,Scanned type definition for CaptureMode
SmartCaptureResult,struct,OpenIntelligence/Features/Camera/DocumentCaptureView.swift,240-250,model,indirect,yes,Scanned type definition for SmartCaptureResult
SmartCaptureManager,class,OpenIntelligence/Features/Camera/DocumentCaptureView.swift,299-309,model,indirect,yes,Scanned type definition for SmartCaptureManager
CaptureError,enum,OpenIntelligence/Features/Camera/DocumentCaptureView.swift,641-651,model,indirect,yes,Scanned type definition for CaptureError
SmartCaptureManager,extension,OpenIntelligence/Features/Camera/DocumentCaptureView.swift,649-659,model,indirect,yes,Scanned type definition for SmartCaptureManager
SmartCaptureManager,extension,OpenIntelligence/Features/Camera/DocumentCaptureView.swift,668-678,model,indirect,yes,Scanned type definition for SmartCaptureManager
SmartOverlay,struct,OpenIntelligence/Features/Camera/DocumentCaptureView.swift,700-710,model,indirect,yes,Scanned type definition for SmartOverlay
ModeIndicator,struct,OpenIntelligence/Features/Camera/DocumentCaptureView.swift,739-749,model,indirect,yes,Scanned type definition for ModeIndicator
LivePreviewBadge,struct,OpenIntelligence/Features/Camera/DocumentCaptureView.swift,757-767,UI,indirect,yes,Scanned type definition for LivePreviewBadge
CameraPreview,struct,OpenIntelligence/Features/Camera/DocumentCaptureView.swift,777-787,UI,indirect,yes,Scanned type definition for CameraPreview
PreviewView,class,OpenIntelligence/Features/Camera/DocumentCaptureView.swift,788-798,UI,indirect,yes,Scanned type definition for PreviewView
DocumentCorners,struct,OpenIntelligence/Features/Camera/DocumentCaptureView.swift,814-824,model,indirect,yes,Scanned type definition for DocumentCorners
CaptureButton,struct,OpenIntelligence/Features/Camera/DocumentCaptureView.swift,843-853,model,indirect,yes,Scanned type definition for CaptureButton
SmartCaptureConfirmation,struct,OpenIntelligence/Features/Camera/DocumentCaptureView.swift,871-881,model,indirect,yes,Scanned type definition for SmartCaptureConfirmation
FlowResult,struct,OpenIntelligence/Features/Camera/DocumentCaptureView.swift,1002-1012,model,indirect,yes,Scanned type definition for FlowResult
ActivityView,struct,OpenIntelligence/Features/Chat/Conversation/ActivityView.swift,11-21,chat,direct,yes,Scanned type definition for ActivityView
ActivityView,struct,OpenIntelligence/Features/Chat/Conversation/ActivityView.swift,24-34,chat,direct,yes,Scanned type definition for ActivityView
ChatAttachment,struct,OpenIntelligence/Features/Chat/Conversation/AttachmentPicker.swift,22-32,chat,direct,yes,Scanned type definition for ChatAttachment
AttachmentType,enum,OpenIntelligence/Features/Chat/Conversation/AttachmentPicker.swift,27-37,chat,direct,yes,Scanned type definition for AttachmentType
PhotoPicker,struct,OpenIntelligence/Features/Chat/Conversation/AttachmentPicker.swift,46-56,chat,direct,yes,Scanned type definition for PhotoPicker
Coordinator,class,OpenIntelligence/Features/Chat/Conversation/AttachmentPicker.swift,65-75,chat,direct,yes,Scanned type definition for Coordinator
PhotoPicker,struct,OpenIntelligence/Features/Chat/Conversation/AttachmentPicker.swift,126-136,chat,direct,yes,Scanned type definition for PhotoPicker
CameraPicker,struct,OpenIntelligence/Features/Chat/Conversation/AttachmentPicker.swift,150-160,chat,direct,yes,Scanned type definition for CameraPicker
Coordinator,class,OpenIntelligence/Features/Chat/Conversation/AttachmentPicker.swift,166-176,chat,direct,yes,Scanned type definition for Coordinator
CameraPicker,struct,OpenIntelligence/Features/Chat/Conversation/AttachmentPicker.swift,211-221,chat,direct,yes,Scanned type definition for CameraPicker
AttachmentPreviewChip,struct,OpenIntelligence/Features/Chat/Conversation/AttachmentPicker.swift,226-236,chat,direct,yes,Scanned type definition for AttachmentPreviewChip
AttachmentMenuButton,struct,OpenIntelligence/Features/Chat/Conversation/AttachmentPicker.swift,291-301,chat,direct,yes,Scanned type definition for AttachmentMenuButton
ExtendedDocumentPicker,struct,OpenIntelligence/Features/Chat/Conversation/AttachmentPicker.swift,335-345,chat,direct,yes,Scanned type definition for ExtendedDocumentPicker
Coordinator,class,OpenIntelligence/Features/Chat/Conversation/AttachmentPicker.swift,391-401,chat,direct,yes,Scanned type definition for Coordinator
ExtendedDocumentPicker,struct,OpenIntelligence/Features/Chat/Conversation/AttachmentPicker.swift,434-444,chat,direct,yes,Scanned type definition for ExtendedDocumentPicker
ChatComposerV2,struct,OpenIntelligence/Features/Chat/Conversation/ChatComposerV2.swift,12-22,chat,direct,yes,Scanned type definition for ChatComposerV2
ChatComposerV2,extension,OpenIntelligence/Features/Chat/Conversation/ChatComposerV2.swift,254-264,chat,direct,yes,Scanned type definition for ChatComposerV2
ChatScreen,struct,OpenIntelligence/Features/Chat/Conversation/ChatScreen.swift,185-195,chat,direct,yes,Scanned type definition for ChatScreen
TransformAction,enum,OpenIntelligence/Features/Chat/Conversation/ChatScreen.swift,2133-2143,chat,direct,yes,Scanned type definition for TransformAction
ChatHeader,struct,OpenIntelligence/Features/Chat/Conversation/ChatScreen.swift,3168-3178,chat,direct,yes,Scanned type definition for ChatHeader
ContextStatusBarView,struct,OpenIntelligence/Features/Chat/Conversation/ChatScreen.swift,3213-3223,chat,direct,yes,Scanned type definition for ContextStatusBarView
CompactChatHeader,struct,OpenIntelligence/Features/Chat/Conversation/ChatScreen.swift,3252-3262,chat,direct,yes,Scanned type definition for CompactChatHeader
QualityModeQuickPicker,struct,OpenIntelligence/Features/Chat/Conversation/ChatScreen.swift,3346-3356,chat,direct,yes,Scanned type definition for QualityModeQuickPicker
AccuracyModeBadge,struct,OpenIntelligence/Features/Chat/Conversation/ChatScreen.swift,3449-3459,chat,direct,yes,Scanned type definition for AccuracyModeBadge
MessageListEmptyContent,struct,OpenIntelligence/Features/Chat/Conversation/ChatScreen.swift,3491-3501,chat,direct,yes,Scanned type definition for MessageListEmptyContent
ChatV2FeatureRow,struct,OpenIntelligence/Features/Chat/Conversation/ChatScreen.swift,3743-3753,chat,direct,yes,Scanned type definition for ChatV2FeatureRow
ComposerStub,struct,OpenIntelligence/Features/Chat/Conversation/ChatScreen.swift,3769-3779,chat,direct,yes,Scanned type definition for ComposerStub
ToastItem,struct,OpenIntelligence/Features/Chat/Conversation/EventToasts.swift,14-24,chat,direct,yes,Scanned type definition for ToastItem
EventToastView,struct,OpenIntelligence/Features/Chat/Conversation/EventToasts.swift,57-67,chat,direct,yes,Scanned type definition for EventToastView
ToastStackView,struct,OpenIntelligence/Features/Chat/Conversation/EventToasts.swift,101-111,chat,direct,yes,Scanned type definition for ToastStackView
ToastOverlayModifier,struct,OpenIntelligence/Features/Chat/Conversation/EventToasts.swift,180-190,chat,direct,yes,Scanned type definition for ToastOverlayModifier
View,extension,OpenIntelligence/Features/Chat/Conversation/EventToasts.swift,190-200,chat,direct,yes,Scanned type definition for View
PreviewWrapper,struct,OpenIntelligence/Features/Chat/Conversation/EventToasts.swift,200-210,chat,direct,yes,Scanned type definition for PreviewWrapper
MessageActionsBar,struct,OpenIntelligence/Features/Chat/Conversation/MessageActionsBar.swift,14-24,chat,direct,yes,Scanned type definition for MessageActionsBar
MessageMetadataPanel,struct,OpenIntelligence/Features/Chat/Conversation/MessageActionsBar.swift,227-237,chat,direct,yes,Scanned type definition for MessageMetadataPanel
MessageBubbleV2,struct,OpenIntelligence/Features/Chat/Conversation/MessageBubbleV2.swift,12-22,chat,direct,yes,Scanned type definition for MessageBubbleV2
VerificationStatus,enum,OpenIntelligence/Features/Chat/Conversation/MessageBubbleV2.swift,514-524,chat,direct,yes,Scanned type definition for VerificationStatus
MessageListV2,struct,OpenIntelligence/Features/Chat/Conversation/MessageListV2.swift,9-19,chat,direct,yes,Scanned type definition for MessageListV2
View,extension,OpenIntelligence/Features/Chat/Conversation/ViewAnnotations.swift,12-22,chat,direct,yes,Scanned type definition for View
PipelineTraceExporter,enum,OpenIntelligence/Features/Chat/Pipeline/PipelineTraceExporter.swift,12-22,chat,direct,yes,Scanned type definition for PipelineTraceExporter
ChatExecutionLocation,enum,OpenIntelligence/Features/Chat/Pipeline/ProcessingModels.swift,10-20,chat,direct,yes,Scanned type definition for ChatExecutionLocation
ChatProcessingStage,enum,OpenIntelligence/Features/Chat/Pipeline/ProcessingModels.swift,44-54,chat,direct,yes,Scanned type definition for ChatProcessingStage
AnswerIntelligence,struct,OpenIntelligence/Features/Chat/Response/AnswerIntelligenceView.swift,16-26,chat,direct,yes,Scanned type definition for AnswerIntelligence
GateDetail,struct,OpenIntelligence/Features/Chat/Response/AnswerIntelligenceView.swift,48-58,chat,direct,yes,Scanned type definition for GateDetail
SourceInfo,struct,OpenIntelligence/Features/Chat/Response/AnswerIntelligenceView.swift,58-68,chat,direct,yes,Scanned type definition for SourceInfo
ConfidenceLevel,enum,OpenIntelligence/Features/Chat/Response/AnswerIntelligenceView.swift,89-99,chat,direct,yes,Scanned type definition for ConfidenceLevel
AnswerIntelligenceView,struct,OpenIntelligence/Features/Chat/Response/AnswerIntelligenceView.swift,119-129,chat,direct,yes,Scanned type definition for AnswerIntelligenceView
Section,enum,OpenIntelligence/Features/Chat/Response/AnswerIntelligenceView.swift,123-133,chat,direct,yes,Scanned type definition for Section
AnswerIntelligenceBadge,struct,OpenIntelligence/Features/Chat/Response/AnswerIntelligenceView.swift,559-569,chat,direct,yes,Scanned type definition for AnswerIntelligenceBadge
AnswerIntelligence,extension,OpenIntelligence/Features/Chat/Response/AnswerIntelligenceView.swift,585-595,chat,direct,yes,Scanned type definition for AnswerIntelligence
ContextUsageIndicator,struct,OpenIntelligence/Features/Chat/Response/ContextUsageIndicator.swift,12-22,chat,direct,yes,Scanned type definition for ContextUsageIndicator
CompactContextIndicator,struct,OpenIntelligence/Features/Chat/Response/ContextUsageIndicator.swift,150-160,chat,direct,yes,Scanned type definition for CompactContextIndicator
CircularContextGauge,struct,OpenIntelligence/Features/Chat/Response/ContextUsageIndicator.swift,195-205,chat,direct,yes,Scanned type definition for CircularContextGauge
EnhancedCodeBlock,struct,OpenIntelligence/Features/Chat/Response/EnhancedCodeBlock.swift,12-22,chat,direct,yes,Scanned type definition for EnhancedCodeBlock
CompactCodeBlock,struct,OpenIntelligence/Features/Chat/Response/EnhancedCodeBlock.swift,264-274,chat,direct,yes,Scanned type definition for CompactCodeBlock
ContentView,struct,OpenIntelligence/Features/Chat/Response/EnhancedCodeBlock.swift,308-318,chat,direct,yes,Scanned type definition for ContentView
GroundedAnswerView,struct,OpenIntelligence/Features/Chat/Response/GroundedAnswerView.swift,7-17,chat,direct,yes,Scanned type definition for GroundedAnswerView
ReportReason,enum,OpenIntelligence/Features/Chat/Response/ReportMessageSheet.swift,7-17,chat,direct,yes,Scanned type definition for ReportReason
ReportMessageSheet,struct,OpenIntelligence/Features/Chat/Response/ReportMessageSheet.swift,24-34,chat,direct,yes,Scanned type definition for ReportMessageSheet
ChatResponseDetailsView,struct,OpenIntelligence/Features/Chat/Response/ResponseDetailsView.swift,9-19,chat,direct,yes,Scanned type definition for ChatResponseDetailsView
VerificationLevel,enum,OpenIntelligence/Features/Chat/Response/ResponseDetailsView.swift,740-750,chat,direct,yes,Scanned type definition for VerificationLevel
ResponseDetailMetricRow,struct,OpenIntelligence/Features/Chat/Response/ResponseDetailsView.swift,976-986,chat,direct,yes,Scanned type definition for ResponseDetailMetricRow
RetrievalQualityBar,struct,OpenIntelligence/Features/Chat/Response/RetrievalQualityView.swift,12-22,chat,direct,yes,Scanned type definition for RetrievalQualityBar
CompactQualityIndicator,struct,OpenIntelligence/Features/Chat/Response/RetrievalQualityView.swift,147-157,chat,direct,yes,Scanned type definition for CompactQualityIndicator
QualityGauge,struct,OpenIntelligence/Features/Chat/Response/RetrievalQualityView.swift,188-198,chat,direct,yes,Scanned type definition for QualityGauge
QualityRadar,struct,OpenIntelligence/Features/Chat/Response/RetrievalQualityView.swift,225-235,chat,direct,yes,Scanned type definition for QualityRadar
RetrievalSourcesTray,struct,OpenIntelligence/Features/Chat/Response/RetrievalSourcesTray.swift,12-22,chat,direct,yes,Scanned type definition for RetrievalSourcesTray
SourceChipsView,struct,OpenIntelligence/Features/Chat/Response/SourceChipsView.swift,11-21,chat,direct,yes,Scanned type definition for SourceChipsView
SourceFidelityStatus,struct,OpenIntelligence/Features/Chat/Response/SourceFidelityStatus.swift,9-19,chat,direct,yes,Scanned type definition for SourceFidelityStatus
FidelityLevel,enum,OpenIntelligence/Features/Chat/Response/SourceFidelityStatus.swift,11-21,chat,direct,yes,Scanned type definition for FidelityLevel
StatusPillV2,struct,OpenIntelligence/Features/Chat/Response/StatusPillV2.swift,10-20,chat,direct,yes,Scanned type definition for StatusPillV2
ThinkingStreamView,struct,OpenIntelligence/Features/Chat/Response/ThinkingStreamView.swift,5-15,chat,direct,yes,Scanned type definition for ThinkingStreamView
ViewMode,enum,OpenIntelligence/Features/Chat/Response/ThinkingStreamView.swift,13-23,chat,direct,yes,Scanned type definition for ViewMode
TimingBreakdownView,struct,OpenIntelligence/Features/Chat/Response/TimingBreakdownView.swift,12-22,chat,direct,yes,Scanned type definition for TimingBreakdownView
TimingChipsRow,struct,OpenIntelligence/Features/Chat/Response/TimingBreakdownView.swift,174-184,chat,direct,yes,Scanned type definition for TimingChipsRow
ToolCallBadge,struct,OpenIntelligence/Features/Chat/Response/ToolCallBadge.swift,13-23,chat,direct,yes,Scanned type definition for ToolCallBadge
MicroToolCallBadge,struct,OpenIntelligence/Features/Chat/Response/ToolCallBadge.swift,58-68,chat,direct,yes,Scanned type definition for MicroToolCallBadge
RetrievalMode,enum,OpenIntelligence/Features/Chat/Response/UnifiedMetricsBar.swift,15-25,chat,direct,yes,Scanned type definition for RetrievalMode
UnifiedMetricsBar,struct,OpenIntelligence/Features/Chat/Response/UnifiedMetricsBar.swift,42-52,chat,direct,yes,Scanned type definition for UnifiedMetricsBar
PanelHeightPreferenceKey,struct,OpenIntelligence/Features/Chat/Response/UnifiedMetricsBar.swift,4663-4673,chat,direct,yes,Scanned type definition for PanelHeightPreferenceKey
VerificationGatesOverlayView,struct,OpenIntelligence/Features/Chat/Response/VerificationGatesOverlayView.swift,6-16,chat,direct,yes,Scanned type definition for VerificationGatesOverlayView
GateStatus,enum,OpenIntelligence/Features/Chat/Response/VerificationGatesOverlayView.swift,11-21,chat,direct,yes,Scanned type definition for GateStatus
VerificationGate,struct,OpenIntelligence/Features/Chat/Response/VerificationGatesOverlayView.swift,17-27,chat,direct,yes,Scanned type definition for VerificationGate
GateRowView,struct,OpenIntelligence/Features/Chat/Response/VerificationGatesOverlayView.swift,173-183,chat,direct,yes,Scanned type definition for GateRowView
VisualEvidenceCard,struct,OpenIntelligence/Features/Chat/Response/VisualEvidenceCard.swift,9-19,chat,direct,yes,Scanned type definition for VisualEvidenceCard
WritingToolsResultSheet,struct,OpenIntelligence/Features/Chat/Response/WritingToolsResultSheet.swift,11-21,chat,direct,yes,Scanned type definition for WritingToolsResultSheet
DatabaseDashboardView,struct,OpenIntelligence/Features/Database/DatabaseDashboardView.swift,13-23,persistence,indirect,yes,Scanned type definition for DatabaseDashboardView
RebuildLogEntry,struct,OpenIntelligence/Features/Database/DatabaseDashboardView.swift,44-54,persistence,indirect,yes,Scanned type definition for RebuildLogEntry
LogType,enum,OpenIntelligence/Features/Database/DatabaseDashboardView.swift,50-60,persistence,indirect,yes,Scanned type definition for LogType
DatabaseSection,enum,OpenIntelligence/Features/Database/DatabaseDashboardView.swift,75-85,persistence,indirect,yes,Scanned type definition for DatabaseSection
Status,enum,OpenIntelligence/Features/Database/DatabaseDashboardView.swift,1903-1913,persistence,indirect,yes,Scanned type definition for Status
LibraryIntelligenceCard,struct,OpenIntelligence/Features/Database/DatabaseDashboardView.swift,1945-1955,persistence,indirect,yes,Scanned type definition for LibraryIntelligenceCard
IntelligenceMetricRow,struct,OpenIntelligence/Features/Database/DatabaseDashboardView.swift,2118-2128,persistence,indirect,yes,Scanned type definition for IntelligenceMetricRow
CorpusSignalBadge,struct,OpenIntelligence/Features/Database/DatabaseDashboardView.swift,2140-2150,persistence,indirect,yes,Scanned type definition for CorpusSignalBadge
IntelligenceExplanationRow,struct,OpenIntelligence/Features/Database/DatabaseDashboardView.swift,2156-2166,persistence,indirect,yes,Scanned type definition for IntelligenceExplanationRow
DocumentPreviewSheet,struct,OpenIntelligence/Features/Database/DatabaseDashboardView.swift,2187-2197,persistence,indirect,yes,Scanned type definition for DocumentPreviewSheet
AnalysisStats,struct,OpenIntelligence/Features/Database/DatabaseDashboardView.swift,2205-2215,persistence,indirect,yes,Scanned type definition for AnalysisStats
DeveloperDiagnosticsHubView,struct,OpenIntelligence/Features/Diagnostics/Hub/DeveloperDiagnosticsHubView.swift,9-19,diagnostics,indirect,yes,Scanned type definition for DeveloperDiagnosticsHubView
BackendHealthDiagnosticsView,struct,OpenIntelligence/Features/Diagnostics/Monitoring/BackendHealthDiagnosticsView.swift,10-20,diagnostics,indirect,yes,Scanned type definition for BackendHealthDiagnosticsView
LiveSystemMonitorWrapper,struct,OpenIntelligence/Features/Diagnostics/Monitoring/LiveSystemMonitorWrapper.swift,13-23,diagnostics,indirect,yes,Scanned type definition for LiveSystemMonitorWrapper
ChunkInspectorView,struct,OpenIntelligence/Features/Diagnostics/Validation/ChunkInspectorView.swift,9-19,diagnostics,indirect,yes,Scanned type definition for ChunkInspectorView
InspectionMode,enum,OpenIntelligence/Features/Diagnostics/Validation/ChunkInspectorView.swift,24-34,diagnostics,indirect,yes,Scanned type definition for InspectionMode
ChunkSortOrder,enum,OpenIntelligence/Features/Diagnostics/Validation/ChunkInspectorView.swift,30-40,diagnostics,indirect,yes,Scanned type definition for ChunkSortOrder
ChunkRowView,struct,OpenIntelligence/Features/Diagnostics/Validation/ChunkInspectorView.swift,373-383,diagnostics,indirect,yes,Scanned type definition for ChunkRowView
ChunkDetailSheet,struct,OpenIntelligence/Features/Diagnostics/Validation/ChunkInspectorView.swift,444-454,diagnostics,indirect,yes,Scanned type definition for ChunkDetailSheet
ChunkInspectionResult,struct,OpenIntelligence/Features/Diagnostics/Validation/ChunkInspectorView.swift,636-646,diagnostics,indirect,yes,Scanned type definition for ChunkInspectionResult
CorpusVerificationResult,struct,OpenIntelligence/Features/Diagnostics/Validation/ChunkInspectorView.swift,654-664,diagnostics,indirect,yes,Scanned type definition for CorpusVerificationResult
ContainerScopingSelfTestsView,struct,OpenIntelligence/Features/Diagnostics/Validation/ContainerScopingSelfTestsView.swift,10-20,diagnostics,indirect,yes,Scanned type definition for ContainerScopingSelfTestsView
Status,enum,OpenIntelligence/Features/Diagnostics/Validation/ContainerScopingSelfTestsView.swift,317-327,diagnostics,indirect,yes,Scanned type definition for Status
CoreValidationView,struct,OpenIntelligence/Features/Diagnostics/Validation/CoreValidationView.swift,10-20,diagnostics,indirect,yes,Scanned type definition for CoreValidationView
ModernStatusCard,struct,OpenIntelligence/Features/Diagnostics/Validation/CoreValidationView.swift,387-397,diagnostics,indirect,yes,Scanned type definition for ModernStatusCard
EmbeddingStatusCard,struct,OpenIntelligence/Features/Diagnostics/Validation/CoreValidationView.swift,440-450,diagnostics,indirect,yes,Scanned type definition for EmbeddingStatusCard
EmbeddingTelemetryList,struct,OpenIntelligence/Features/Diagnostics/Validation/CoreValidationView.swift,513-523,diagnostics,indirect,yes,Scanned type definition for EmbeddingTelemetryList
ModernTestResultCard,struct,OpenIntelligence/Features/Diagnostics/Validation/CoreValidationView.swift,575-585,diagnostics,indirect,yes,Scanned type definition for ModernTestResultCard
ModernTestInfoSection,struct,OpenIntelligence/Features/Diagnostics/Validation/CoreValidationView.swift,623-633,diagnostics,indirect,yes,Scanned type definition for ModernTestInfoSection
ModernTestInfoItem,struct,OpenIntelligence/Features/Diagnostics/Validation/CoreValidationView.swift,671-681,diagnostics,indirect,yes,Scanned type definition for ModernTestInfoItem
StatusCard,struct,OpenIntelligence/Features/Diagnostics/Validation/CoreValidationView.swift,698-708,diagnostics,indirect,yes,Scanned type definition for StatusCard
TestResultRow,struct,OpenIntelligence/Features/Diagnostics/Validation/CoreValidationView.swift,708-718,diagnostics,indirect,yes,Scanned type definition for TestResultRow
TestInfoSection,struct,OpenIntelligence/Features/Diagnostics/Validation/CoreValidationView.swift,716-726,diagnostics,indirect,yes,Scanned type definition for TestInfoSection
TestInfoItem,struct,OpenIntelligence/Features/Diagnostics/Validation/CoreValidationView.swift,722-732,diagnostics,indirect,yes,Scanned type definition for TestInfoItem
TestResult,struct,OpenIntelligence/Features/Diagnostics/Validation/CoreValidationView.swift,733-743,diagnostics,indirect,yes,Scanned type definition for TestResult
TestStatus,enum,OpenIntelligence/Features/Diagnostics/Validation/CoreValidationView.swift,741-751,diagnostics,indirect,yes,Scanned type definition for TestStatus
PCCRouteEvaluator,class,OpenIntelligence/Features/Diagnostics/Validation/PCCRouteEvaluator.swift,14-24,routing,direct,yes,Scanned type definition for PCCRouteEvaluator
RAGAccuracyView,struct,OpenIntelligence/Features/Diagnostics/Validation/RAGAccuracyView.swift,12-22,RAG,indirect,yes,Scanned type definition for RAGAccuracyView
EmbeddingSanityResult,struct,OpenIntelligence/Features/Diagnostics/Validation/RAGAccuracyView.swift,494-504,RAG,indirect,yes,Scanned type definition for EmbeddingSanityResult
RAGPipelineAuditView,struct,OpenIntelligence/Features/Diagnostics/Validation/RAGPipelineAuditView.swift,9-19,RAG,indirect,yes,Scanned type definition for RAGPipelineAuditView
ContainerPillBadgeStyle,enum,OpenIntelligence/Features/Documents/Components/ContainerPicker.swift,9-19,model,indirect,yes,Scanned type definition for ContainerPillBadgeStyle
ContainerPickerStrip,struct,OpenIntelligence/Features/Documents/Components/ContainerPicker.swift,37-47,model,indirect,yes,Scanned type definition for ContainerPickerStrip
ContainerPill,struct,OpenIntelligence/Features/Documents/Components/ContainerPicker.swift,120-130,model,indirect,yes,Scanned type definition for ContainerPill
ModernDocumentCard,struct,OpenIntelligence/Features/Documents/Components/DocumentCard.swift,9-19,model,indirect,yes,Scanned type definition for ModernDocumentCard
DeleteMode,enum,OpenIntelligence/Features/Documents/Components/DocumentCard.swift,16-26,model,indirect,yes,Scanned type definition for DeleteMode
ContentTagsRow,struct,OpenIntelligence/Features/Documents/Components/DocumentCard.swift,179-189,model,indirect,yes,Scanned type definition for ContentTagsRow
DocumentPicker,struct,OpenIntelligence/Features/Documents/Components/DocumentPicker.swift,12-22,model,indirect,yes,Scanned type definition for DocumentPicker
Coordinator,class,OpenIntelligence/Features/Documents/Components/DocumentPicker.swift,78-88,model,indirect,yes,Scanned type definition for Coordinator
DocumentPicker,struct,OpenIntelligence/Features/Documents/Components/DocumentPicker.swift,118-128,model,indirect,yes,Scanned type definition for DocumentPicker
DocumentQuotaBanner,struct,OpenIntelligence/Features/Documents/Components/DocumentQuotaBanner.swift,9-19,billing,direct,yes,Scanned type definition for DocumentQuotaBanner
DocumentRow,struct,OpenIntelligence/Features/Documents/Components/DocumentRow.swift,9-19,model,indirect,yes,Scanned type definition for DocumentRow
DocumentRow,extension,OpenIntelligence/Features/Documents/Components/DocumentRow.swift,41-51,model,indirect,yes,Scanned type definition for DocumentRow
EmptyDocumentsView,struct,OpenIntelligence/Features/Documents/Components/EmptyDocumentsView.swift,9-19,UI,indirect,yes,Scanned type definition for EmptyDocumentsView
DocumentFeatureRow,struct,OpenIntelligence/Features/Documents/Components/EmptyDocumentsView.swift,157-167,model,indirect,yes,Scanned type definition for DocumentFeatureRow
ProcessingSummaryView,struct,OpenIntelligence/Features/Documents/Components/ProcessingSummaryView.swift,9-19,ingestion,indirect,yes,Scanned type definition for ProcessingSummaryView
View,extension,OpenIntelligence/Features/Documents/Components/ProcessingSummaryView.swift,119-129,ingestion,indirect,yes,Scanned type definition for View
InfoSection,struct,OpenIntelligence/Features/Documents/Components/ProcessingSummaryView.swift,129-139,ingestion,indirect,yes,Scanned type definition for InfoSection
DetailInfoRow,struct,OpenIntelligence/Features/Documents/Components/ProcessingSummaryView.swift,157-167,ingestion,indirect,yes,Scanned type definition for DetailInfoRow
StatsFooter,struct,OpenIntelligence/Features/Documents/Components/StatsFooter.swift,9-19,model,indirect,yes,Scanned type definition for StatsFooter
AutoIntelligenceBadge,struct,OpenIntelligence/Features/Documents/Components/StatsFooter.swift,44-54,model,indirect,yes,Scanned type definition for AutoIntelligenceBadge
DocumentDetailsView,struct,OpenIntelligence/Features/Documents/Details/DocumentDetailsView.swift,9-19,UI,indirect,yes,Scanned type definition for DocumentDetailsView
DetailRow,struct,OpenIntelligence/Features/Documents/Details/DocumentDetailsView.swift,550-560,model,indirect,yes,Scanned type definition for DetailRow
FlowLayout,struct,OpenIntelligence/Features/Documents/Details/DocumentDetailsView.swift,847-857,model,indirect,yes,Scanned type definition for FlowLayout
CachedDocsView,struct,OpenIntelligence/Features/Documents/Library/CachedDocsView.swift,14-24,UI,indirect,yes,Scanned type definition for CachedDocsView
DocumentLibraryView,struct,OpenIntelligence/Features/Documents/Library/DocumentLibraryView.swift,11-21,UI,indirect,yes,Scanned type definition for DocumentLibraryView
SampleDocumentDescriptor,struct,OpenIntelligence/Features/Documents/Library/SampleDocumentManager.swift,4-14,model,indirect,yes,Scanned type definition for SampleDocumentDescriptor
SemanticSearchView,struct,OpenIntelligence/Features/Documents/Search/SemanticSearchView.swift,2-12,retrieval,indirect,yes,Scanned type definition for SemanticSearchView
LibraryColorPalette,enum,OpenIntelligence/Features/Documents/Settings/ColorPicker.swift,17-27,model,indirect,yes,Scanned type definition for LibraryColorPalette
LibraryColorPicker,struct,OpenIntelligence/Features/Documents/Settings/ColorPicker.swift,81-91,model,indirect,yes,Scanned type definition for LibraryColorPicker
ColorPickerButton,struct,OpenIntelligence/Features/Documents/Settings/ColorPicker.swift,289-299,model,indirect,yes,Scanned type definition for ColorPickerButton
AccentColorPicker,struct,OpenIntelligence/Features/Documents/Settings/ColorPicker.swift,340-350,model,indirect,yes,Scanned type definition for AccentColorPicker
AccentColorSettingsRow,struct,OpenIntelligence/Features/Documents/Settings/ColorPicker.swift,442-452,model,indirect,yes,Scanned type definition for AccentColorSettingsRow
Color,extension,OpenIntelligence/Features/Documents/Settings/ColorPicker.swift,496-506,model,indirect,yes,Scanned type definition for Color
ContainerSettingsSheet,extension,OpenIntelligence/Features/Documents/Settings/ContainerSettingsSheet+Sections.swift,12-22,model,indirect,yes,Scanned type definition for ContainerSettingsSheet
ChunkingPreview,struct,OpenIntelligence/Features/Documents/Settings/ContainerSettingsSheet+Sections.swift,1507-1517,UI,indirect,yes,Scanned type definition for ChunkingPreview
ContainerSettingsSheet,struct,OpenIntelligence/Features/Documents/Settings/ContainerSettingsSheet.swift,11-21,model,indirect,yes,Scanned type definition for ContainerSettingsSheet
EmbeddingProviderOption,struct,OpenIntelligence/Features/Documents/Settings/ContainerSettingsSheet.swift,755-765,model,indirect,yes,Scanned type definition for EmbeddingProviderOption
DimensionOption,struct,OpenIntelligence/Features/Documents/Settings/ContainerSettingsSheet.swift,768-778,model,indirect,yes,Scanned type definition for DimensionOption
VectorDBOptionDescriptor,struct,OpenIntelligence/Features/Documents/Settings/ContainerSettingsSheet.swift,779-789,model,indirect,yes,Scanned type definition for VectorDBOptionDescriptor
ProviderAvailabilityAlert,struct,OpenIntelligence/Features/Documents/Settings/ContainerSettingsSheet.swift,789-799,model,indirect,yes,Scanned type definition for ProviderAvailabilityAlert
ReembedContext,struct,OpenIntelligence/Features/Documents/Settings/ContainerSettingsSheet.swift,811-821,model,indirect,yes,Scanned type definition for ReembedContext
SelectableOptionCard,struct,OpenIntelligence/Features/Documents/Settings/ContainerSettingsSheet.swift,819-829,model,indirect,yes,Scanned type definition for SelectableOptionCard
OptionMetric,struct,OpenIntelligence/Features/Documents/Settings/ContainerSettingsSheet.swift,949-959,model,indirect,yes,Scanned type definition for OptionMetric
SettingHelpCallout,struct,OpenIntelligence/Features/Documents/Settings/ContainerSettingsSheet.swift,956-966,model,indirect,yes,Scanned type definition for SettingHelpCallout
AutoIntelligencePanel,struct,OpenIntelligence/Features/Documents/Settings/ContainerSettingsSheet.swift,998-1008,model,indirect,yes,Scanned type definition for AutoIntelligencePanel
ReembedStatusBanner,struct,OpenIntelligence/Features/Documents/Settings/ContainerSettingsSheet.swift,1307-1317,model,indirect,yes,Scanned type definition for ReembedStatusBanner
SFSymbolPicker,struct,OpenIntelligence/Features/Documents/Settings/SFSymbolPicker.swift,9-19,model,indirect,yes,Scanned type definition for SFSymbolPicker
SymbolCategory,enum,OpenIntelligence/Features/Documents/Settings/SFSymbolPicker.swift,25-35,model,indirect,yes,Scanned type definition for SymbolCategory
SFSymbolPickerButton,struct,OpenIntelligence/Features/Documents/Settings/SFSymbolPicker.swift,352-362,model,indirect,yes,Scanned type definition for SFSymbolPickerButton
OnboardingChecklistLauncher,struct,OpenIntelligence/Features/Onboarding/OnboardingChecklistLauncher.swift,5-15,model,indirect,yes,Scanned type definition for OnboardingChecklistLauncher
OnboardingChecklistView,struct,OpenIntelligence/Features/Onboarding/OnboardingChecklistView.swift,33-43,UI,indirect,yes,Scanned type definition for OnboardingChecklistView
OpenIntelligenceLinks,enum,OpenIntelligence/Features/Settings/AboutView.swift,2-12,model,indirect,yes,Scanned type definition for OpenIntelligenceLinks
AboutView,struct,OpenIntelligence/Features/Settings/AboutView.swift,26-36,UI,indirect,yes,Scanned type definition for AboutView
FeatureRow,struct,OpenIntelligence/Features/Settings/Components/FeatureRow.swift,11-21,model,indirect,yes,Scanned type definition for FeatureRow
InfoRow,struct,OpenIntelligence/Features/Settings/Components/InfoRow.swift,11-21,model,indirect,yes,Scanned type definition for InfoRow
ModelConfigurationSheet,struct,OpenIntelligence/Features/Settings/Components/ModelConfigurationSheet.swift,11-21,model,direct,yes,Scanned type definition for ModelConfigurationSheet
InferencePreset,enum,OpenIntelligence/Features/Settings/Components/ModelConfigurationSheet.swift,443-453,model,direct,yes,Scanned type definition for InferencePreset
SystemPromptTemplate,enum,OpenIntelligence/Features/Settings/Components/ModelConfigurationSheet.swift,581-591,model,direct,yes,Scanned type definition for SystemPromptTemplate
ModelInfoCard,struct,OpenIntelligence/Features/Settings/Components/ModelInfoCard.swift,12-22,model,direct,yes,Scanned type definition for ModelInfoCard
ModelPipelineRow,struct,OpenIntelligence/Features/Settings/Components/ModelPipelineRow.swift,11-21,model,direct,yes,Scanned type definition for ModelPipelineRow
ModelPipelineStage,struct,OpenIntelligence/Features/Settings/Components/ModelPipelineStage.swift,11-21,model,direct,yes,Scanned type definition for ModelPipelineStage
Role,enum,OpenIntelligence/Features/Settings/Components/ModelPipelineStage.swift,12-22,model,direct,yes,Scanned type definition for Role
Status,enum,OpenIntelligence/Features/Settings/Components/ModelPipelineStage.swift,50-60,model,direct,yes,Scanned type definition for Status
ModelSelectorSheet,struct,OpenIntelligence/Features/Settings/Components/ModelSelectorSheet.swift,9-19,model,direct,yes,Scanned type definition for ModelSelectorSheet
SettingsView,struct,OpenIntelligence/Features/Settings/SettingsView.swift,14-24,UI,indirect,yes,Scanned type definition for SettingsView
Bundle,extension,OpenIntelligence/Features/Settings/SettingsView.swift,2558-2568,model,indirect,yes,Scanned type definition for Bundle
LiveTelemetryStatsView,struct,OpenIntelligence/Features/Telemetry/Dashboard/LiveTelemetryStatsView.swift,11-21,diagnostics,indirect,yes,Scanned type definition for LiveTelemetryStatsView
DeviceComponentLayout,enum,OpenIntelligence/Features/Telemetry/Dashboard/MotherboardHUDView.swift,29-39,diagnostics,indirect,yes,Scanned type definition for DeviceComponentLayout
HardwareXRayOverlay,struct,OpenIntelligence/Features/Telemetry/Dashboard/MotherboardHUDView.swift,289-299,diagnostics,indirect,yes,Scanned type definition for HardwareXRayOverlay
TelemetryDashboardView,struct,OpenIntelligence/Features/Telemetry/Dashboard/TelemetryDashboardView.swift,2-12,diagnostics,indirect,yes,Scanned type definition for TelemetryDashboardView
NLChunkingDiagnosticsView,struct,OpenIntelligence/Features/Telemetry/Diagnostics/NLChunkingDiagnosticsView.swift,10-20,diagnostics,indirect,yes,Scanned type definition for NLChunkingDiagnosticsView
AdaptiveVisualizationsView,struct,OpenIntelligence/Features/Telemetry/Visualizations/AdaptiveVisualizationsView.swift,13-23,diagnostics,indirect,yes,Scanned type definition for AdaptiveVisualizationsView
AtlasProjectionMethod,enum,OpenIntelligence/Features/Telemetry/Visualizations/AdaptiveVisualizationsView.swift,35-45,diagnostics,indirect,yes,Scanned type definition for AtlasProjectionMethod
AtlasBackgroundStyle,enum,OpenIntelligence/Features/Telemetry/Visualizations/AdaptiveVisualizationsView.swift,57-67,diagnostics,indirect,yes,Scanned type definition for AtlasBackgroundStyle
AtlasMode,enum,OpenIntelligence/Features/Telemetry/Visualizations/AdaptiveVisualizationsView.swift,95-105,diagnostics,indirect,yes,Scanned type definition for AtlasMode
QuickMetric,struct,OpenIntelligence/Features/Telemetry/Visualizations/AdaptiveVisualizationsView.swift,850-860,diagnostics,indirect,yes,Scanned type definition for QuickMetric
InsightCard,struct,OpenIntelligence/Features/Telemetry/Visualizations/AdaptiveVisualizationsView.swift,880-890,diagnostics,indirect,yes,Scanned type definition for InsightCard
RecommendedViewCard,struct,OpenIntelligence/Features/Telemetry/Visualizations/AdaptiveVisualizationsView.swift,939-949,diagnostics,indirect,yes,Scanned type definition for RecommendedViewCard
StatTile,struct,OpenIntelligence/Features/Telemetry/Visualizations/AdaptiveVisualizationsView.swift,1024-1034,diagnostics,indirect,yes,Scanned type definition for StatTile
TopicCloudView,struct,OpenIntelligence/Features/Telemetry/Visualizations/AdaptiveVisualizationsView.swift,1055-1065,routing,indirect,yes,Scanned type definition for TopicCloudView
ContentBreakdownView,struct,OpenIntelligence/Features/Telemetry/Visualizations/AdaptiveVisualizationsView.swift,1119-1129,diagnostics,indirect,yes,Scanned type definition for ContentBreakdownView
ClusterOverviewView,struct,OpenIntelligence/Features/Telemetry/Visualizations/AdaptiveVisualizationsView.swift,1177-1187,diagnostics,indirect,yes,Scanned type definition for ClusterOverviewView
RetrievalFlowView,struct,OpenIntelligence/Features/Telemetry/Visualizations/AdaptiveVisualizationsView.swift,1241-1251,diagnostics,indirect,yes,Scanned type definition for RetrievalFlowView
DocumentRelationshipView,struct,OpenIntelligence/Features/Telemetry/Visualizations/AdaptiveVisualizationsView.swift,1333-1343,diagnostics,indirect,yes,Scanned type definition for DocumentRelationshipView
SimilarityHeatmapPreview,struct,OpenIntelligence/Features/Telemetry/Visualizations/AdaptiveVisualizationsView.swift,1360-1370,diagnostics,indirect,yes,Scanned type definition for SimilarityHeatmapPreview
LibraryTimelineView,struct,OpenIntelligence/Features/Telemetry/Visualizations/AdaptiveVisualizationsView.swift,1411-1421,diagnostics,indirect,yes,Scanned type definition for LibraryTimelineView
AtlasStatPill,struct,OpenIntelligence/Features/Telemetry/Visualizations/AdaptiveVisualizationsView.swift,1506-1516,diagnostics,indirect,yes,Scanned type definition for AtlasStatPill
AtlasToggleChip,struct,OpenIntelligence/Features/Telemetry/Visualizations/AdaptiveVisualizationsView.swift,1536-1546,diagnostics,indirect,yes,Scanned type definition for AtlasToggleChip
CompactInsightCard,struct,OpenIntelligence/Features/Telemetry/Visualizations/AdaptiveVisualizationsView.swift,1563-1573,diagnostics,indirect,yes,Scanned type definition for CompactInsightCard
Fullscreen3DAtlasView,struct,OpenIntelligence/Features/Telemetry/Visualizations/AdaptiveVisualizationsView.swift,1617-1627,diagnostics,indirect,yes,Scanned type definition for Fullscreen3DAtlasView
CompactAtlasSceneView,struct,OpenIntelligence/Features/Telemetry/Visualizations/AdaptiveVisualizationsView.swift,2809-2819,diagnostics,indirect,yes,Scanned type definition for CompactAtlasSceneView
EmbeddingInsight,struct,OpenIntelligence/Features/Telemetry/Visualizations/Embedding3DView.swift,14-24,diagnostics,indirect,yes,Scanned type definition for EmbeddingInsight
PointAnnotationLabel,struct,OpenIntelligence/Features/Telemetry/Visualizations/Embedding3DView.swift,24-34,diagnostics,indirect,yes,Scanned type definition for PointAnnotationLabel
SCNVector3,extension,OpenIntelligence/Features/Telemetry/Visualizations/Embedding3DView.swift,41-51,diagnostics,indirect,yes,Scanned type definition for SCNVector3
SCNVector4,extension,OpenIntelligence/Features/Telemetry/Visualizations/Embedding3DView.swift,51-61,diagnostics,indirect,yes,Scanned type definition for SCNVector4
EmbeddingSceneBackgroundStyle,enum,OpenIntelligence/Features/Telemetry/Visualizations/Embedding3DView.swift,78-88,diagnostics,indirect,yes,Scanned type definition for EmbeddingSceneBackgroundStyle
GradientSpec,struct,OpenIntelligence/Features/Telemetry/Visualizations/Embedding3DView.swift,222-232,diagnostics,indirect,yes,Scanned type definition for GradientSpec
VizLegendItem,struct,OpenIntelligence/Features/Telemetry/Visualizations/Embedding3DView.swift,232-242,diagnostics,indirect,yes,Scanned type definition for VizLegendItem
EmbeddingSpaceRenderer,struct,OpenIntelligence/Features/Telemetry/Visualizations/Embedding3DView.swift,239-249,diagnostics,indirect,yes,Scanned type definition for EmbeddingSpaceRenderer
LegendChipsView,struct,OpenIntelligence/Features/Telemetry/Visualizations/Embedding3DView.swift,2352-2362,diagnostics,indirect,yes,Scanned type definition for LegendChipsView
LegendChip,struct,OpenIntelligence/Features/Telemetry/Visualizations/Embedding3DView.swift,2389-2399,diagnostics,indirect,yes,Scanned type definition for LegendChip
AnnotationPopoverLayer,struct,OpenIntelligence/Features/Telemetry/Visualizations/Embedding3DView.swift,2421-2431,diagnostics,indirect,yes,Scanned type definition for AnnotationPopoverLayer
AnnotationBubble,struct,OpenIntelligence/Features/Telemetry/Visualizations/Embedding3DView.swift,2457-2467,diagnostics,indirect,yes,Scanned type definition for AnnotationBubble
InsightCard,struct,OpenIntelligence/Features/Telemetry/Visualizations/Embedding3DView.swift,2500-2510,diagnostics,indirect,yes,Scanned type definition for InsightCard
AnnotationCandidate,struct,OpenIntelligence/Features/Telemetry/Visualizations/Embedding3DView.swift,2656-2666,diagnostics,indirect,yes,Scanned type definition for AnnotationCandidate
Embedding3DSceneView,struct,OpenIntelligence/Features/Telemetry/Visualizations/Embedding3DView.swift,3289-3299,diagnostics,indirect,yes,Scanned type definition for Embedding3DSceneView
SceneOptions,struct,OpenIntelligence/Features/Telemetry/Visualizations/Embedding3DView.swift,3291-3301,diagnostics,indirect,yes,Scanned type definition for SceneOptions
AxisLabels,struct,OpenIntelligence/Features/Telemetry/Visualizations/Embedding3DView.swift,3304-3314,diagnostics,indirect,yes,Scanned type definition for AxisLabels
AnnotationData,struct,OpenIntelligence/Features/Telemetry/Visualizations/Embedding3DView.swift,3318-3328,diagnostics,indirect,yes,Scanned type definition for AnnotationData
TappedPointInfo,struct,OpenIntelligence/Features/Telemetry/Visualizations/Embedding3DView.swift,3331-3341,diagnostics,indirect,yes,Scanned type definition for TappedPointInfo
SceneViewContainer,struct,OpenIntelligence/Features/Telemetry/Visualizations/Embedding3DView.swift,3359-3369,diagnostics,indirect,yes,Scanned type definition for SceneViewContainer
Coordinator,class,OpenIntelligence/Features/Telemetry/Visualizations/Embedding3DView.swift,3399-3409,diagnostics,indirect,yes,Scanned type definition for Coordinator
SceneViewContainer,struct,OpenIntelligence/Features/Telemetry/Visualizations/Embedding3DView.swift,3493-3503,diagnostics,indirect,yes,Scanned type definition for SceneViewContainer
Coordinator,class,OpenIntelligence/Features/Telemetry/Visualizations/Embedding3DView.swift,3533-3543,diagnostics,indirect,yes,Scanned type definition for Coordinator
EmbeddingColorPalette,enum,OpenIntelligence/Features/Telemetry/Visualizations/Embedding3DView.swift,4749-4759,diagnostics,indirect,yes,Scanned type definition for EmbeddingColorPalette
EmbeddingSpaceRenderer,struct,OpenIntelligence/Features/Telemetry/Visualizations/Embedding3DView.swift,4806-4816,diagnostics,indirect,yes,Scanned type definition for EmbeddingSpaceRenderer
VisualizationsView,struct,OpenIntelligence/Features/Telemetry/Visualizations/VisualizationsView.swift,18-28,diagnostics,indirect,yes,Scanned type definition for VisualizationsView
DashboardTab,enum,OpenIntelligence/Features/Telemetry/Visualizations/VisualizationsView.swift,45-55,diagnostics,indirect,yes,Scanned type definition for DashboardTab
EmptyVisualizationsView,struct,OpenIntelligence/Features/Telemetry/Visualizations/VisualizationsView.swift,277-287,diagnostics,indirect,yes,Scanned type definition for EmptyVisualizationsView
EmbeddingSpaceView,struct,OpenIntelligence/Features/Telemetry/Visualizations/VisualizationsView.swift,340-350,diagnostics,indirect,yes,Scanned type definition for EmbeddingSpaceView
ProjectionMethod,enum,OpenIntelligence/Features/Telemetry/Visualizations/VisualizationsView.swift,348-358,diagnostics,indirect,yes,Scanned type definition for ProjectionMethod
EmbeddingLegendCard,struct,OpenIntelligence/Features/Telemetry/Visualizations/VisualizationsView.swift,444-454,diagnostics,indirect,yes,Scanned type definition for EmbeddingLegendCard
EmbeddingSpacePlaceholder,struct,OpenIntelligence/Features/Telemetry/Visualizations/VisualizationsView.swift,496-506,diagnostics,indirect,yes,Scanned type definition for EmbeddingSpacePlaceholder
ChunkDistributionView,struct,OpenIntelligence/Features/Telemetry/Visualizations/VisualizationsView.swift,592-602,diagnostics,indirect,yes,Scanned type definition for ChunkDistributionView
AdvancedCorpusStatsView,struct,OpenIntelligence/Features/Telemetry/Visualizations/VisualizationsView.swift,679-689,diagnostics,indirect,yes,Scanned type definition for AdvancedCorpusStatsView
QueryAnalyticsView,struct,OpenIntelligence/Features/Telemetry/Visualizations/VisualizationsView.swift,1133-1143,retrieval,indirect,yes,Scanned type definition for QueryAnalyticsView
EmptyAnalyticsView,struct,OpenIntelligence/Features/Telemetry/Visualizations/VisualizationsView.swift,1159-1169,diagnostics,indirect,yes,Scanned type definition for EmptyAnalyticsView
QueryStatsGrid,struct,OpenIntelligence/Features/Telemetry/Visualizations/VisualizationsView.swift,1183-1193,retrieval,indirect,yes,Scanned type definition for QueryStatsGrid
RecentQueriesList,struct,OpenIntelligence/Features/Telemetry/Visualizations/VisualizationsView.swift,1216-1226,diagnostics,indirect,yes,Scanned type definition for RecentQueriesList
QueryEventCard,struct,OpenIntelligence/Features/Telemetry/Visualizations/VisualizationsView.swift,1238-1248,retrieval,indirect,yes,Scanned type definition for QueryEventCard
RetrievalPatternsView,struct,OpenIntelligence/Features/Telemetry/Visualizations/VisualizationsView.swift,1286-1296,diagnostics,indirect,yes,Scanned type definition for RetrievalPatternsView
MutableAccumulator,struct,OpenIntelligence/Features/Telemetry/Visualizations/VisualizationsView.swift,1508-1518,diagnostics,indirect,yes,Scanned type definition for MutableAccumulator
DashboardSectionCard,struct,OpenIntelligence/Features/Telemetry/Visualizations/VisualizationsView.swift,1642-1652,diagnostics,indirect,yes,Scanned type definition for DashboardSectionCard
PerformanceMetricsView,struct,OpenIntelligence/Features/Telemetry/Visualizations/VisualizationsView.swift,1695-1705,diagnostics,indirect,yes,Scanned type definition for PerformanceMetricsView
PipelineStagesCard,struct,OpenIntelligence/Features/Telemetry/Visualizations/VisualizationsView.swift,1717-1727,diagnostics,indirect,yes,Scanned type definition for PipelineStagesCard
StageMetricRow,struct,OpenIntelligence/Features/Telemetry/Visualizations/VisualizationsView.swift,1757-1767,diagnostics,indirect,yes,Scanned type definition for StageMetricRow
SystemMetricsGrid,struct,OpenIntelligence/Features/Telemetry/Visualizations/VisualizationsView.swift,1781-1791,diagnostics,indirect,yes,Scanned type definition for SystemMetricsGrid
StatCard,struct,OpenIntelligence/Features/Telemetry/Visualizations/VisualizationsView.swift,1821-1831,diagnostics,indirect,yes,Scanned type definition for StatCard
EmbeddingInfoSheet,struct,OpenIntelligence/Features/Telemetry/Visualizations/VisualizationsView.swift,1862-1872,diagnostics,indirect,yes,Scanned type definition for EmbeddingInfoSheet
VisualizationInfoSection,struct,OpenIntelligence/Features/Telemetry/Visualizations/VisualizationsView.swift,1957-1967,diagnostics,indirect,yes,Scanned type definition for VisualizationInfoSection
SimilarityHeatmapView,struct,OpenIntelligence/Features/Telemetry/Visualizations/VisualizationsView.swift,1979-1989,diagnostics,indirect,yes,Scanned type definition for SimilarityHeatmapView
PipelineTimelineView,struct,OpenIntelligence/Features/Telemetry/Visualizations/VisualizationsView.swift,2303-2313,diagnostics,indirect,yes,Scanned type definition for PipelineTimelineView
SemanticClusteringView,struct,OpenIntelligence/Features/Telemetry/Visualizations/VisualizationsView.swift,2486-2496,diagnostics,indirect,yes,Scanned type definition for SemanticClusteringView
ClusteringInfoCard,struct,OpenIntelligence/Features/Telemetry/Visualizations/VisualizationsView.swift,2951-2961,diagnostics,indirect,yes,Scanned type definition for ClusteringInfoCard
ClusterPreviewCard,struct,OpenIntelligence/Features/Telemetry/Visualizations/VisualizationsView.swift,2981-2991,diagnostics,indirect,yes,Scanned type definition for ClusterPreviewCard
VisualizationMath,enum,OpenIntelligence/Features/Telemetry/Visualizations/VisualizationsView.swift,3064-3074,diagnostics,indirect,yes,Scanned type definition for VisualizationMath
VisualizationChunkSampler,enum,OpenIntelligence/Features/Telemetry/Visualizations/VisualizationsView.swift,3075-3085,diagnostics,indirect,yes,Scanned type definition for VisualizationChunkSampler
FTS5StorageView,struct,OpenIntelligence/Features/Telemetry/Visualizations/VisualizationsView.swift,3141-3151,RAG,indirect,yes,Scanned type definition for FTS5StorageView
StoreKitTestHarness,enum,OpenIntelligence/Resources/StoreKit/StoreKitTestHarness.swift,6-16,citation,direct,yes,Scanned type definition for StoreKitTestHarness
FoundationModelDynamicProfile,enum,OpenIntelligence/Services/AIPlatform/AppleFoundationModels/FoundationModelDynamicProfileRegistry.swift,14-24,lifecycle,direct,yes,Scanned type definition for FoundationModelDynamicProfile
FoundationModelErrorMapper,struct,OpenIntelligence/Services/AIPlatform/AppleFoundationModels/FoundationModelErrorMapper.swift,14-24,lifecycle,direct,yes,Scanned type definition for FoundationModelErrorMapper
MappedResult,enum,OpenIntelligence/Services/AIPlatform/AppleFoundationModels/FoundationModelErrorMapper.swift,15-25,lifecycle,direct,yes,Scanned type definition for MappedResult
FoundationModelPromptCompiler,struct,OpenIntelligence/Services/AIPlatform/AppleFoundationModels/FoundationModelPromptCompiler.swift,13-23,lifecycle,direct,yes,Scanned type definition for FoundationModelPromptCompiler
FoundationModelRoutePolicy,struct,OpenIntelligence/Services/AIPlatform/AppleFoundationModels/FoundationModelRoutePolicy.swift,14-24,routing,direct,yes,Scanned type definition for FoundationModelRoutePolicy
QueryType,enum,OpenIntelligence/Services/AIPlatform/AppleFoundationModels/FoundationModelRoutePolicy.swift,15-25,retrieval,direct,yes,Scanned type definition for QueryType
FoundationModelSessionFactory,struct,OpenIntelligence/Services/AIPlatform/AppleFoundationModels/FoundationModelSessionFactory.swift,14-24,lifecycle,direct,yes,Scanned type definition for FoundationModelSessionFactory
SessionResult,struct,OpenIntelligence/Services/AIPlatform/AppleFoundationModels/FoundationModelSessionFactory.swift,15-25,lifecycle,direct,yes,Scanned type definition for SessionResult
FoundationModelStructuredGenerator,struct,OpenIntelligence/Services/AIPlatform/AppleFoundationModels/FoundationModelStructuredGenerator.swift,14-24,lifecycle,direct,yes,Scanned type definition for FoundationModelStructuredGenerator
SearchDocumentsTool,struct,OpenIntelligence/Services/AIPlatform/AppleFoundationModels/FoundationModelToolRegistry.swift,20-30,retrieval,direct,yes,Scanned type definition for SearchDocumentsTool
Arguments,struct,OpenIntelligence/Services/AIPlatform/AppleFoundationModels/FoundationModelToolRegistry.swift,28-38,lifecycle,direct,yes,Scanned type definition for Arguments
ListDocumentsTool,struct,OpenIntelligence/Services/AIPlatform/AppleFoundationModels/FoundationModelToolRegistry.swift,63-73,lifecycle,direct,yes,Scanned type definition for ListDocumentsTool
Arguments,struct,OpenIntelligence/Services/AIPlatform/AppleFoundationModels/FoundationModelToolRegistry.swift,71-81,lifecycle,direct,yes,Scanned type definition for Arguments
GetDocumentSummaryTool,struct,OpenIntelligence/Services/AIPlatform/AppleFoundationModels/FoundationModelToolRegistry.swift,86-96,lifecycle,direct,yes,Scanned type definition for GetDocumentSummaryTool
Arguments,struct,OpenIntelligence/Services/AIPlatform/AppleFoundationModels/FoundationModelToolRegistry.swift,94-104,lifecycle,direct,yes,Scanned type definition for Arguments
CountPatternTool,struct,OpenIntelligence/Services/AIPlatform/AppleFoundationModels/FoundationModelToolRegistry.swift,116-126,lifecycle,direct,yes,Scanned type definition for CountPatternTool
Arguments,struct,OpenIntelligence/Services/AIPlatform/AppleFoundationModels/FoundationModelToolRegistry.swift,127-137,lifecycle,direct,yes,Scanned type definition for Arguments
SearchExactPatternTool,struct,OpenIntelligence/Services/AIPlatform/AppleFoundationModels/FoundationModelToolRegistry.swift,150-160,retrieval,direct,yes,Scanned type definition for SearchExactPatternTool
Arguments,struct,OpenIntelligence/Services/AIPlatform/AppleFoundationModels/FoundationModelToolRegistry.swift,161-171,lifecycle,direct,yes,Scanned type definition for Arguments
GetCorpusStatsTool,struct,OpenIntelligence/Services/AIPlatform/AppleFoundationModels/FoundationModelToolRegistry.swift,185-195,lifecycle,direct,yes,Scanned type definition for GetCorpusStatsTool
Arguments,struct,OpenIntelligence/Services/AIPlatform/AppleFoundationModels/FoundationModelToolRegistry.swift,199-209,lifecycle,direct,yes,Scanned type definition for Arguments
FindRelatedDocumentsTool,struct,OpenIntelligence/Services/AIPlatform/AppleFoundationModels/FoundationModelToolRegistry.swift,214-224,lifecycle,direct,yes,Scanned type definition for FindRelatedDocumentsTool
Arguments,struct,OpenIntelligence/Services/AIPlatform/AppleFoundationModels/FoundationModelToolRegistry.swift,225-235,lifecycle,direct,yes,Scanned type definition for Arguments
CompareDocumentsTool,struct,OpenIntelligence/Services/AIPlatform/AppleFoundationModels/FoundationModelToolRegistry.swift,251-261,lifecycle,direct,yes,Scanned type definition for CompareDocumentsTool
Arguments,struct,OpenIntelligence/Services/AIPlatform/AppleFoundationModels/FoundationModelToolRegistry.swift,261-271,lifecycle,direct,yes,Scanned type definition for Arguments
RetrieveCorpusEvidenceTool,struct,OpenIntelligence/Services/AIPlatform/AppleFoundationModels/FoundationModelToolRegistry.swift,288-298,retrieval,direct,yes,Scanned type definition for RetrieveCorpusEvidenceTool
Arguments,struct,OpenIntelligence/Services/AIPlatform/AppleFoundationModels/FoundationModelToolRegistry.swift,302-312,lifecycle,direct,yes,Scanned type definition for Arguments
InspectDocumentTool,struct,OpenIntelligence/Services/AIPlatform/AppleFoundationModels/FoundationModelToolRegistry.swift,344-354,lifecycle,direct,yes,Scanned type definition for InspectDocumentTool
Arguments,struct,OpenIntelligence/Services/AIPlatform/AppleFoundationModels/FoundationModelToolRegistry.swift,351-361,lifecycle,direct,yes,Scanned type definition for Arguments
CompareTopicAcrossDocumentsTool,struct,OpenIntelligence/Services/AIPlatform/AppleFoundationModels/FoundationModelToolRegistry.swift,367-377,lifecycle,direct,yes,Scanned type definition for CompareTopicAcrossDocumentsTool
Arguments,struct,OpenIntelligence/Services/AIPlatform/AppleFoundationModels/FoundationModelToolRegistry.swift,374-384,lifecycle,direct,yes,Scanned type definition for Arguments
GetLibraryOverviewTool,struct,OpenIntelligence/Services/AIPlatform/AppleFoundationModels/FoundationModelToolRegistry.swift,396-406,UI,direct,yes,Scanned type definition for GetLibraryOverviewTool
Arguments,struct,OpenIntelligence/Services/AIPlatform/AppleFoundationModels/FoundationModelToolRegistry.swift,403-413,lifecycle,direct,yes,Scanned type definition for Arguments
FoundationModelToolRegistry,struct,OpenIntelligence/Services/AIPlatform/AppleFoundationModels/FoundationModelToolRegistry.swift,420-430,lifecycle,direct,yes,Scanned type definition for FoundationModelToolRegistry
FoundationModelTranscriptStore,struct,OpenIntelligence/Services/AIPlatform/AppleFoundationModels/FoundationModelTranscriptStore.swift,14-24,lifecycle,direct,yes,Scanned type definition for FoundationModelTranscriptStore
ThinkingStep,struct,OpenIntelligence/Services/Agentic/AgenticOrchestrator.swift,13-23,model,indirect,yes,Scanned type definition for ThinkingStep
StepType,enum,OpenIntelligence/Services/Agentic/AgenticOrchestrator.swift,23-33,model,indirect,yes,Scanned type definition for StepType
ThinkingEvent.Kind,extension,OpenIntelligence/Services/Agentic/AgenticOrchestrator.swift,50-60,model,indirect,yes,Scanned type definition for ThinkingEvent.Kind
AgenticConfig,struct,OpenIntelligence/Services/Agentic/AgenticOrchestrator.swift,77-87,model,indirect,yes,Scanned type definition for AgenticConfig
AgenticResult,struct,OpenIntelligence/Services/Agentic/AgenticOrchestrator.swift,135-145,model,indirect,yes,Scanned type definition for AgenticResult
SelfRAGVerification,struct,OpenIntelligence/Services/Agentic/AgenticOrchestrator.swift,2903-2913,RAG,indirect,yes,Scanned type definition for SelfRAGVerification
AgenticError,enum,OpenIntelligence/Services/Agentic/AgenticOrchestrator.swift,3561-3571,model,indirect,yes,Scanned type definition for AgenticError
ReasoningChainConfig,struct,OpenIntelligence/Services/Agentic/AgenticOrchestrator.swift,3586-3596,model,indirect,yes,Scanned type definition for ReasoningChainConfig
MultiChainConfig,struct,OpenIntelligence/Services/Agentic/AgenticOrchestrator.swift,3638-3648,model,indirect,yes,Scanned type definition for MultiChainConfig
MultiChainResult,struct,OpenIntelligence/Services/Agentic/AgenticOrchestrator.swift,3674-3684,model,indirect,yes,Scanned type definition for MultiChainResult
ClusterInsight,struct,OpenIntelligence/Services/Agentic/AgenticOrchestrator.swift,3681-3691,model,indirect,yes,Scanned type definition for ClusterInsight
DocumentCluster,struct,OpenIntelligence/Services/Agentic/AgenticOrchestrator.swift,3693-3703,model,indirect,yes,Scanned type definition for DocumentCluster
ReasoningChainResult,struct,OpenIntelligence/Services/Agentic/AgenticOrchestrator.swift,3707-3717,model,indirect,yes,Scanned type definition for ReasoningChainResult
AgenticOrchestrator,extension,OpenIntelligence/Services/Agentic/AgenticOrchestrator.swift,3715-3725,model,indirect,yes,Scanned type definition for AgenticOrchestrator
UnlimitedResult,struct,OpenIntelligence/Services/Agentic/AgenticOrchestrator.swift,4526-4536,model,indirect,yes,Scanned type definition for UnlimitedResult
TerminationReason,enum,OpenIntelligence/Services/Agentic/AgenticOrchestrator.swift,4533-4543,model,indirect,yes,Scanned type definition for TerminationReason
ScoredFact,struct,OpenIntelligence/Services/Agentic/AgenticOrchestrator.swift,4555-4565,model,indirect,yes,Scanned type definition for ScoredFact
EvidenceKind,enum,OpenIntelligence/Services/Agentic/AgenticOrchestrator.swift,4562-4572,model,indirect,yes,Scanned type definition for EvidenceKind
SubQuestion,struct,OpenIntelligence/Services/Agentic/AgenticOrchestrator.swift,4572-4582,model,indirect,yes,Scanned type definition for SubQuestion
FactBank,struct,OpenIntelligence/Services/Agentic/AgenticOrchestrator.swift,4581-4591,model,indirect,yes,Scanned type definition for FactBank
Update,struct,OpenIntelligence/Services/Agentic/AgenticOrchestrator.swift,4582-4592,model,indirect,yes,Scanned type definition for Update
RAGService,extension,OpenIntelligence/Services/Agentic/AgenticOrchestrator.swift,6788-6798,RAG,indirect,yes,Scanned type definition for RAGService
ConversationMemory,struct,OpenIntelligence/Services/Agentic/ConversationMemoryService.swift,28-38,model,indirect,yes,Scanned type definition for ConversationMemory
MemoryTurn,struct,OpenIntelligence/Services/Agentic/ConversationMemoryService.swift,66-76,model,indirect,yes,Scanned type definition for MemoryTurn
ConversationMemoryConfig,struct,OpenIntelligence/Services/Agentic/ConversationMemoryService.swift,118-128,model,indirect,yes,Scanned type definition for ConversationMemoryConfig
OIDocumentEntity,struct,OpenIntelligence/Services/Agentic/Entities/OIDocumentEntity.swift,12-22,model,indirect,yes,Scanned type definition for OIDocumentEntity
OIDocumentEntityQuery,struct,OpenIntelligence/Services/Agentic/Entities/OIEntityQueries.swift,12-22,retrieval,indirect,yes,Scanned type definition for OIDocumentEntityQuery
OILibraryEntityQuery,struct,OpenIntelligence/Services/Agentic/Entities/OIEntityQueries.swift,45-55,retrieval,indirect,yes,Scanned type definition for OILibraryEntityQuery
OILibraryEntity,struct,OpenIntelligence/Services/Agentic/Entities/OILibraryEntity.swift,12-22,model,indirect,yes,Scanned type definition for OILibraryEntity
QueryDocumentsIntent,struct,OpenIntelligence/Services/Agentic/RAGAppIntents.swift,28-38,RAG,direct,yes,Scanned type definition for QueryDocumentsIntent
AddDocumentIntent,struct,OpenIntelligence/Services/Agentic/RAGAppIntents.swift,138-148,RAG,direct,yes,Scanned type definition for AddDocumentIntent
ListDocumentsIntent,struct,OpenIntelligence/Services/Agentic/RAGAppIntents.swift,162-172,RAG,direct,yes,Scanned type definition for ListDocumentsIntent
DocumentImportStatusIntent,struct,OpenIntelligence/Services/Agentic/RAGAppIntents.swift,204-214,RAG,direct,yes,Scanned type definition for DocumentImportStatusIntent
RAGAppShortcutsProvider,struct,OpenIntelligence/Services/Agentic/RAGAppIntents.swift,266-276,RAG,direct,yes,Scanned type definition for RAGAppShortcutsProvider
GetEmbeddingProviderIntent,struct,OpenIntelligence/Services/Agentic/RAGAppIntents.swift,377-387,RAG,direct,yes,Scanned type definition for GetEmbeddingProviderIntent
EmbeddingProviderSnippetView,struct,OpenIntelligence/Services/Agentic/RAGAppIntents.swift,430-440,RAG,direct,yes,Scanned type definition for EmbeddingProviderSnippetView
RAGResponseSnippetView,struct,OpenIntelligence/Services/Agentic/RAGAppIntents.swift,472-482,RAG,direct,yes,Scanned type definition for RAGResponseSnippetView
DocumentListSnippetView,struct,OpenIntelligence/Services/Agentic/RAGAppIntents.swift,516-526,RAG,direct,yes,Scanned type definition for DocumentListSnippetView
DocumentImportStatusSnippetView,struct,OpenIntelligence/Services/Agentic/RAGAppIntents.swift,549-559,RAG,direct,yes,Scanned type definition for DocumentImportStatusSnippetView
ErrorSnippetView,struct,OpenIntelligence/Services/Agentic/RAGAppIntents.swift,590-600,RAG,direct,yes,Scanned type definition for ErrorSnippetView
AskDocumentIntent,struct,OpenIntelligence/Services/Agentic/RAGAppIntents.swift,610-620,RAG,direct,yes,Scanned type definition for AskDocumentIntent
SummarizeDocumentIntent,struct,OpenIntelligence/Services/Agentic/RAGAppIntents.swift,656-666,RAG,direct,yes,Scanned type definition for SummarizeDocumentIntent
CompareDocumentsIntent,struct,OpenIntelligence/Services/Agentic/RAGAppIntents.swift,699-709,RAG,direct,yes,Scanned type definition for CompareDocumentsIntent
SearchLibraryIntent,struct,OpenIntelligence/Services/Agentic/RAGAppIntents.swift,747-757,RAG,direct,yes,Scanned type definition for SearchLibraryIntent
ResponseTransformError,enum,OpenIntelligence/Services/Agentic/ResponseTransformService.swift,297-307,model,indirect,yes,Scanned type definition for ResponseTransformError
ScreenAwarenessSnippetView,struct,OpenIntelligence/Services/Agentic/ScreenAwarenessIntents.swift,11-21,UI,direct,yes,Scanned type definition for ScreenAwarenessSnippetView
IngestDocumentIntent,struct,OpenIntelligence/Services/Agentic/ScreenAwarenessIntents.swift,35-45,ingestion,direct,yes,Scanned type definition for IngestDocumentIntent
IngestURLIntent,struct,OpenIntelligence/Services/Agentic/ScreenAwarenessIntents.swift,83-93,ingestion,direct,yes,Scanned type definition for IngestURLIntent
ToolCallCounter,actor,OpenIntelligence/Services/Agentic/ToolCallCounter.swift,14-24,model,indirect,yes,Scanned type definition for ToolCallCounter
AnalyzeImageIntent,struct,OpenIntelligence/Services/Agentic/VisualIntelligenceIntents.swift,22-32,App Intents,direct,yes,Scanned type definition for AnalyzeImageIntent
IngestFromCameraIntent,struct,OpenIntelligence/Services/Agentic/VisualIntelligenceIntents.swift,139-149,ingestion,direct,yes,Scanned type definition for IngestFromCameraIntent
VisualSearchIntent,struct,OpenIntelligence/Services/Agentic/VisualIntelligenceIntents.swift,160-170,retrieval,direct,yes,Scanned type definition for VisualSearchIntent
VisualAnalysisSnippetView,struct,OpenIntelligence/Services/Agentic/VisualIntelligenceIntents.swift,242-252,UI,direct,yes,Scanned type definition for VisualAnalysisSnippetView
RewriteTone,enum,OpenIntelligence/Services/Agentic/WritingToolsService.swift,323-333,model,indirect,yes,Scanned type definition for RewriteTone
SummaryStyle,enum,OpenIntelligence/Services/Agentic/WritingToolsService.swift,330-340,model,indirect,yes,Scanned type definition for SummaryStyle
WritingToolsError,enum,OpenIntelligence/Services/Agentic/WritingToolsService.swift,336-346,model,indirect,yes,Scanned type definition for WritingToolsError
BillingError,struct,OpenIntelligence/Services/Billing/BillingError.swift,4-14,billing,direct,yes,Scanned type definition for BillingError
Reason,enum,OpenIntelligence/Services/Billing/BillingError.swift,5-15,billing,direct,yes,Scanned type definition for Reason
BillingEvent,enum,OpenIntelligence/Services/Billing/BillingEvent.swift,6-16,billing,direct,yes,Scanned type definition for BillingEvent
BillingProduct,enum,OpenIntelligence/Services/Billing/BillingProduct.swift,5-15,billing,direct,yes,Scanned type definition for BillingProduct
Kind,enum,OpenIntelligence/Services/Billing/BillingProduct.swift,10-20,billing,direct,yes,Scanned type definition for Kind
BillingService,protocol,OpenIntelligence/Services/Billing/BillingService.swift,6-16,billing,direct,yes,Scanned type definition for BillingService
LocalModelAccessState,enum,OpenIntelligence/Services/Billing/EntitlementStore.swift,22-32,billing,direct,yes,Scanned type definition for LocalModelAccessState
MaximumModeQuotaState,struct,OpenIntelligence/Services/Billing/MaximumModeQuotaStore.swift,2-12,billing,direct,yes,Scanned type definition for MaximumModeQuotaState
MaximumModeAccessPolicy,enum,OpenIntelligence/Services/Billing/MonetizationPolicy.swift,2-12,billing,direct,yes,Scanned type definition for MaximumModeAccessPolicy
LegacyProtectionState,enum,OpenIntelligence/Services/Billing/MonetizationPolicy.swift,21-31,billing,direct,yes,Scanned type definition for LegacyProtectionState
EntitlementSnapshot,struct,OpenIntelligence/Services/Billing/MonetizationPolicy.swift,40-50,billing,direct,yes,Scanned type definition for EntitlementSnapshot
MaximumModeExecutionDecision,enum,OpenIntelligence/Services/Billing/MonetizationPolicy.swift,53-63,billing,direct,yes,Scanned type definition for MaximumModeExecutionDecision
DocumentSummaryService,actor,OpenIntelligence/Services/Document/Analysis/DocumentSummaryService.swift,38-48,model,indirect,yes,Scanned type definition for DocumentSummaryService
SummaryConfig,struct,OpenIntelligence/Services/Document/Analysis/DocumentSummaryService.swift,47-57,model,indirect,yes,Scanned type definition for SummaryConfig
DocumentChunk,extension,OpenIntelligence/Services/Document/Analysis/DocumentSummaryService.swift,407-417,model,indirect,yes,Scanned type definition for DocumentChunk
EntityIndexService,actor,OpenIntelligence/Services/Document/Analysis/EntityIndexService.swift,44-54,model,indirect,yes,Scanned type definition for EntityIndexService
EntityIndexSnapshotData,struct,OpenIntelligence/Services/Document/Analysis/EntityIndexService.swift,412-422,model,indirect,yes,Scanned type definition for EntityIndexSnapshotData
EntityIndexSnapshotData,extension,OpenIntelligence/Services/Document/Analysis/EntityIndexService.swift,418-428,model,indirect,yes,Scanned type definition for EntityIndexSnapshotData
EntityIndexStatistics,struct,OpenIntelligence/Services/Document/Analysis/EntityIndexService.swift,442-452,model,indirect,yes,Scanned type definition for EntityIndexStatistics
SpatialTextElement,struct,OpenIntelligence/Services/Document/Analysis/SpatialDocumentAnalyzer.swift,27-37,model,indirect,yes,Scanned type definition for SpatialTextElement
FontSizeCategory,enum,OpenIntelligence/Services/Document/Analysis/SpatialDocumentAnalyzer.swift,42-52,model,indirect,yes,Scanned type definition for FontSizeCategory
DocumentHierarchyElement,struct,OpenIntelligence/Services/Document/Analysis/SpatialDocumentAnalyzer.swift,53-63,model,indirect,yes,Scanned type definition for DocumentHierarchyElement
DetectedFigure,struct,OpenIntelligence/Services/Document/Analysis/SpatialDocumentAnalyzer.swift,67-77,model,indirect,yes,Scanned type definition for DetectedFigure
AlignedTableCell,struct,OpenIntelligence/Services/Document/Analysis/SpatialDocumentAnalyzer.swift,76-86,UI,indirect,yes,Scanned type definition for AlignedTableCell
TextAlignment,enum,OpenIntelligence/Services/Document/Analysis/SpatialDocumentAnalyzer.swift,82-92,model,indirect,yes,Scanned type definition for TextAlignment
SpatialColumnLayout,struct,OpenIntelligence/Services/Document/Analysis/SpatialDocumentAnalyzer.swift,92-102,model,indirect,yes,Scanned type definition for SpatialColumnLayout
TextFlowPattern,enum,OpenIntelligence/Services/Document/Analysis/SpatialDocumentAnalyzer.swift,98-108,model,indirect,yes,Scanned type definition for TextFlowPattern
SpatialPageAnalysis,struct,OpenIntelligence/Services/Document/Analysis/SpatialDocumentAnalyzer.swift,108-118,model,indirect,yes,Scanned type definition for SpatialPageAnalysis
SpatialDocumentAnalyzer,actor,OpenIntelligence/Services/Document/Analysis/SpatialDocumentAnalyzer.swift,152-162,model,indirect,yes,Scanned type definition for SpatialDocumentAnalyzer
SpatialDocumentAnalyzer,extension,OpenIntelligence/Services/Document/Analysis/SpatialDocumentAnalyzer.swift,739-749,model,indirect,yes,Scanned type definition for SpatialDocumentAnalyzer
SpecificationBlock,struct,OpenIntelligence/Services/Document/Analysis/SpecificationDetector.swift,23-33,model,indirect,yes,Scanned type definition for SpecificationBlock
SpecificationDetector,enum,OpenIntelligence/Services/Document/Analysis/SpecificationDetector.swift,37-47,model,indirect,yes,Scanned type definition for SpecificationDetector
SpeechAnalysisResult,struct,OpenIntelligence/Services/Document/Analysis/SpeechAnalyzerService.swift,22-32,model,indirect,yes,Scanned type definition for SpeechAnalysisResult
AnalyzedUtterance,struct,OpenIntelligence/Services/Document/Analysis/SpeechAnalyzerService.swift,37-47,model,indirect,yes,Scanned type definition for AnalyzedUtterance
SpeechAnalysisError,enum,OpenIntelligence/Services/Document/Analysis/SpeechAnalyzerService.swift,46-56,model,indirect,yes,Scanned type definition for SpeechAnalysisError
SpeechAnalyzerService,extension,OpenIntelligence/Services/Document/Analysis/SpeechAnalyzerService.swift,269-279,model,indirect,yes,Scanned type definition for SpeechAnalyzerService
ContentTags,struct,OpenIntelligence/Services/Document/Chunking/ContentTaggingService.swift,34-44,model,indirect,yes,Scanned type definition for ContentTags
ContentTags,struct,OpenIntelligence/Services/Document/Chunking/ContentTaggingService.swift,355-365,model,indirect,yes,Scanned type definition for ContentTags
PageComplexity,enum,OpenIntelligence/Services/Document/Chunking/PageComplexityAnalyzer.swift,53-63,model,indirect,yes,Scanned type definition for PageComplexity
PageComplexityAnalysis,struct,OpenIntelligence/Services/Document/Chunking/PageComplexityAnalyzer.swift,102-112,model,indirect,yes,Scanned type definition for PageComplexityAnalysis
PageComplexityAnalysis,extension,OpenIntelligence/Services/Document/Chunking/PageComplexityAnalyzer.swift,1217-1227,model,indirect,yes,Scanned type definition for PageComplexityAnalysis
PageProcessingStrategy,enum,OpenIntelligence/Services/Document/Chunking/PageComplexityAnalyzer.swift,1238-1248,ingestion,indirect,yes,Scanned type definition for PageProcessingStrategy
PageComplexityAnalyzer,extension,OpenIntelligence/Services/Document/Chunking/PageComplexityAnalyzer.swift,1268-1278,model,indirect,yes,Scanned type definition for PageComplexityAnalyzer
Notification.Name,extension,OpenIntelligence/Services/Document/Chunking/SemanticChunker.swift,29-39,model,indirect,yes,Scanned type definition for Notification.Name
SemanticChunker,class,OpenIntelligence/Services/Document/Chunking/SemanticChunker.swift,34-44,model,indirect,yes,Scanned type definition for SemanticChunker
ChunkingDiagnostics,struct,OpenIntelligence/Services/Document/Chunking/SemanticChunker.swift,37-47,diagnostics,indirect,yes,Scanned type definition for ChunkingDiagnostics
ChunkingConfig,struct,OpenIntelligence/Services/Document/Chunking/SemanticChunker.swift,126-136,model,indirect,yes,Scanned type definition for ChunkingConfig
EnhancedChunk,struct,OpenIntelligence/Services/Document/Chunking/SemanticChunker.swift,248-258,model,indirect,yes,Scanned type definition for EnhancedChunk
ChunkMetadata,struct,OpenIntelligence/Services/Document/Chunking/SemanticChunker.swift,255-265,model,indirect,yes,Scanned type definition for ChunkMetadata
DetectedSection,struct,OpenIntelligence/Services/Document/Chunking/SemanticChunker.swift,724-734,model,indirect,yes,Scanned type definition for DetectedSection
TableBlock,struct,OpenIntelligence/Services/Document/Chunking/SemanticChunker.swift,735-745,model,indirect,yes,Scanned type definition for TableBlock
DocumentContentType,enum,OpenIntelligence/Services/Document/Classification/CoreMLDocumentClassifier.swift,20-30,model,indirect,yes,Scanned type definition for DocumentContentType
ProcessingHints,struct,OpenIntelligence/Services/Document/Classification/CoreMLDocumentClassifier.swift,119-129,ingestion,indirect,yes,Scanned type definition for ProcessingHints
OCRAccuracy,enum,OpenIntelligence/Services/Document/Classification/CoreMLDocumentClassifier.swift,120-130,model,indirect,yes,Scanned type definition for OCRAccuracy
ChunkingPreset,enum,OpenIntelligence/Services/Document/Classification/CoreMLDocumentClassifier.swift,124-134,model,indirect,yes,Scanned type definition for ChunkingPreset
DocumentClassificationResult,struct,OpenIntelligence/Services/Document/Classification/CoreMLDocumentClassifier.swift,138-148,model,indirect,yes,Scanned type definition for DocumentClassificationResult
CoreMLDocumentClassifier,actor,OpenIntelligence/Services/Document/Classification/CoreMLDocumentClassifier.swift,152-162,model,indirect,yes,Scanned type definition for CoreMLDocumentClassifier
ClassifierError,enum,OpenIntelligence/Services/Document/Classification/CoreMLDocumentClassifier.swift,441-451,model,indirect,yes,Scanned type definition for ClassifierError
DocumentRegionType,enum,OpenIntelligence/Services/Document/Classification/CoreMLRegionDetector.swift,21-31,model,indirect,yes,Scanned type definition for DocumentRegionType
DocumentDetectedRegion,struct,OpenIntelligence/Services/Document/Classification/CoreMLRegionDetector.swift,61-71,model,indirect,yes,Scanned type definition for DocumentDetectedRegion
RegionDetectionResult,struct,OpenIntelligence/Services/Document/Classification/CoreMLRegionDetector.swift,87-97,model,indirect,yes,Scanned type definition for RegionDetectionResult
CoreMLRegionDetector,actor,OpenIntelligence/Services/Document/Classification/CoreMLRegionDetector.swift,127-137,model,indirect,yes,Scanned type definition for CoreMLRegionDetector
DetectorError,enum,OpenIntelligence/Services/Document/Classification/CoreMLRegionDetector.swift,597-607,model,indirect,yes,Scanned type definition for DetectorError
AnalyzedImage,struct,OpenIntelligence/Services/Document/Classification/ImageUnderstandingService.swift,27-37,model,indirect,yes,Scanned type definition for AnalyzedImage
ImageClassification,struct,OpenIntelligence/Services/Document/Classification/ImageUnderstandingService.swift,41-51,model,indirect,yes,Scanned type definition for ImageClassification
ImageContentType,enum,OpenIntelligence/Services/Document/Classification/ImageUnderstandingService.swift,47-57,model,indirect,yes,Scanned type definition for ImageContentType
VisualContentMetadata,struct,OpenIntelligence/Services/Document/Classification/ImageUnderstandingService.swift,85-95,model,indirect,yes,Scanned type definition for VisualContentMetadata
ColumnLayout,enum,OpenIntelligence/Services/Document/Classification/ImageUnderstandingService.swift,104-114,model,indirect,yes,Scanned type definition for ColumnLayout
ImageUnderstandingService,class,OpenIntelligence/Services/Document/Classification/ImageUnderstandingService.swift,116-126,model,indirect,yes,Scanned type definition for ImageUnderstandingService
StandaloneImageAnalysis,struct,OpenIntelligence/Services/Document/Classification/ImageUnderstandingService.swift,986-996,model,indirect,yes,Scanned type definition for StandaloneImageAnalysis
EnhancedImageAnalysis,struct,OpenIntelligence/Services/Document/Classification/ImageUnderstandingService.swift,1008-1018,model,indirect,yes,Scanned type definition for EnhancedImageAnalysis
ImageDescriptionService,class,OpenIntelligence/Services/Document/Classification/ImageUnderstandingService.swift,1029-1039,model,indirect,yes,Scanned type definition for ImageDescriptionService
DetectedObject,struct,OpenIntelligence/Services/Document/Classification/YOLODetectionService.swift,20-30,model,indirect,yes,Scanned type definition for DetectedObject
YOLODetectionService,actor,OpenIntelligence/Services/Document/Classification/YOLODetectionService.swift,36-46,model,indirect,yes,Scanned type definition for YOLODetectionService
YOLODetectionService,extension,OpenIntelligence/Services/Document/Classification/YOLODetectionService.swift,258-268,model,indirect,yes,Scanned type definition for YOLODetectionService
OCRConfiguration,enum,OpenIntelligence/Services/Document/Config/OCRConfiguration.swift,42-52,model,indirect,yes,Scanned type definition for OCRConfiguration
TextNormalizationProfile,enum,OpenIntelligence/Services/Document/Config/OCRConfiguration.swift,43-53,model,indirect,yes,Scanned type definition for TextNormalizationProfile
AdaptivePreprocessor,enum,OpenIntelligence/Services/Document/Config/OCRConfiguration.swift,1056-1066,ingestion,indirect,yes,Scanned type definition for AdaptivePreprocessor
Strategy,struct,OpenIntelligence/Services/Document/Config/OCRConfiguration.swift,1059-1069,model,indirect,yes,Scanned type definition for Strategy
ConfidenceVerifier,enum,OpenIntelligence/Services/Document/Config/OCRConfiguration.swift,1240-1250,model,indirect,yes,Scanned type definition for ConfidenceVerifier
ObservationAnalysis,struct,OpenIntelligence/Services/Document/Config/OCRConfiguration.swift,1243-1253,model,indirect,yes,Scanned type definition for ObservationAnalysis
UncertainNumber,struct,OpenIntelligence/Services/Document/Config/OCRConfiguration.swift,1259-1269,model,indirect,yes,Scanned type definition for UncertainNumber
VisionOCRThrottle,enum,OpenIntelligence/Services/Document/Config/VisionOCRThrottle.swift,178-188,model,indirect,yes,Scanned type definition for VisionOCRThrottle
TranscriptionResult,struct,OpenIntelligence/Services/Document/Extraction/AudioTranscriptionService.swift,16-26,model,indirect,yes,Scanned type definition for TranscriptionResult
TranscriptionSegment,struct,OpenIntelligence/Services/Document/Extraction/AudioTranscriptionService.swift,33-43,model,indirect,yes,Scanned type definition for TranscriptionSegment
TranscriptionError,enum,OpenIntelligence/Services/Document/Extraction/AudioTranscriptionService.swift,41-51,model,indirect,yes,Scanned type definition for TranscriptionError
AudioTranscriptionService,extension,OpenIntelligence/Services/Document/Extraction/AudioTranscriptionService.swift,406-416,model,indirect,yes,Scanned type definition for AudioTranscriptionService
GazetteerEntity,struct,OpenIntelligence/Services/Document/Extraction/GazetteerService.swift,14-24,model,indirect,yes,Scanned type definition for GazetteerEntity
GazetteerService,actor,OpenIntelligence/Services/Document/Extraction/GazetteerService.swift,22-32,model,indirect,yes,Scanned type definition for GazetteerService
DetectedLanguage,struct,OpenIntelligence/Services/Document/Extraction/LanguageDetectionService.swift,13-23,model,indirect,yes,Scanned type definition for DetectedLanguage
DocumentLanguageProfile,struct,OpenIntelligence/Services/Document/Extraction/LanguageDetectionService.swift,38-48,model,indirect,yes,Scanned type definition for DocumentLanguageProfile
TranslationResult,struct,OpenIntelligence/Services/Document/Extraction/TranslationService.swift,16-26,model,indirect,yes,Scanned type definition for TranslationResult
TranslationConfig,struct,OpenIntelligence/Services/Document/Extraction/TranslationService.swift,25-35,model,indirect,yes,Scanned type definition for TranslationConfig
DocumentProcessor,extension,OpenIntelligence/Services/Document/Processing/DocumentProcessor+DocumentIngestionEngine.swift,2-12,ingestion,indirect,yes,Scanned type definition for DocumentProcessor
DocumentProcessor,class,OpenIntelligence/Services/Document/Processing/DocumentProcessor.swift,25-35,ingestion,indirect,yes,Scanned type definition for DocumentProcessor
ProcessedChunk,struct,OpenIntelligence/Services/Document/Processing/DocumentProcessor.swift,26-36,ingestion,indirect,yes,Scanned type definition for ProcessedChunk
StructuredTablePayload,struct,OpenIntelligence/Services/Document/Processing/DocumentProcessor.swift,47-57,ingestion,indirect,yes,Scanned type definition for StructuredTablePayload
ChunkingOverride,struct,OpenIntelligence/Services/Document/Processing/DocumentProcessor.swift,295-305,ingestion,indirect,yes,Scanned type definition for ChunkingOverride
ExtractionProgress,struct,OpenIntelligence/Services/Document/Processing/DocumentProcessor.swift,376-386,ingestion,indirect,yes,Scanned type definition for ExtractionProgress
PageExtractionResult,struct,OpenIntelligence/Services/Document/Processing/DocumentProcessor.swift,3297-3307,ingestion,indirect,yes,Scanned type definition for PageExtractionResult
PageData,struct,OpenIntelligence/Services/Document/Processing/DocumentProcessor.swift,3309-3319,ingestion,indirect,yes,Scanned type definition for PageData
PageRenderData,struct,OpenIntelligence/Services/Document/Processing/DocumentProcessor.swift,3922-3932,ingestion,indirect,yes,Scanned type definition for PageRenderData
PageParseResult,struct,OpenIntelligence/Services/Document/Processing/DocumentProcessor.swift,3933-3943,ingestion,indirect,yes,Scanned type definition for PageParseResult
DetectedTable,struct,OpenIntelligence/Services/Document/Processing/DocumentProcessor.swift,7901-7911,ingestion,indirect,yes,Scanned type definition for DetectedTable
DocumentProcessingError,enum,OpenIntelligence/Services/Document/Processing/DocumentProcessor.swift,9039-9049,ingestion,indirect,yes,Scanned type definition for DocumentProcessingError
CentralDirectoryEntry,struct,OpenIntelligence/Services/Document/Processing/DocumentProcessor.swift,9107-9117,ingestion,indirect,yes,Scanned type definition for CentralDirectoryEntry
IntelligentProcessingResult,struct,OpenIntelligence/Services/Document/Processing/IntelligentDocumentProcessor.swift,25-35,ingestion,indirect,yes,Scanned type definition for IntelligentProcessingResult
StructuredDocumentContent,struct,OpenIntelligence/Services/Document/Processing/IntelligentDocumentProcessor.swift,33-43,ingestion,indirect,yes,Scanned type definition for StructuredDocumentContent
ExtractedTextBlock,struct,OpenIntelligence/Services/Document/Processing/IntelligentDocumentProcessor.swift,40-50,ingestion,indirect,yes,Scanned type definition for ExtractedTextBlock
ExtractedTable,struct,OpenIntelligence/Services/Document/Processing/IntelligentDocumentProcessor.swift,50-60,ingestion,indirect,yes,Scanned type definition for ExtractedTable
ExtractedFigure,struct,OpenIntelligence/Services/Document/Processing/IntelligentDocumentProcessor.swift,59-69,ingestion,indirect,yes,Scanned type definition for ExtractedFigure
ExtractedList,struct,OpenIntelligence/Services/Document/Processing/IntelligentDocumentProcessor.swift,68-78,ingestion,indirect,yes,Scanned type definition for ExtractedList
DocumentStructureMetadata,struct,OpenIntelligence/Services/Document/Processing/IntelligentDocumentProcessor.swift,76-86,ingestion,indirect,yes,Scanned type definition for DocumentStructureMetadata
IntelligentProcessingMetrics,struct,OpenIntelligence/Services/Document/Processing/IntelligentDocumentProcessor.swift,87-97,ingestion,indirect,yes,Scanned type definition for IntelligentProcessingMetrics
RegionRescueResult,struct,OpenIntelligence/Services/Document/Processing/IntelligentDocumentProcessor.swift,96-106,ingestion,indirect,yes,Scanned type definition for RegionRescueResult
IntelligentDocumentProcessor,actor,OpenIntelligence/Services/Document/Processing/IntelligentDocumentProcessor.swift,111-121,ingestion,indirect,yes,Scanned type definition for IntelligentDocumentProcessor
ProcessingOptions,struct,OpenIntelligence/Services/Document/Processing/IntelligentDocumentProcessor.swift,1024-1034,ingestion,indirect,yes,Scanned type definition for ProcessingOptions
IntelligentProcessingResult,extension,OpenIntelligence/Services/Document/Processing/IntelligentDocumentProcessor.swift,1059-1069,ingestion,indirect,yes,Scanned type definition for IntelligentProcessingResult
TextBlock,struct,OpenIntelligence/Services/Document/Processing/LayoutAwareExtractor.swift,21-31,ingestion,indirect,yes,Scanned type definition for TextBlock
DetectedColumn,struct,OpenIntelligence/Services/Document/Processing/LayoutAwareExtractor.swift,44-54,ingestion,indirect,yes,Scanned type definition for DetectedColumn
LayoutAnalysisResult,struct,OpenIntelligence/Services/Document/Processing/LayoutAwareExtractor.swift,56-66,ingestion,indirect,yes,Scanned type definition for LayoutAnalysisResult
TableRegion,struct,OpenIntelligence/Services/Document/Processing/LayoutAwareExtractor.swift,72-82,ingestion,indirect,yes,Scanned type definition for TableRegion
LayoutAwareExtractor,actor,OpenIntelligence/Services/Document/Processing/LayoutAwareExtractor.swift,84-94,ingestion,indirect,yes,Scanned type definition for LayoutAwareExtractor
LayoutAwareExtractor,extension,OpenIntelligence/Services/Document/Processing/LayoutAwareExtractor.swift,778-788,ingestion,indirect,yes,Scanned type definition for LayoutAwareExtractor
StreamingXMLChunk,struct,OpenIntelligence/Services/Document/Processing/StreamingXMLProcessor.swift,64-74,ingestion,indirect,yes,Scanned type definition for StreamingXMLChunk
YearlyAggregate,struct,OpenIntelligence/Services/Document/Processing/StreamingXMLProcessor.swift,168-178,ingestion,indirect,yes,Scanned type definition for YearlyAggregate
YearlyWorkout,struct,OpenIntelligence/Services/Document/Processing/StreamingXMLProcessor.swift,267-277,ingestion,indirect,yes,Scanned type definition for YearlyWorkout
StructuredElement,enum,OpenIntelligence/Services/Document/Processing/StructuredDocumentParser.swift,42-52,ingestion,indirect,yes,Scanned type definition for StructuredElement
DetectedEntity,struct,OpenIntelligence/Services/Document/Processing/StructuredDocumentParser.swift,87-97,ingestion,indirect,yes,Scanned type definition for DetectedEntity
EntityType,enum,OpenIntelligence/Services/Document/Processing/StructuredDocumentParser.swift,88-98,ingestion,indirect,yes,Scanned type definition for EntityType
TableCellAlignment,enum,OpenIntelligence/Services/Document/Processing/StructuredDocumentParser.swift,119-129,ingestion,indirect,yes,Scanned type definition for TableCellAlignment
TableData,struct,OpenIntelligence/Services/Document/Processing/StructuredDocumentParser.swift,127-137,ingestion,indirect,yes,Scanned type definition for TableData
StructuredPageContent,struct,OpenIntelligence/Services/Document/Processing/StructuredDocumentParser.swift,481-491,ingestion,indirect,yes,Scanned type definition for StructuredPageContent
StructuredDocumentParser,actor,OpenIntelligence/Services/Document/Processing/StructuredDocumentParser.swift,509-519,ingestion,indirect,yes,Scanned type definition for StructuredDocumentParser
StructuredParsingError,enum,OpenIntelligence/Services/Document/Processing/StructuredDocumentParser.swift,1721-1731,ingestion,indirect,yes,Scanned type definition for StructuredParsingError
ChunkMetadata,extension,OpenIntelligence/Services/Document/Processing/StructuredDocumentParser.swift,1740-1750,ingestion,indirect,yes,Scanned type definition for ChunkMetadata
VisualCaptioningService,actor,OpenIntelligence/Services/Document/Processing/VisualCaptioningService.swift,19-29,ingestion,indirect,yes,Scanned type definition for VisualCaptioningService
LibraryIntelligenceCenter,actor,OpenIntelligence/Services/Embedding/AdaptiveEmbeddingOptimizer.swift,14-24,model,indirect,yes,Scanned type definition for LibraryIntelligenceCenter
CorpusSignals,struct,OpenIntelligence/Services/Embedding/AdaptiveEmbeddingOptimizer.swift,18-28,model,indirect,yes,Scanned type definition for CorpusSignals
ChunkingPlan,struct,OpenIntelligence/Services/Embedding/AdaptiveEmbeddingOptimizer.swift,33-43,model,indirect,yes,Scanned type definition for ChunkingPlan
Strategy,enum,OpenIntelligence/Services/Embedding/AdaptiveEmbeddingOptimizer.swift,34-44,model,indirect,yes,Scanned type definition for Strategy
EmbeddingPlan,struct,OpenIntelligence/Services/Embedding/AdaptiveEmbeddingOptimizer.swift,47-57,model,indirect,yes,Scanned type definition for EmbeddingPlan
RetrievalPlan,struct,OpenIntelligence/Services/Embedding/AdaptiveEmbeddingOptimizer.swift,56-66,model,indirect,yes,Scanned type definition for RetrievalPlan
FusionStyle,enum,OpenIntelligence/Services/Embedding/AdaptiveEmbeddingOptimizer.swift,57-67,model,indirect,yes,Scanned type definition for FusionStyle
RerankerStrategy,enum,OpenIntelligence/Services/Embedding/AdaptiveEmbeddingOptimizer.swift,62-72,model,indirect,yes,Scanned type definition for RerankerStrategy
DocumentProfile,struct,OpenIntelligence/Services/Embedding/AdaptiveEmbeddingOptimizer.swift,78-88,model,indirect,yes,Scanned type definition for DocumentProfile
IntelligenceReport,struct,OpenIntelligence/Services/Embedding/AdaptiveEmbeddingOptimizer.swift,88-98,model,indirect,yes,Scanned type definition for IntelligenceReport
EmbeddingService,class,OpenIntelligence/Services/Embedding/EmbeddingService.swift,13-23,model,indirect,yes,Scanned type definition for EmbeddingService
EmbeddingError,enum,OpenIntelligence/Services/Embedding/EmbeddingService.swift,426-436,model,indirect,yes,Scanned type definition for EmbeddingError
EmbeddingProvider,protocol,OpenIntelligence/Services/Embedding/Providers/EmbeddingProvider.swift,11-21,model,indirect,yes,Scanned type definition for EmbeddingProvider
EmbeddingProvider,extension,OpenIntelligence/Services/Embedding/Providers/EmbeddingProvider.swift,42-52,model,indirect,yes,Scanned type definition for EmbeddingProvider
PoolingStrategy,enum,OpenIntelligence/Services/Embedding/Providers/NLContextualEmbeddingProvider.swift,40-50,model,indirect,yes,Scanned type definition for PoolingStrategy
EmbeddingError,extension,OpenIntelligence/Services/Embedding/Providers/NLContextualEmbeddingProvider.swift,301-311,model,indirect,yes,Scanned type definition for EmbeddingError
RAGEvalCase,struct,OpenIntelligence/Services/Evaluation/RAGEvalCase.swift,24-34,RAG,indirect,yes,Scanned type definition for RAGEvalCase
EvalCategory,enum,OpenIntelligence/Services/Evaluation/RAGEvalCase.swift,62-72,RAG,indirect,yes,Scanned type definition for EvalCategory
RAGEvalResult,struct,OpenIntelligence/Services/Evaluation/RAGEvalCase.swift,97-107,RAG,indirect,yes,Scanned type definition for RAGEvalResult
RAGEvalDataset,struct,OpenIntelligence/Services/Evaluation/RAGEvalDataset.swift,13-23,RAG,indirect,yes,Scanned type definition for RAGEvalDataset
RAGEvalDataset,extension,OpenIntelligence/Services/Evaluation/RAGEvalDataset.swift,40-50,RAG,indirect,yes,Scanned type definition for RAGEvalDataset
EvalError,enum,OpenIntelligence/Services/Evaluation/RAGEvalDataset.swift,103-113,RAG,indirect,yes,Scanned type definition for EvalError
RAGEvalMetrics,struct,OpenIntelligence/Services/Evaluation/RAGEvalMetrics.swift,26-36,RAG,indirect,yes,Scanned type definition for RAGEvalMetrics
RAGEvalMetrics,extension,OpenIntelligence/Services/Evaluation/RAGEvalMetrics.swift,107-117,RAG,indirect,yes,Scanned type definition for RAGEvalMetrics
ReportPayload,struct,OpenIntelligence/Services/Evaluation/RAGEvalReportWriter.swift,74-84,RAG,indirect,yes,Scanned type definition for ReportPayload
IngestionLiveActivityPresentationProfile,enum,OpenIntelligence/Services/Infrastructure/Background/IngestionLiveActivityAttributes.swift,6-16,ingestion,indirect,yes,Scanned type definition for IngestionLiveActivityPresentationProfile
IngestionLiveActivityProcessingMode,enum,OpenIntelligence/Services/Infrastructure/Background/IngestionLiveActivityAttributes.swift,13-23,ingestion,indirect,yes,Scanned type definition for IngestionLiveActivityProcessingMode
IngestionLiveActivityThermalBucket,enum,OpenIntelligence/Services/Infrastructure/Background/IngestionLiveActivityAttributes.swift,27-37,ingestion,indirect,yes,Scanned type definition for IngestionLiveActivityThermalBucket
OpenIntelligenceDeepLink,enum,OpenIntelligence/Services/Infrastructure/Background/IngestionLiveActivityAttributes.swift,48-58,ingestion,indirect,yes,Scanned type definition for OpenIntelligenceDeepLink
ContentState,struct,OpenIntelligence/Services/Infrastructure/Background/IngestionLiveActivityAttributes.swift,59-69,ingestion,indirect,yes,Scanned type definition for ContentState
ContentState,struct,OpenIntelligence/Services/Infrastructure/Background/IngestionLiveActivityAttributes.swift,80-90,ingestion,indirect,yes,Scanned type definition for ContentState
Level,enum,OpenIntelligence/Services/Infrastructure/Configuration/LoggingConfiguration.swift,24-34,model,indirect,yes,Scanned type definition for Level
Category,enum,OpenIntelligence/Services/Infrastructure/Configuration/LoggingConfiguration.swift,84-94,model,indirect,yes,Scanned type definition for Category
QuotaPolicy,enum,OpenIntelligence/Services/Infrastructure/Configuration/QuotaPolicy.swift,4-14,billing,direct,yes,Scanned type definition for QuotaPolicy
DocumentQuotaError,struct,OpenIntelligence/Services/Infrastructure/Configuration/QuotaPolicy.swift,57-67,billing,direct,yes,Scanned type definition for DocumentQuotaError
LibraryQuotaError,struct,OpenIntelligence/Services/Infrastructure/Configuration/QuotaPolicy.swift,68-78,billing,direct,yes,Scanned type definition for LibraryQuotaError
SettingsStore,extension,OpenIntelligence/Services/Infrastructure/Configuration/SettingsStore.swift,856-866,model,indirect,yes,Scanned type definition for SettingsStore
SettingsStore,extension,OpenIntelligence/Services/Infrastructure/Configuration/SettingsStore.swift,922-932,model,indirect,yes,Scanned type definition for SettingsStore
ImageGenerationRequest,struct,OpenIntelligence/Services/Infrastructure/Integration/ImagePlaygroundService.swift,24-34,model,indirect,yes,Scanned type definition for ImageGenerationRequest
ImageGenerationStyle,enum,OpenIntelligence/Services/Infrastructure/Integration/ImagePlaygroundService.swift,29-39,model,indirect,yes,Scanned type definition for ImageGenerationStyle
ImageGenerationResult,struct,OpenIntelligence/Services/Infrastructure/Integration/ImagePlaygroundService.swift,38-48,model,indirect,yes,Scanned type definition for ImageGenerationResult
ImageConceptList,struct,OpenIntelligence/Services/Infrastructure/Integration/ImagePlaygroundService.swift,52-62,model,indirect,yes,Scanned type definition for ImageConceptList
ImagePlaygroundSheetModifier,struct,OpenIntelligence/Services/Infrastructure/Integration/ImagePlaygroundService.swift,852-862,model,indirect,yes,Scanned type definition for ImagePlaygroundSheetModifier
View,extension,OpenIntelligence/Services/Infrastructure/Integration/ImagePlaygroundService.swift,902-912,UI,indirect,yes,Scanned type definition for View
IngestionExecutionProfile,enum,OpenIntelligence/Services/Infrastructure/Monitoring/DeviceCapabilityService.swift,15-25,ingestion,indirect,yes,Scanned type definition for IngestionExecutionProfile
DeviceCapabilityTier,enum,OpenIntelligence/Services/Infrastructure/Monitoring/DeviceCapabilityService.swift,23-33,model,indirect,yes,Scanned type definition for DeviceCapabilityTier
DeviceFormFactor,enum,OpenIntelligence/Services/Infrastructure/Monitoring/DeviceCapabilityService.swift,72-82,model,indirect,yes,Scanned type definition for DeviceFormFactor
MetalHardwareSnapshot,struct,OpenIntelligence/Services/Infrastructure/Monitoring/DeviceCapabilityService.swift,97-107,model,indirect,yes,Scanned type definition for MetalHardwareSnapshot
HardwareExecutionEnvelope,struct,OpenIntelligence/Services/Infrastructure/Monitoring/DeviceCapabilityService.swift,123-133,model,indirect,yes,Scanned type definition for HardwareExecutionEnvelope
AgenticOrchestrator,extension,OpenIntelligence/Services/Infrastructure/Monitoring/DeviceCapabilityService.swift,1349-1359,model,indirect,yes,Scanned type definition for AgenticOrchestrator
DeviceCapabilityService,extension,OpenIntelligence/Services/Infrastructure/Monitoring/DeviceCapabilityService.swift,1359-1369,model,indirect,yes,Scanned type definition for DeviceCapabilityService
HardwareComponent,enum,OpenIntelligence/Services/Infrastructure/Monitoring/HardwareTelemetryState.swift,39-49,diagnostics,indirect,yes,Scanned type definition for HardwareComponent
HardwareActivityType,enum,OpenIntelligence/Services/Infrastructure/Monitoring/HardwareTelemetryState.swift,82-92,diagnostics,indirect,yes,Scanned type definition for HardwareActivityType
ComponentActivity,struct,OpenIntelligence/Services/Infrastructure/Monitoring/HardwareTelemetryState.swift,221-231,diagnostics,indirect,yes,Scanned type definition for ComponentActivity
HardwareTelemetryReporter,enum,OpenIntelligence/Services/Infrastructure/Monitoring/HardwareTelemetryState.swift,928-938,diagnostics,indirect,yes,Scanned type definition for HardwareTelemetryReporter
SystemStateSnapshot,struct,OpenIntelligence/Services/Infrastructure/Monitoring/SystemStateMonitor.swift,21-31,model,indirect,yes,Scanned type definition for SystemStateSnapshot
MachCPUMonitor,enum,OpenIntelligence/Services/Infrastructure/Monitoring/SystemStateMonitor.swift,131-141,model,indirect,yes,Scanned type definition for MachCPUMonitor
MemoryPressureLevel,enum,OpenIntelligence/Services/Infrastructure/Monitoring/SystemStateMonitor.swift,235-245,model,indirect,yes,Scanned type definition for MemoryPressureLevel
MacBatteryState,enum,OpenIntelligence/Services/Infrastructure/Monitoring/SystemStateMonitor.swift,647-657,model,indirect,yes,Scanned type definition for MacBatteryState
TelemetryCategory,enum,OpenIntelligence/Services/Infrastructure/Monitoring/TelemetryCenter.swift,3-13,diagnostics,indirect,yes,Scanned type definition for TelemetryCategory
TelemetrySeverity,enum,OpenIntelligence/Services/Infrastructure/Monitoring/TelemetryCenter.swift,27-37,diagnostics,indirect,yes,Scanned type definition for TelemetrySeverity
TelemetryEvent,struct,OpenIntelligence/Services/Infrastructure/Monitoring/TelemetryCenter.swift,41-51,diagnostics,indirect,yes,Scanned type definition for TelemetryEvent
TelemetryCenter,extension,OpenIntelligence/Services/Infrastructure/Monitoring/TelemetryCenter.swift,147-157,diagnostics,indirect,yes,Scanned type definition for TelemetryCenter
PipelineOptimizationLevel,enum,OpenIntelligence/Services/Infrastructure/Optimization/AdaptivePipelineOptimizer.swift,23-33,model,indirect,yes,Scanned type definition for PipelineOptimizationLevel
DeviceRuntimeState,struct,OpenIntelligence/Services/Infrastructure/Optimization/AdaptivePipelineOptimizer.swift,42-52,model,indirect,yes,Scanned type definition for DeviceRuntimeState
MemoryPressure,enum,OpenIntelligence/Services/Infrastructure/Optimization/AdaptivePipelineOptimizer.swift,48-58,model,indirect,yes,Scanned type definition for MemoryPressure
AdaptivePipelineConfig,struct,OpenIntelligence/Services/Infrastructure/Optimization/AdaptivePipelineOptimizer.swift,92-102,model,indirect,yes,Scanned type definition for AdaptivePipelineConfig
QueryComplexity,enum,OpenIntelligence/Services/Infrastructure/Optimization/AdaptivePipelineOptimizer.swift,595-605,retrieval,indirect,yes,Scanned type definition for QueryComplexity
ProcessInfo.ThermalState,extension,OpenIntelligence/Services/Infrastructure/Optimization/AdaptivePipelineOptimizer.swift,634-644,ingestion,indirect,yes,Scanned type definition for ProcessInfo.ThermalState
ClusterLabelService,actor,OpenIntelligence/Services/Infrastructure/Presentation/ClusterLabelService.swift,24-34,model,indirect,yes,Scanned type definition for ClusterLabelService
ChunkInfo,struct,OpenIntelligence/Services/Infrastructure/Presentation/ClusterLabelService.swift,45-55,model,indirect,yes,Scanned type definition for ChunkInfo
LibraryIconSuggestionService,enum,OpenIntelligence/Services/Infrastructure/Presentation/LibraryIconSuggestionService.swift,12-22,model,indirect,yes,Scanned type definition for LibraryIconSuggestionService
ContentDomain,enum,OpenIntelligence/Services/Infrastructure/Presentation/LibraryIconSuggestionService.swift,14-24,model,indirect,yes,Scanned type definition for ContentDomain
LibraryIconSuggestionService,extension,OpenIntelligence/Services/Infrastructure/Presentation/LibraryIconSuggestionService.swift,294-304,model,indirect,yes,Scanned type definition for LibraryIconSuggestionService
LibraryProfile,struct,OpenIntelligence/Services/Infrastructure/Presentation/LibraryVisualizationEngine.swift,19-29,model,indirect,yes,Scanned type definition for LibraryProfile
LibrarySizeCategory,enum,OpenIntelligence/Services/Infrastructure/Presentation/LibraryVisualizationEngine.swift,72-82,model,indirect,yes,Scanned type definition for LibrarySizeCategory
RetrievalActivity,enum,OpenIntelligence/Services/Infrastructure/Presentation/LibraryVisualizationEngine.swift,92-102,model,indirect,yes,Scanned type definition for RetrievalActivity
ContentCategory,enum,OpenIntelligence/Services/Infrastructure/Presentation/LibraryVisualizationEngine.swift,117-127,model,indirect,yes,Scanned type definition for ContentCategory
TopicCluster,struct,OpenIntelligence/Services/Infrastructure/Presentation/LibraryVisualizationEngine.swift,153-163,model,indirect,yes,Scanned type definition for TopicCluster
HotChunk,struct,OpenIntelligence/Services/Infrastructure/Presentation/LibraryVisualizationEngine.swift,163-173,model,indirect,yes,Scanned type definition for HotChunk
RecentAddition,struct,OpenIntelligence/Services/Infrastructure/Presentation/LibraryVisualizationEngine.swift,172-182,model,indirect,yes,Scanned type definition for RecentAddition
VisualizationInsight,struct,OpenIntelligence/Services/Infrastructure/Presentation/LibraryVisualizationEngine.swift,185-195,model,indirect,yes,Scanned type definition for VisualizationInsight
InsightType,enum,OpenIntelligence/Services/Infrastructure/Presentation/LibraryVisualizationEngine.swift,195-205,model,indirect,yes,Scanned type definition for InsightType
InsightPriority,enum,OpenIntelligence/Services/Infrastructure/Presentation/LibraryVisualizationEngine.swift,208-218,model,indirect,yes,Scanned type definition for InsightPriority
InsightAction,enum,OpenIntelligence/Services/Infrastructure/Presentation/LibraryVisualizationEngine.swift,219-229,model,indirect,yes,Scanned type definition for InsightAction
InsightMetric,struct,OpenIntelligence/Services/Infrastructure/Presentation/LibraryVisualizationEngine.swift,230-240,model,indirect,yes,Scanned type definition for InsightMetric
Trend,enum,OpenIntelligence/Services/Infrastructure/Presentation/LibraryVisualizationEngine.swift,236-246,model,indirect,yes,Scanned type definition for Trend
DocumentEdge,struct,OpenIntelligence/Services/Infrastructure/Presentation/LibraryVisualizationEngine.swift,248-258,model,indirect,yes,Scanned type definition for DocumentEdge
DocumentNode,struct,OpenIntelligence/Services/Infrastructure/Presentation/LibraryVisualizationEngine.swift,256-266,model,indirect,yes,Scanned type definition for DocumentNode
SimilarityMatrix,struct,OpenIntelligence/Services/Infrastructure/Presentation/LibraryVisualizationEngine.swift,265-275,model,indirect,yes,Scanned type definition for SimilarityMatrix
ChunkDetail,struct,OpenIntelligence/Services/Infrastructure/Presentation/LibraryVisualizationEngine.swift,272-282,model,indirect,yes,Scanned type definition for ChunkDetail
EmbeddingSnapshot,struct,OpenIntelligence/Services/Infrastructure/Presentation/LibraryVisualizationEngine.swift,284-294,model,indirect,yes,Scanned type definition for EmbeddingSnapshot
RecommendedView,struct,OpenIntelligence/Services/Infrastructure/Presentation/LibraryVisualizationEngine.swift,305-315,UI,indirect,yes,Scanned type definition for RecommendedView
ViewType,enum,OpenIntelligence/Services/Infrastructure/Presentation/LibraryVisualizationEngine.swift,312-322,UI,indirect,yes,Scanned type definition for ViewType
ProjectionCacheKey,struct,OpenIntelligence/Services/Infrastructure/Presentation/ProjectionCache.swift,8-18,model,indirect,yes,Scanned type definition for ProjectionCacheKey
ProjectionCacheEntry,struct,OpenIntelligence/Services/Infrastructure/Presentation/ProjectionCache.swift,15-25,model,indirect,yes,Scanned type definition for ProjectionCacheEntry
ProjectionMethodKind,enum,OpenIntelligence/Services/Infrastructure/Presentation/ProjectionService.swift,18-28,model,indirect,yes,Scanned type definition for ProjectionMethodKind
VizLCG,struct,OpenIntelligence/Services/Infrastructure/Presentation/ProjectionService.swift,589-599,model,indirect,yes,Scanned type definition for VizLCG
Float,extension,OpenIntelligence/Services/Infrastructure/Presentation/ProjectionService.swift,601-611,model,indirect,yes,Scanned type definition for Float
Notification.Name,extension,OpenIntelligence/Services/Infrastructure/Storage/WorkspaceSyncService.swift,3-13,persistence,direct,yes,Scanned type definition for Notification.Name
SyncBootstrapChoice,enum,OpenIntelligence/Services/Infrastructure/Storage/WorkspaceSyncService.swift,7-17,persistence,direct,yes,Scanned type definition for SyncBootstrapChoice
BootstrapBehavior,enum,OpenIntelligence/Services/Infrastructure/Storage/WorkspaceSyncService.swift,13-23,persistence,direct,yes,Scanned type definition for BootstrapBehavior
SyncResolutionStrategy,enum,OpenIntelligence/Services/Infrastructure/Storage/WorkspaceSyncService.swift,18-28,persistence,direct,yes,Scanned type definition for SyncResolutionStrategy
SyncPendingBootstrapConflict,struct,OpenIntelligence/Services/Infrastructure/Storage/WorkspaceSyncService.swift,33-43,persistence,direct,yes,Scanned type definition for SyncPendingBootstrapConflict
WorkspaceInventory,struct,OpenIntelligence/Services/Infrastructure/Storage/WorkspaceSyncService.swift,45-55,persistence,direct,yes,Scanned type definition for WorkspaceInventory
ContainerMergeResult,struct,OpenIntelligence/Services/Infrastructure/Storage/WorkspaceSyncService.swift,50-60,persistence,direct,yes,Scanned type definition for ContainerMergeResult
DocumentMergeResult,struct,OpenIntelligence/Services/Infrastructure/Storage/WorkspaceSyncService.swift,56-66,persistence,direct,yes,Scanned type definition for DocumentMergeResult
PendingBootstrapPlan,struct,OpenIntelligence/Services/Infrastructure/Storage/WorkspaceSyncService.swift,61-71,persistence,direct,yes,Scanned type definition for PendingBootstrapPlan
SourcedDocument,struct,OpenIntelligence/Services/Infrastructure/Storage/WorkspaceSyncService.swift,68-78,persistence,direct,yes,Scanned type definition for SourcedDocument
PersistedIngestionContextRecord,struct,OpenIntelligence/Services/Infrastructure/Storage/WorkspaceSyncService.swift,73-83,persistence,direct,yes,Scanned type definition for PersistedIngestionContextRecord
CodingKeys,enum,OpenIntelligence/Services/Infrastructure/Storage/WorkspaceSyncService.swift,77-87,persistence,direct,yes,Scanned type definition for CodingKeys
PersistedIngestionQueueStateRecord,struct,OpenIntelligence/Services/Infrastructure/Storage/WorkspaceSyncService.swift,100-110,persistence,direct,yes,Scanned type definition for PersistedIngestionQueueStateRecord
CodingKeys,enum,OpenIntelligence/Services/Infrastructure/Storage/WorkspaceSyncService.swift,105-115,persistence,direct,yes,Scanned type definition for CodingKeys
QueueFilterMode,enum,OpenIntelligence/Services/Infrastructure/Storage/WorkspaceSyncService.swift,132-142,persistence,direct,yes,Scanned type definition for QueueFilterMode
Snapshot,struct,OpenIntelligence/Services/Infrastructure/Storage/WorkspaceSyncService.swift,2731-2741,persistence,direct,yes,Scanned type definition for Snapshot
FirstQueryTip,struct,OpenIntelligence/Services/Infrastructure/Tips/AppTips.swift,17-27,retrieval,indirect,yes,Scanned type definition for FirstQueryTip
IngestDocumentTip,struct,OpenIntelligence/Services/Infrastructure/Tips/AppTips.swift,42-52,ingestion,indirect,yes,Scanned type definition for IngestDocumentTip
ContainerTip,struct,OpenIntelligence/Services/Infrastructure/Tips/AppTips.swift,67-77,lifecycle,indirect,yes,Scanned type definition for ContainerTip
ModelConfigTip,struct,OpenIntelligence/Services/Infrastructure/Tips/AppTips.swift,92-102,lifecycle,indirect,yes,Scanned type definition for ModelConfigTip
AtlasTip,struct,OpenIntelligence/Services/Infrastructure/Tips/AppTips.swift,117-127,lifecycle,indirect,yes,Scanned type definition for AtlasTip
CompactTipViewStyle,struct,OpenIntelligence/Services/Infrastructure/Tips/AppTips.swift,144-154,UI,indirect,yes,Scanned type definition for CompactTipViewStyle
InlineTipView,struct,OpenIntelligence/Services/Infrastructure/Tips/AppTips.swift,173-183,UI,indirect,yes,Scanned type definition for InlineTipView
AppTipConfiguration,enum,OpenIntelligence/Services/Infrastructure/Tips/AppTips.swift,189-199,lifecycle,indirect,yes,Scanned type definition for AppTipConfiguration
AdapterDescriptor,struct,OpenIntelligence/Services/LLM/AdapterManager.swift,40-50,model,indirect,yes,Scanned type definition for AdapterDescriptor
AdapterDomain,enum,OpenIntelligence/Services/LLM/AdapterManager.swift,55-65,model,indirect,yes,Scanned type definition for AdapterDomain
AdapterState,enum,OpenIntelligence/Services/LLM/AdapterManager.swift,66-76,model,indirect,yes,Scanned type definition for AdapterState
InstalledAdapter,struct,OpenIntelligence/Services/LLM/AdapterManager.swift,76-86,model,indirect,yes,Scanned type definition for InstalledAdapter
LLMService,protocol,OpenIntelligence/Services/LLM/LLMService.swift,29-39,model,indirect,yes,Scanned type definition for LLMService
RAGToolHandler,protocol,OpenIntelligence/Services/LLM/LLMService.swift,47-57,RAG,indirect,yes,Scanned type definition for RAGToolHandler
LLMStreamEvent,struct,OpenIntelligence/Services/LLM/LLMService.swift,76-86,model,indirect,yes,Scanned type definition for LLMStreamEvent
StructuredRAGClaim,struct,OpenIntelligence/Services/LLM/LLMService.swift,90-100,RAG,indirect,yes,Scanned type definition for StructuredRAGClaim
StructuredRAGGeneration,struct,OpenIntelligence/Services/LLM/LLMService.swift,96-106,RAG,indirect,yes,Scanned type definition for StructuredRAGGeneration
StructuredRAGMode,enum,OpenIntelligence/Services/LLM/LLMService.swift,105-115,RAG,indirect,yes,Scanned type definition for StructuredRAGMode
LLMStreamingContext,enum,OpenIntelligence/Services/LLM/LLMService.swift,110-120,model,indirect,yes,Scanned type definition for LLMStreamingContext
LLMResponse,struct,OpenIntelligence/Services/LLM/LLMService.swift,126-136,model,indirect,yes,Scanned type definition for LLMResponse
AppleFoundationLLMService,class,OpenIntelligence/Services/LLM/LLMService.swift,170-180,model,indirect,yes,Scanned type definition for AppleFoundationLLMService
ScreenshotMockLLMService,class,OpenIntelligence/Services/LLM/LLMService.swift,1627-1637,UI,indirect,yes,Scanned type definition for ScreenshotMockLLMService
AppleFoundationLLMServiceUnavailable,class,OpenIntelligence/Services/LLM/LLMService.swift,1725-1735,model,indirect,yes,Scanned type definition for AppleFoundationLLMServiceUnavailable
AssistChatIntent,struct,OpenIntelligence/Services/LLM/LLMService.swift,1766-1776,chat,indirect,yes,Scanned type definition for AssistChatIntent
AssistantProvider,enum,OpenIntelligence/Services/LLM/LLMService.swift,1803-1813,model,indirect,yes,Scanned type definition for AssistantProvider
AppleChatGPTExtensionService,class,OpenIntelligence/Services/LLM/LLMService.swift,1830-1840,chat,indirect,yes,Scanned type definition for AppleChatGPTExtensionService
AppleChatGPTExtensionService,class,OpenIntelligence/Services/LLM/LLMService.swift,1995-2005,chat,indirect,yes,Scanned type definition for AppleChatGPTExtensionService
LLMError,enum,OpenIntelligence/Services/LLM/LLMService.swift,2020-2030,model,indirect,yes,Scanned type definition for LLMError
Config,struct,OpenIntelligence/Services/LLM/LocalOpenAIServerLLMService.swift,22-32,model,indirect,yes,Scanned type definition for Config
ResolutionEvent,struct,OpenIntelligence/Services/LLM/ModelResolutionService.swift,43-53,model,direct,yes,Scanned type definition for ResolutionEvent
EnvironmentValues,extension,OpenIntelligence/Services/LLM/ModelResolutionService.swift,371-381,model,direct,yes,Scanned type definition for EnvironmentValues
ModelResolutionService,extension,OpenIntelligence/Services/LLM/ModelResolutionService.swift,380-390,model,direct,yes,Scanned type definition for ModelResolutionService
PromptTestCase,struct,OpenIntelligence/Services/LLM/PromptEvaluationService.swift,14-24,model,indirect,yes,Scanned type definition for PromptTestCase
PromptEvalResult,struct,OpenIntelligence/Services/LLM/PromptEvaluationService.swift,40-50,model,indirect,yes,Scanned type definition for PromptEvalResult
PromptEvalSuiteResult,struct,OpenIntelligence/Services/LLM/PromptEvaluationService.swift,53-63,model,indirect,yes,Scanned type definition for PromptEvalSuiteResult
PromptEvaluationService,actor,OpenIntelligence/Services/LLM/PromptEvaluationService.swift,64-74,model,indirect,yes,Scanned type definition for PromptEvaluationService
PromptEvalError,enum,OpenIntelligence/Services/LLM/PromptEvaluationService.swift,354-364,model,indirect,yes,Scanned type definition for PromptEvalError
GroundedPromptMode,enum,OpenIntelligence/Services/Query/Analysis/GroundedAnswerPolicy.swift,2-12,model,indirect,yes,Scanned type definition for GroundedPromptMode
GroundedAnswerPolicy,struct,OpenIntelligence/Services/Query/Analysis/GroundedAnswerPolicy.swift,7-17,model,indirect,yes,Scanned type definition for GroundedAnswerPolicy
QueryComplexityResult,struct,OpenIntelligence/Services/Query/Analysis/QueryComplexityAnalyzer.swift,13-23,retrieval,indirect,yes,Scanned type definition for QueryComplexityResult
QueryComplexity,enum,OpenIntelligence/Services/Query/Analysis/QueryComplexityAnalyzer.swift,18-28,retrieval,indirect,yes,Scanned type definition for QueryComplexity
InferredMode,enum,OpenIntelligence/Services/Query/Analysis/QueryComplexityAnalyzer.swift,24-34,model,indirect,yes,Scanned type definition for InferredMode
QueryExecutionMode,enum,OpenIntelligence/Services/Query/Analysis/QueryExecutionPlannerService.swift,6-16,retrieval,indirect,yes,Scanned type definition for QueryExecutionMode
QueryExecutionPlan,struct,OpenIntelligence/Services/Query/Analysis/QueryExecutionPlannerService.swift,24-34,retrieval,indirect,yes,Scanned type definition for QueryExecutionPlan
GuidedQueryExecutionPlan,struct,OpenIntelligence/Services/Query/Analysis/QueryExecutionPlannerService.swift,319-329,retrieval,indirect,yes,Scanned type definition for GuidedQueryExecutionPlan
QueryProfile,struct,OpenIntelligence/Services/Query/Analysis/QueryProfileService.swift,12-22,retrieval,indirect,yes,Scanned type definition for QueryProfile
SpecificationExtractionResult,struct,OpenIntelligence/Services/Query/Analysis/SpecificationExtractor.swift,27-37,model,indirect,yes,Scanned type definition for SpecificationExtractionResult
SpecificationExtractionFailure,enum,OpenIntelligence/Services/Query/Analysis/SpecificationExtractor.swift,69-79,model,indirect,yes,Scanned type definition for SpecificationExtractionFailure
SpecificationExtractor,actor,OpenIntelligence/Services/Query/Analysis/SpecificationExtractor.swift,90-100,model,indirect,yes,Scanned type definition for SpecificationExtractor
Config,struct,OpenIntelligence/Services/Query/Enhancement/ContextualCompressionService.swift,23-33,model,indirect,yes,Scanned type definition for Config
CompressionResult,struct,OpenIntelligence/Services/Query/Enhancement/ContextualCompressionService.swift,349-359,model,indirect,yes,Scanned type definition for CompressionResult
ContextualCompressionService,extension,OpenIntelligence/Services/Query/Enhancement/ContextualCompressionService.swift,444-454,model,indirect,yes,Scanned type definition for ContextualCompressionService
GroundingVerification,struct,OpenIntelligence/Services/Query/Enhancement/ContextualCompressionService.swift,540-550,model,indirect,yes,Scanned type definition for GroundingVerification
Status,enum,OpenIntelligence/Services/Query/Enhancement/ContextualCompressionService.swift,541-551,model,indirect,yes,Scanned type definition for Status
CorpusVocabulary,struct,OpenIntelligence/Services/Query/Enhancement/QueryEnhancementService.swift,12-22,model,indirect,yes,Scanned type definition for CorpusVocabulary
QueryIntent,enum,OpenIntelligence/Services/Query/Enhancement/QueryEnhancementService.swift,24-34,retrieval,indirect,yes,Scanned type definition for QueryIntent
AnswerIntent,enum,OpenIntelligence/Services/Query/Enhancement/QueryEnhancementService.swift,57-67,App Intents,indirect,yes,Scanned type definition for AnswerIntent
CorpusVocabulary,extension,OpenIntelligence/Services/Query/Enhancement/QueryEnhancementService.swift,1073-1083,model,indirect,yes,Scanned type definition for CorpusVocabulary
Config,struct,OpenIntelligence/Services/Query/Rewriting/HyDEService.swift,34-44,model,indirect,yes,Scanned type definition for Config
HyDEResult,struct,OpenIntelligence/Services/Query/Rewriting/HyDEService.swift,237-247,model,indirect,yes,Scanned type definition for HyDEResult
HyDEError,enum,OpenIntelligence/Services/Query/Rewriting/HyDEService.swift,251-261,model,indirect,yes,Scanned type definition for HyDEError
HyDEService,extension,OpenIntelligence/Services/Query/Rewriting/HyDEService.swift,269-279,model,indirect,yes,Scanned type definition for HyDEService
ConversationTurn,struct,OpenIntelligence/Services/Query/Rewriting/QueryRewriterService.swift,19-29,model,indirect,yes,Scanned type definition for ConversationTurn
RewrittenQuery,struct,OpenIntelligence/Services/Query/Rewriting/QueryRewriterService.swift,26-36,retrieval,indirect,yes,Scanned type definition for RewrittenQuery
SemanticIntent,enum,OpenIntelligence/Services/Query/Rewriting/QueryRewriterService.swift,38-48,App Intents,indirect,yes,Scanned type definition for SemanticIntent
QueryRewriterError,enum,OpenIntelligence/Services/Query/Rewriting/QueryRewriterService.swift,443-453,retrieval,indirect,yes,Scanned type definition for QueryRewriterError
QueryType,enum,OpenIntelligence/Services/Query/Routing/QueryRouterService.swift,22-32,retrieval,direct,yes,Scanned type definition for QueryType
QueryClassification,struct,OpenIntelligence/Services/Query/Routing/QueryRouterService.swift,64-74,retrieval,direct,yes,Scanned type definition for QueryClassification
QueryRouterService,actor,OpenIntelligence/Services/Query/Routing/QueryRouterService.swift,84-94,retrieval,direct,yes,Scanned type definition for QueryRouterService
QueryRouterService,extension,OpenIntelligence/Services/Query/Routing/QueryRouterService.swift,288-298,retrieval,direct,yes,Scanned type definition for QueryRouterService
SmartReply,struct,OpenIntelligence/Services/Query/UX/SmartReplyService.swift,15-25,model,indirect,yes,Scanned type definition for SmartReply
SmartReplyCategory,enum,OpenIntelligence/Services/Query/UX/SmartReplyService.swift,23-33,model,indirect,yes,Scanned type definition for SmartReplyCategory
SmartReplyService,actor,OpenIntelligence/Services/Query/UX/SmartReplyService.swift,46-56,model,indirect,yes,Scanned type definition for SmartReplyService
SuggestedQuestionList,struct,OpenIntelligence/Services/Query/UX/SuggestedQuestionsService.swift,40-50,model,indirect,yes,Scanned type definition for SuggestedQuestionList
SuggestedQuestionsService,actor,OpenIntelligence/Services/Query/UX/SuggestedQuestionsService.swift,45-55,model,indirect,yes,Scanned type definition for SuggestedQuestionsService
QuestionCategory,enum,OpenIntelligence/Services/Query/UX/SuggestedQuestionsService.swift,53-63,model,indirect,yes,Scanned type definition for QuestionCategory
SuggestedQuestion,struct,OpenIntelligence/Services/Query/UX/SuggestedQuestionsService.swift,75-85,model,indirect,yes,Scanned type definition for SuggestedQuestion
VisualEvidenceMetadata,struct,OpenIntelligence/Services/RAG/Evidence/VisualEvidenceSource.swift,12-22,RAG,indirect,yes,Scanned type definition for VisualEvidenceMetadata
VisualEvidenceSource,struct,OpenIntelligence/Services/RAG/Evidence/VisualEvidenceSource.swift,21-31,RAG,indirect,yes,Scanned type definition for VisualEvidenceSource
ExtractiveQAService,protocol,OpenIntelligence/Services/RAG/Extraction/ExtractiveQAService.swift,28-38,RAG,indirect,yes,Scanned type definition for ExtractiveQAService
ExtractionResult,struct,OpenIntelligence/Services/RAG/Extraction/ExtractiveQAService.swift,46-56,RAG,indirect,yes,Scanned type definition for ExtractionResult
ExtractiveModelInfo,struct,OpenIntelligence/Services/RAG/Extraction/ExtractiveQAService.swift,73-83,RAG,indirect,yes,Scanned type definition for ExtractiveModelInfo
PlaceholderExtractiveQAService,actor,OpenIntelligence/Services/RAG/Extraction/ExtractiveQAService.swift,95-105,RAG,indirect,yes,Scanned type definition for PlaceholderExtractiveQAService
CoreMLExtractiveQAService,actor,OpenIntelligence/Services/RAG/Extraction/ExtractiveQAService.swift,113-123,RAG,indirect,yes,Scanned type definition for CoreMLExtractiveQAService
HeuristicExtractiveQAService,actor,OpenIntelligence/Services/RAG/Extraction/ExtractiveQAService.swift,230-240,RAG,indirect,yes,Scanned type definition for HeuristicExtractiveQAService
ExtractiveQAServiceFactory,enum,OpenIntelligence/Services/RAG/Extraction/ExtractiveQAService.swift,585-595,RAG,indirect,yes,Scanned type definition for ExtractiveQAServiceFactory
ExtractiveSummary,struct,OpenIntelligence/Services/RAG/Extraction/ExtractiveSummarizationService.swift,26-36,RAG,indirect,yes,Scanned type definition for ExtractiveSummary
SelectedSentence,struct,OpenIntelligence/Services/RAG/Extraction/ExtractiveSummarizationService.swift,44-54,RAG,indirect,yes,Scanned type definition for SelectedSentence
ExtractiveSummarizationService,actor,OpenIntelligence/Services/RAG/Extraction/ExtractiveSummarizationService.swift,65-75,RAG,indirect,yes,Scanned type definition for ExtractiveSummarizationService
ExtractiveSummarizationService,extension,OpenIntelligence/Services/RAG/Extraction/ExtractiveSummarizationService.swift,298-308,RAG,indirect,yes,Scanned type definition for ExtractiveSummarizationService
QueryExecutionPath,enum,OpenIntelligence/Services/RAG/Orchestration/QueryRuntimeCoordinator.swift,25-35,RAG,indirect,yes,Scanned type definition for QueryExecutionPath
QueryRuntimeContext,struct,OpenIntelligence/Services/RAG/Orchestration/QueryRuntimeCoordinator.swift,40-50,RAG,indirect,yes,Scanned type definition for QueryRuntimeContext
RAGEngine,actor,OpenIntelligence/Services/RAG/Orchestration/RAGEngine.swift,22-32,RAG,indirect,yes,Scanned type definition for RAGEngine
TokenizedInput,struct,OpenIntelligence/Services/RAG/Orchestration/RAGEngine.swift,1297-1307,RAG,indirect,yes,Scanned type definition for TokenizedInput
RAGService,extension,OpenIntelligence/Services/RAG/Orchestration/RAGService+KnowledgeRetrievalEngine.swift,2-12,RAG,indirect,yes,Scanned type definition for RAGService
Array,extension,OpenIntelligence/Services/RAG/Orchestration/RAGService.swift,24-34,RAG,indirect,yes,Scanned type definition for Array
UUID,extension,OpenIntelligence/Services/RAG/Orchestration/RAGService.swift,37-47,RAG,indirect,yes,Scanned type definition for UUID
RetrievalLogEntry,struct,OpenIntelligence/Services/RAG/Orchestration/RAGService.swift,54-64,RAG,indirect,yes,Scanned type definition for RetrievalLogEntry
RAGAuditFeatureFlags,struct,OpenIntelligence/Services/RAG/Orchestration/RAGService.swift,63-73,RAG,indirect,yes,Scanned type definition for RAGAuditFeatureFlags
RAGAuditSnapshot,struct,OpenIntelligence/Services/RAG/Orchestration/RAGService.swift,120-130,RAG,indirect,yes,Scanned type definition for RAGAuditSnapshot
VectorStoreAudit,struct,OpenIntelligence/Services/RAG/Orchestration/RAGService.swift,281-291,RAG,indirect,yes,Scanned type definition for VectorStoreAudit
ReembedProgress,struct,OpenIntelligence/Services/RAG/Orchestration/RAGService.swift,295-305,RAG,indirect,yes,Scanned type definition for ReembedProgress
IngestionContext,enum,OpenIntelligence/Services/RAG/Orchestration/RAGService.swift,306-316,RAG,indirect,yes,Scanned type definition for IngestionContext
RAGService,class,OpenIntelligence/Services/RAG/Orchestration/RAGService.swift,324-334,RAG,indirect,yes,Scanned type definition for RAGService
EmbeddingDiagnosticsSnapshot,struct,OpenIntelligence/Services/RAG/Orchestration/RAGService.swift,1127-1137,RAG,indirect,yes,Scanned type definition for EmbeddingDiagnosticsSnapshot
SentenceExtractionResult,struct,OpenIntelligence/Services/RAG/Orchestration/RAGService.swift,2525-2535,RAG,indirect,yes,Scanned type definition for SentenceExtractionResult
ScoredSentence,struct,OpenIntelligence/Services/RAG/Orchestration/RAGService.swift,2687-2697,RAG,indirect,yes,Scanned type definition for ScoredSentence
Candidate,struct,OpenIntelligence/Services/RAG/Orchestration/RAGService.swift,13432-13442,RAG,indirect,yes,Scanned type definition for Candidate
StreamCapture,actor,OpenIntelligence/Services/RAG/Orchestration/RAGService.swift,13713-13723,RAG,indirect,yes,Scanned type definition for StreamCapture
RAGService,extension,OpenIntelligence/Services/RAG/Orchestration/RAGService.swift,15688-15698,RAG,indirect,yes,Scanned type definition for RAGService
DeviceChip,enum,OpenIntelligence/Services/RAG/Orchestration/RAGService.swift,16007-16017,RAG,indirect,yes,Scanned type definition for DeviceChip
DeviceCapabilities,struct,OpenIntelligence/Services/RAG/Orchestration/RAGService.swift,16084-16094,RAG,indirect,yes,Scanned type definition for DeviceCapabilities
DeviceTier,enum,OpenIntelligence/Services/RAG/Orchestration/RAGService.swift,16160-16170,RAG,indirect,yes,Scanned type definition for DeviceTier
RAGServiceError,enum,OpenIntelligence/Services/RAG/Orchestration/RAGService.swift,16191-16201,RAG,indirect,yes,Scanned type definition for RAGServiceError
RAGService,extension,OpenIntelligence/Services/RAG/Orchestration/RAGService.swift,16224-16234,RAG,indirect,yes,Scanned type definition for RAGService
ContainerVocabularyService,actor,OpenIntelligence/Services/RAG/Retrieval/ContainerVocabularyService.swift,75-85,RAG,indirect,yes,Scanned type definition for ContainerVocabularyService
PackedContext,struct,OpenIntelligence/Services/RAG/Retrieval/ContextPackingService.swift,28-38,RAG,indirect,yes,Scanned type definition for PackedContext
ContextPackingService,actor,OpenIntelligence/Services/RAG/Retrieval/ContextPackingService.swift,52-62,RAG,indirect,yes,Scanned type definition for ContextPackingService
ContextPackingService,extension,OpenIntelligence/Services/RAG/Retrieval/ContextPackingService.swift,448-458,RAG,indirect,yes,Scanned type definition for ContextPackingService
CrossReference,struct,OpenIntelligence/Services/RAG/Retrieval/GraphIndexService.swift,26-36,RAG,indirect,yes,Scanned type definition for CrossReference
ReferenceType,enum,OpenIntelligence/Services/RAG/Retrieval/GraphIndexService.swift,38-48,RAG,indirect,yes,Scanned type definition for ReferenceType
ChunkGraphEdges,struct,OpenIntelligence/Services/RAG/Retrieval/GraphIndexService.swift,61-71,RAG,indirect,yes,Scanned type definition for ChunkGraphEdges
GraphIndexService,actor,OpenIntelligence/Services/RAG/Retrieval/GraphIndexService.swift,95-105,RAG,indirect,yes,Scanned type definition for GraphIndexService
BM25Snapshot,struct,OpenIntelligence/Services/RAG/Retrieval/HybridSearchService.swift,32-42,RAG,indirect,yes,Scanned type definition for BM25Snapshot
BM25Scorer,struct,OpenIntelligence/Services/RAG/Retrieval/HybridSearchService.swift,40-50,RAG,indirect,yes,Scanned type definition for BM25Scorer
BM25Scorer,extension,OpenIntelligence/Services/RAG/Retrieval/HybridSearchService.swift,120-130,RAG,indirect,yes,Scanned type definition for BM25Scorer
HybridSearchService,class,OpenIntelligence/Services/RAG/Retrieval/HybridSearchService.swift,160-170,RAG,indirect,yes,Scanned type definition for HybridSearchService
RetrievalIteration,struct,OpenIntelligence/Services/RAG/Retrieval/IterativeRetrievalService.swift,22-32,RAG,indirect,yes,Scanned type definition for RetrievalIteration
IterativeRetrievalResult,struct,OpenIntelligence/Services/RAG/Retrieval/IterativeRetrievalService.swift,32-42,RAG,indirect,yes,Scanned type definition for IterativeRetrievalResult
IterativeRetrievalConfig,struct,OpenIntelligence/Services/RAG/Retrieval/IterativeRetrievalService.swift,56-66,RAG,indirect,yes,Scanned type definition for IterativeRetrievalConfig
IterativeRetrievalError,enum,OpenIntelligence/Services/RAG/Retrieval/IterativeRetrievalService.swift,425-435,RAG,indirect,yes,Scanned type definition for IterativeRetrievalError
Config,struct,OpenIntelligence/Services/RAG/Retrieval/ParentDocumentService.swift,20-30,RAG,indirect,yes,Scanned type definition for Config
ExpansionResult,struct,OpenIntelligence/Services/RAG/Retrieval/ParentDocumentService.swift,65-75,RAG,indirect,yes,Scanned type definition for ExpansionResult
CalibrationParameters,struct,OpenIntelligence/Services/RAG/Safety/ConfidenceCalibrationService.swift,26-36,RAG,indirect,yes,Scanned type definition for CalibrationParameters
CalibratedConfidence,struct,OpenIntelligence/Services/RAG/Safety/ConfidenceCalibrationService.swift,79-89,RAG,indirect,yes,Scanned type definition for CalibratedConfidence
ConfidenceLevel,enum,OpenIntelligence/Services/RAG/Safety/ConfidenceCalibrationService.swift,91-101,RAG,indirect,yes,Scanned type definition for ConfidenceLevel
ConfidenceComponents,struct,OpenIntelligence/Services/RAG/Safety/ConfidenceCalibrationService.swift,109-119,RAG,indirect,yes,Scanned type definition for ConfidenceComponents
ConfidenceCalibrationService,extension,OpenIntelligence/Services/RAG/Safety/ConfidenceCalibrationService.swift,287-297,RAG,indirect,yes,Scanned type definition for ConfidenceCalibrationService
DomainIsolationService,enum,OpenIntelligence/Services/RAG/Safety/DomainIsolationService.swift,2-12,RAG,indirect,yes,Scanned type definition for DomainIsolationService
ScientificDomain,enum,OpenIntelligence/Services/RAG/Safety/DomainIsolationService.swift,4-14,RAG,indirect,yes,Scanned type definition for ScientificDomain
Classification,struct,OpenIntelligence/Services/RAG/Safety/DomainIsolationService.swift,87-97,RAG,indirect,yes,Scanned type definition for Classification
ClassifiedChunk,struct,OpenIntelligence/Services/RAG/Safety/DomainIsolationService.swift,94-104,RAG,indirect,yes,Scanned type definition for ClassifiedChunk
Assessment,struct,OpenIntelligence/Services/RAG/Safety/DomainIsolationService.swift,99-109,RAG,indirect,yes,Scanned type definition for Assessment
RAGQualityMetrics,struct,OpenIntelligence/Services/RAG/Safety/QualityAssuranceService.swift,37-47,RAG,indirect,yes,Scanned type definition for RAGQualityMetrics
RAGBenchmarkCaseResult,struct,OpenIntelligence/Services/RAG/Safety/QualityAssuranceService.swift,94-104,RAG,indirect,yes,Scanned type definition for RAGBenchmarkCaseResult
QueryClass,enum,OpenIntelligence/Services/RAG/Safety/QualityAssuranceService.swift,96-106,RAG,indirect,yes,Scanned type definition for QueryClass
RAGBenchmarkPipelineCensus,struct,OpenIntelligence/Services/RAG/Safety/QualityAssuranceService.swift,117-127,RAG,indirect,yes,Scanned type definition for RAGBenchmarkPipelineCensus
RAGBenchmarkSuiteResult,struct,OpenIntelligence/Services/RAG/Safety/QualityAssuranceService.swift,152-162,RAG,indirect,yes,Scanned type definition for RAGBenchmarkSuiteResult
QATestCase,struct,OpenIntelligence/Services/RAG/Safety/QualityAssuranceService.swift,163-173,RAG,indirect,yes,Scanned type definition for QATestCase
AnswerType,enum,OpenIntelligence/Services/RAG/Safety/QualityAssuranceService.swift,170-180,RAG,indirect,yes,Scanned type definition for AnswerType
Difficulty,enum,OpenIntelligence/Services/RAG/Safety/QualityAssuranceService.swift,178-188,RAG,indirect,yes,Scanned type definition for Difficulty
EmbeddingSimilarityPair,struct,OpenIntelligence/Services/RAG/Safety/QualityAssuranceService.swift,187-197,RAG,indirect,yes,Scanned type definition for EmbeddingSimilarityPair
QualityAssuranceService,actor,OpenIntelligence/Services/RAG/Safety/QualityAssuranceService.swift,197-207,RAG,indirect,yes,Scanned type definition for QualityAssuranceService
QualityAssuranceService,extension,OpenIntelligence/Services/RAG/Safety/QualityAssuranceService.swift,837-847,RAG,indirect,yes,Scanned type definition for QualityAssuranceService
SourceOnlyClaimDraft,struct,OpenIntelligence/Services/RAG/Safety/SourceOnlyAnswerService.swift,7-17,RAG,indirect,yes,Scanned type definition for SourceOnlyClaimDraft
SourceOnlyDomainBlockDraft,struct,OpenIntelligence/Services/RAG/Safety/SourceOnlyAnswerService.swift,26-36,RAG,indirect,yes,Scanned type definition for SourceOnlyDomainBlockDraft
SourceOnlyAnswerDraft,struct,OpenIntelligence/Services/RAG/Safety/SourceOnlyAnswerService.swift,69-79,RAG,indirect,yes,Scanned type definition for SourceOnlyAnswerDraft
SourceOnlyClaimReview,struct,OpenIntelligence/Services/RAG/Safety/SourceOnlyAnswerService.swift,91-101,RAG,indirect,yes,Scanned type definition for SourceOnlyClaimReview
SourceOnlyReviewBundle,struct,OpenIntelligence/Services/RAG/Safety/SourceOnlyAnswerService.swift,113-123,RAG,indirect,yes,Scanned type definition for SourceOnlyReviewBundle
SourceOnlyClaimVerdict,enum,OpenIntelligence/Services/RAG/Safety/SourceOnlyAnswerService.swift,117-127,RAG,indirect,yes,Scanned type definition for SourceOnlyClaimVerdict
SourceOnlyVerifiedClaim,struct,OpenIntelligence/Services/RAG/Safety/SourceOnlyAnswerService.swift,124-134,RAG,indirect,yes,Scanned type definition for SourceOnlyVerifiedClaim
SourceOnlyAnswerOutcome,struct,OpenIntelligence/Services/RAG/Safety/SourceOnlyAnswerService.swift,138-148,RAG,indirect,yes,Scanned type definition for SourceOnlyAnswerOutcome
RAGVerificationResult,struct,OpenIntelligence/Services/RAG/Safety/VerificationGateService.swift,24-34,RAG,indirect,yes,Scanned type definition for RAGVerificationResult
GateResult,struct,OpenIntelligence/Services/RAG/Safety/VerificationGateService.swift,33-43,RAG,indirect,yes,Scanned type definition for GateResult
ClaimResult,struct,OpenIntelligence/Services/RAG/Safety/VerificationGateService.swift,39-49,RAG,indirect,yes,Scanned type definition for ClaimResult
Verdict,enum,OpenIntelligence/Services/RAG/Safety/VerificationGateService.swift,41-51,RAG,indirect,yes,Scanned type definition for Verdict
VerificationGate,enum,OpenIntelligence/Services/RAG/Safety/VerificationGateService.swift,62-72,RAG,indirect,yes,Scanned type definition for VerificationGate
VerificationConfig,struct,OpenIntelligence/Services/RAG/Safety/VerificationGateService.swift,77-87,RAG,indirect,yes,Scanned type definition for VerificationConfig
VerificationGateService,actor,OpenIntelligence/Services/RAG/Safety/VerificationGateService.swift,126-136,RAG,indirect,yes,Scanned type definition for VerificationGateService
VerificationGateService,extension,OpenIntelligence/Services/RAG/Safety/VerificationGateService.swift,1509-1519,RAG,indirect,yes,Scanned type definition for VerificationGateService
AgenticRetrievalQuality,enum,OpenIntelligence/Services/RAG/Tuning/AgenticPolicyService.swift,10-20,RAG,indirect,yes,Scanned type definition for AgenticRetrievalQuality
AgenticReasoningPolicy,struct,OpenIntelligence/Services/RAG/Tuning/AgenticPolicyService.swift,35-45,RAG,indirect,yes,Scanned type definition for AgenticReasoningPolicy
AgenticPolicyService,enum,OpenIntelligence/Services/RAG/Tuning/AgenticPolicyService.swift,84-94,RAG,indirect,yes,Scanned type definition for AgenticPolicyService
AutoTuneService,enum,OpenIntelligence/Services/RAG/Tuning/AutoTuneService.swift,10-20,RAG,indirect,yes,Scanned type definition for AutoTuneService
QueryConfidencePolicy,struct,OpenIntelligence/Services/RAG/Tuning/ConfidencePolicyService.swift,10-20,RAG,indirect,yes,Scanned type definition for QueryConfidencePolicy
ConfidencePolicyService,enum,OpenIntelligence/Services/RAG/Tuning/ConfidencePolicyService.swift,19-29,RAG,indirect,yes,Scanned type definition for ConfidencePolicyService
EvidenceScoringPolicyService,enum,OpenIntelligence/Services/RAG/Tuning/EvidenceScoringPolicyService.swift,10-20,RAG,indirect,yes,Scanned type definition for EvidenceScoringPolicyService
RetrievalMetrics,struct,OpenIntelligence/Services/RAG/Tuning/RetrievalPolicyService.swift,10-20,RAG,indirect,yes,Scanned type definition for RetrievalMetrics
RetrievalFilteringDecision,struct,OpenIntelligence/Services/RAG/Tuning/RetrievalPolicyService.swift,17-27,RAG,indirect,yes,Scanned type definition for RetrievalFilteringDecision
RetrievalCascadeDecision,struct,OpenIntelligence/Services/RAG/Tuning/RetrievalPolicyService.swift,24-34,RAG,indirect,yes,Scanned type definition for RetrievalCascadeDecision
AgenticRetrievalStage,enum,OpenIntelligence/Services/RAG/Tuning/RetrievalPolicyService.swift,31-41,RAG,indirect,yes,Scanned type definition for AgenticRetrievalStage
RetrievalPolicyService,enum,OpenIntelligence/Services/RAG/Tuning/RetrievalPolicyService.swift,41-51,RAG,indirect,yes,Scanned type definition for RetrievalPolicyService
CachedDocument,struct,OpenIntelligence/Services/Storage/DocumentationCacheService.swift,15-25,persistence,direct,yes,Scanned type definition for CachedDocument
SourceType,enum,OpenIntelligence/Services/Storage/DocumentationCacheService.swift,24-34,persistence,direct,yes,Scanned type definition for SourceType
DocumentationCacheService,actor,OpenIntelligence/Services/Storage/DocumentationCacheService.swift,81-91,persistence,direct,yes,Scanned type definition for DocumentationCacheService
DocumentationCacheService,extension,OpenIntelligence/Services/Storage/DocumentationCacheService.swift,411-421,persistence,direct,yes,Scanned type definition for DocumentationCacheService
FullTextStorageService,actor,OpenIntelligence/Services/Storage/FullTextStorageService.swift,14-24,persistence,direct,yes,Scanned type definition for FullTextStorageService
SearchMatch,struct,OpenIntelligence/Services/Storage/FullTextStorageService.swift,223-233,persistence,direct,yes,Scanned type definition for SearchMatch
SQLiteFullTextService,actor,OpenIntelligence/Services/Storage/SQLiteFullTextService.swift,45-55,persistence,direct,yes,Scanned type definition for SQLiteFullTextService
StructuredChunkMetadata,struct,OpenIntelligence/Services/Storage/SQLiteFullTextService.swift,46-56,persistence,direct,yes,Scanned type definition for StructuredChunkMetadata
SQLiteChunk,struct,OpenIntelligence/Services/Storage/SQLiteFullTextService.swift,63-73,persistence,direct,yes,Scanned type definition for SQLiteChunk
PageSearchResult,struct,OpenIntelligence/Services/Storage/SQLiteFullTextService.swift,498-508,persistence,direct,yes,Scanned type definition for PageSearchResult
ChunkSearchResult,struct,OpenIntelligence/Services/Storage/SQLiteFullTextService.swift,738-748,persistence,direct,yes,Scanned type definition for ChunkSearchResult
FTS5Statistics,struct,OpenIntelligence/Services/Storage/SQLiteFullTextService.swift,1944-1954,persistence,direct,yes,Scanned type definition for FTS5Statistics
ContainerStat,struct,OpenIntelligence/Services/Storage/SQLiteFullTextService.swift,1956-1966,persistence,direct,yes,Scanned type definition for ContainerStat
DocumentStat,struct,OpenIntelligence/Services/Storage/SQLiteFullTextService.swift,2076-2086,persistence,direct,yes,Scanned type definition for DocumentStat
FTS5IndexInfo,struct,OpenIntelligence/Services/Storage/SQLiteFullTextService.swift,2137-2147,persistence,direct,yes,Scanned type definition for FTS5IndexInfo
DeepDiagnostics,struct,OpenIntelligence/Services/Storage/SQLiteFullTextService.swift,2236-2246,persistence,direct,yes,Scanned type definition for DeepDiagnostics
TableStat,struct,OpenIntelligence/Services/Storage/SQLiteFullTextService.swift,2254-2264,persistence,direct,yes,Scanned type definition for TableStat
TermFrequency,struct,OpenIntelligence/Services/Storage/SQLiteFullTextService.swift,2349-2359,persistence,direct,yes,Scanned type definition for TermFrequency
TermDistribution,struct,OpenIntelligence/Services/Storage/SQLiteFullTextService.swift,2527-2537,persistence,direct,yes,Scanned type definition for TermDistribution
DocumentLengthStat,struct,OpenIntelligence/Services/Storage/SQLiteFullTextService.swift,2581-2591,persistence,direct,yes,Scanned type definition for DocumentLengthStat
SearchPerformanceMetrics,struct,OpenIntelligence/Services/Storage/SQLiteFullTextService.swift,2655-2665,persistence,direct,yes,Scanned type definition for SearchPerformanceMetrics
BNNSVectorDatabase,actor,OpenIntelligence/Services/VectorStore/BNNSVectorDatabase.swift,50-60,persistence,indirect,yes,Scanned type definition for BNNSVectorDatabase
VectorDatabase,protocol,OpenIntelligence/Services/VectorStore/VectorDatabase.swift,13-23,persistence,indirect,yes,Scanned type definition for VectorDatabase
VectorDatabase,extension,OpenIntelligence/Services/VectorStore/VectorDatabase.swift,66-76,persistence,indirect,yes,Scanned type definition for VectorDatabase
VectorDatabaseStats,struct,OpenIntelligence/Services/VectorStore/VectorDatabase.swift,78-88,persistence,indirect,yes,Scanned type definition for VectorDatabaseStats
InMemoryVectorDatabase,class,OpenIntelligence/Services/VectorStore/VectorDatabase.swift,88-98,persistence,indirect,yes,Scanned type definition for InMemoryVectorDatabase
VectorDatabaseError,enum,OpenIntelligence/Services/VectorStore/VectorDatabase.swift,401-411,persistence,indirect,yes,Scanned type definition for VectorDatabaseError
CloudConsentPromptView,struct,OpenIntelligence/UI/Components/CloudConsentPromptView.swift,2-12,routing,indirect,yes,Scanned type definition for CloudConsentPromptView
InfoButtonView,struct,OpenIntelligence/UI/Components/InfoButtonView.swift,8-18,UI,indirect,yes,Scanned type definition for InfoButtonView
IngestionConsoleView,struct,OpenIntelligence/UI/Components/IngestionQueueOverlay.swift,35-45,ingestion,indirect,yes,Scanned type definition for IngestionConsoleView
IngestionConsoleLogRow,struct,OpenIntelligence/UI/Components/IngestionQueueOverlay.swift,150-160,ingestion,indirect,yes,Scanned type definition for IngestionConsoleLogRow
IngestionQueueOverlay,struct,OpenIntelligence/UI/Components/IngestionQueueOverlay.swift,290-300,ingestion,indirect,yes,Scanned type definition for IngestionQueueOverlay
ModelStatusIndicator,struct,OpenIntelligence/UI/Components/ModelStatusIndicator.swift,11-21,UI,direct,yes,Scanned type definition for ModelStatusIndicator
ModelQuickSelector,struct,OpenIntelligence/UI/Components/ModelStatusIndicator.swift,141-151,UI,direct,yes,Scanned type definition for ModelQuickSelector
QuickModelPickerSheet,struct,OpenIntelligence/UI/Components/ModelStatusIndicator.swift,202-212,UI,direct,yes,Scanned type definition for QuickModelPickerSheet
ShadowModifier,struct,OpenIntelligence/UI/DesignSystem/Theme.swift,175-185,UI,indirect,yes,Scanned type definition for ShadowModifier
View,extension,OpenIntelligence/UI/DesignSystem/Theme.swift,896-906,UI,indirect,yes,Scanned type definition for View
IngestionLiveActivityWidget,struct,OpenIntelligenceLiveActivities/IngestionLiveActivityWidget.swift,6-16,ingestion,indirect,yes,Scanned type definition for IngestionLiveActivityWidget
OpenIntelligenceLiveActivitiesBundle,struct,OpenIntelligenceLiveActivities/OpenIntelligenceLiveActivitiesBundle.swift,5-15,model,indirect,yes,Scanned type definition for OpenIntelligenceLiveActivitiesBundle
DummyVectorDatabase,class,OpenIntelligenceTests/Services/RAG/Retrieval/HybridSearchServiceTests.swift,5-15,RAG,indirect,yes,Scanned type definition for DummyVectorDatabase
